date,tournament,status,team,team_code,opponent,opponent_code,is_home,team_score,opponent_score,result,city,country,neutral,team_elo_start,opponent_elo_start,team_elo_end,opponent_elo_end,team_elo_delta
1924-11-16,Friendly,played,Soviet Union,SUN,Turkey,TUR,TRUE,3,0,win,Moscow,Soviet Union,FALSE,1467,1531,1483,1515,16
1925-05-15,Friendly,played,Soviet Union,SUN,Turkey,TUR,FALSE,2,1,win,Ankara,Turkey,FALSE,1483,1533,1497,1519,14
1952-05-24,Friendly,played,Soviet Union,SUN,Hungary,HUN,TRUE,1,1,draw,Moscow,Soviet Union,FALSE,1548,1948,1555,1941,7
1952-05-27,Friendly,played,Soviet Union,SUN,Hungary,HUN,TRUE,2,1,win,Moscow,Soviet Union,FALSE,1555,1941,1572,1924,17
1954-09-08,Friendly,played,Soviet Union,SUN,Sweden,SWE,TRUE,7,0,win,Moscow,Soviet Union,FALSE,1606,1836,1637,1805,31
1954-09-26,Friendly,played,Soviet Union,SUN,Hungary,HUN,TRUE,1,1,draw,Moscow,Soviet Union,FALSE,1637,2191,1646,2182,9
1955-06-26,Friendly,played,Soviet Union,SUN,Sweden,SWE,FALSE,6,0,win,Solna,Sweden,FALSE,1701,1814,1734,1781,33
1955-08-21,Friendly,played,Soviet Union,SUN,Germany,DEU,TRUE,3,2,win,Moscow,Soviet Union,FALSE,,,,,
1955-09-16,Friendly,played,Soviet Union,SUN,India,,TRUE,11,1,win,Moscow,Soviet Union,FALSE,1749,1520,1756,1513,7
1955-09-25,Friendly,played,Soviet Union,SUN,Hungary,HUN,FALSE,1,1,draw,Budapest,Hungary,FALSE,1756,2203,1765,2194,9
1955-10-23,Friendly,played,Soviet Union,SUN,France,FRA,TRUE,2,2,draw,Moscow,Soviet Union,FALSE,1765,1850,1765,1850,0
1956-05-23,Friendly,played,Soviet Union,SUN,Denmark,DNK,TRUE,5,1,win,Moscow,Soviet Union,FALSE,1765,1655,1774,1646,9
1956-07-01,Friendly,played,Soviet Union,SUN,Denmark,DNK,FALSE,5,2,win,Copenhagen,Denmark,FALSE,1774,1625,1789,1610,15
1956-08-05,Friendly,played,Soviet Union,SUN,Lithuania,,TRUE,2,0,win,Moscow,Soviet Union,FALSE,,,,,
1956-08-09,Friendly,played,Soviet Union,SUN,Belarus,,TRUE,5,1,win,Moscow,Soviet Union,FALSE,,,,,
1956-08-11,Friendly,played,Soviet Union,SUN,Belarus,,TRUE,4,2,win,Moscow,Soviet Union,FALSE,,,,,
1956-09-15,Friendly,played,Soviet Union,SUN,Germany,DEU,FALSE,2,1,win,Hanover,Germany,FALSE,,,,,
1956-09-23,Friendly,played,Soviet Union,SUN,Hungary,HUN,TRUE,0,1,loss,Moscow,Soviet Union,FALSE,1820,2118,1815,2123,-5
1956-10-21,Friendly,played,Soviet Union,SUN,France,FRA,FALSE,1,2,loss,Colombes,France,FALSE,1815,1838,1808,1845,-7
1957-06-01,Friendly,played,Soviet Union,SUN,Romania,ROU,TRUE,1,1,draw,Moscow,Soviet Union,FALSE,1876,1622,1868,1630,-8
1957-06-23,FIFA World Cup qualification,played,Soviet Union,SUN,Poland,POL,TRUE,3,0,win,Moscow,Soviet Union,TRUE,1868,1542,1874,1536,6
1957-07-21,Friendly,played,Soviet Union,SUN,Bulgaria,BGR,FALSE,4,0,win,Sofia,Bulgaria,FALSE,1874,1641,1886,1629,12
1957-07-27,FIFA World Cup qualification,played,Soviet Union,SUN,Finland,,TRUE,2,1,win,Moscow,Soviet Union,TRUE,1886,1358,1887,1357,1
1957-08-15,FIFA World Cup qualification,played,Soviet Union,SUN,Finland,,FALSE,10,0,win,Helsinki,Finland,FALSE,1887,1357,1895,1349,8
1957-09-22,Friendly,played,Soviet Union,SUN,Hungary,HUN,FALSE,2,1,win,Budapest,Hungary,FALSE,1895,2102,1912,2085,17
1957-10-20,FIFA World Cup qualification,played,Soviet Union,SUN,Poland,POL,FALSE,1,2,loss,Chorzów,Poland,FALSE,1912,1565,1880,1597,-32
1957-11-24,FIFA World Cup qualification,played,Soviet Union,SUN,Poland,POL,FALSE,2,0,win,Leipzig,German DR,TRUE,1880,1605,1890,1595,10
1958-05-18,Friendly,played,Soviet Union,SUN,England,ENG,TRUE,1,1,draw,Moscow,Soviet Union,FALSE,1892,2016,1893,2015,1
1958-06-08,FIFA World Cup,played,Soviet Union,SUN,England,ENG,FALSE,2,2,draw,Gothenburg,Sweden,TRUE,1893,2015,1903,2005,10
1958-06-11,FIFA World Cup,played,Soviet Union,SUN,Austria,AUT,FALSE,2,0,win,Borås,Sweden,TRUE,1903,1864,1943,1824,40
1958-06-15,FIFA World Cup,played,Soviet Union,SUN,Brazil,BRA,FALSE,0,2,loss,Gothenburg,Sweden,TRUE,1943,2017,1907,2053,-36
1958-06-17,FIFA World Cup,played,Soviet Union,SUN,England,ENG,FALSE,1,0,win,Gothenburg,Sweden,TRUE,1907,1992,1944,1955,37
1958-06-19,FIFA World Cup,played,Soviet Union,SUN,Sweden,SWE,FALSE,0,2,loss,Solna,Sweden,FALSE,1944,1859,1901,1902,-43
1958-08-30,Friendly,played,Soviet Union,SUN,Czechoslovakia,CSK,FALSE,2,1,win,Prague,Czechoslovakia,FALSE,1901,1901,1914,1888,13
1958-09-28,UEFA Euro qualification,played,Soviet Union,SUN,Hungary,HUN,TRUE,3,1,win,Moscow,Soviet Union,FALSE,1914,1991,1942,1963,28
1958-10-22,Friendly,played,Soviet Union,SUN,England,ENG,FALSE,0,5,loss,London,England,FALSE,1942,1950,1928,1964,-14
1959-09-06,Friendly,played,Soviet Union,SUN,Czechoslovakia,CSK,TRUE,3,1,win,Moscow,Soviet Union,FALSE,1909,1853,1918,1844,9
1959-09-27,UEFA Euro qualification,played,Soviet Union,SUN,Hungary,HUN,FALSE,1,0,win,Budapest,Hungary,FALSE,1918,1995,1947,1966,29
1959-10-03,Friendly,played,Soviet Union,SUN,China PR,,FALSE,1,0,win,Beijing,China PR,FALSE,,,,,
1960-05-19,Friendly,played,Soviet Union,SUN,Poland,POL,TRUE,7,1,win,Moscow,Soviet Union,FALSE,1939,1609,1942,1606,3
1960-07-06,UEFA Euro,played,Soviet Union,SUN,Czechoslovakia,CSK,FALSE,3,0,win,Marseille,France,TRUE,1942,1902,1981,1863,39
1960-07-10,UEFA Euro,played,Soviet Union,SUN,Yugoslavia,YUG,TRUE,2,1,win,Paris,France,TRUE,1981,1921,2002,1900,21
1960-08-17,Friendly,played,Soviet Union,SUN,German DR,DDR,FALSE,1,0,win,Leipzig,German DR,FALSE,2002,1481,2004,1479,2
1960-09-04,Friendly,played,Soviet Union,SUN,Austria,AUT,FALSE,1,3,loss,Vienna,Austria,FALSE,2004,1806,1985,1825,-19
1961-05-21,Friendly,played,Soviet Union,SUN,Poland,POL,FALSE,0,1,loss,Warsaw,Poland,FALSE,1985,1650,1969,1666,-16
1961-06-18,FIFA World Cup qualification,played,Soviet Union,SUN,Turkey,TUR,TRUE,1,0,win,Moscow,Soviet Union,TRUE,1969,1727,1974,1722,5
1961-06-24,Friendly,played,Soviet Union,SUN,Argentina,ARG,TRUE,0,0,draw,Moscow,Soviet Union,FALSE,1974,1982,1971,1985,-3
1961-07-01,FIFA World Cup qualification,played,Soviet Union,SUN,Norway,NOR,TRUE,5,2,win,Moscow,Soviet Union,TRUE,1971,1488,1973,1486,2
1961-08-23,FIFA World Cup qualification,played,Soviet Union,SUN,Norway,NOR,FALSE,3,0,win,Oslo,Norway,FALSE,1973,1486,1980,1479,7
1961-09-10,Friendly,played,Soviet Union,SUN,Austria,AUT,TRUE,0,1,loss,Moscow,Soviet Union,FALSE,1980,1894,1965,1909,-15
1961-11-12,FIFA World Cup qualification,played,Soviet Union,SUN,Turkey,TUR,FALSE,2,1,win,Istanbul,Turkey,FALSE,1965,1717,1977,1705,12
1961-11-18,Friendly,played,Soviet Union,SUN,Argentina,ARG,FALSE,2,1,win,Buenos Aires,Argentina,FALSE,1977,1988,1990,1975,13
1961-11-22,Friendly,played,Soviet Union,SUN,Chile,CHL,FALSE,1,0,win,Santiago,Chile,FALSE,1990,1715,1995,1710,5
1961-11-29,Friendly,played,Soviet Union,SUN,Uruguay,URY,FALSE,2,1,win,Montevideo,Uruguay,FALSE,1995,1935,2006,1924,11
1962-04-11,Friendly,played,Soviet Union,SUN,Luxembourg,,FALSE,3,1,win,Luxembourg,Luxembourg,FALSE,2006,1314,2007,1313,1
1962-04-18,Friendly,played,Soviet Union,SUN,Sweden,SWE,FALSE,2,0,win,Solna,Sweden,FALSE,2007,1892,2021,1878,14
1962-04-27,Friendly,played,Soviet Union,SUN,Uruguay,URY,TRUE,5,0,win,Moscow,Soviet Union,FALSE,2021,1902,2030,1893,9
1962-05-03,Friendly,played,Soviet Union,SUN,German DR,DDR,TRUE,2,1,win,Moscow,Soviet Union,FALSE,2030,1510,2031,1509,1
1962-05-31,FIFA World Cup,played,Soviet Union,SUN,Yugoslavia,YUG,TRUE,2,0,win,Arica,Chile,TRUE,2031,1983,2070,1944,39
1962-06-03,FIFA World Cup,played,Soviet Union,SUN,Colombia,COL,FALSE,4,4,draw,Arica,Chile,TRUE,2070,1436,2042,1464,-28
1962-06-06,FIFA World Cup,played,Soviet Union,SUN,Uruguay,URY,TRUE,2,1,win,Arica,Chile,TRUE,2042,1869,2058,1853,16
1962-06-10,FIFA World Cup,played,Soviet Union,SUN,Chile,CHL,FALSE,1,2,loss,Arica,Chile,FALSE,2058,1771,2013,1816,-45
1963-05-22,Friendly,played,Soviet Union,SUN,Sweden,SWE,TRUE,0,1,loss,Moscow,Soviet Union,FALSE,2014,1886,1998,1902,-16
1963-09-22,Friendly,played,Soviet Union,SUN,Hungary,HUN,TRUE,1,1,draw,Moscow,Soviet Union,FALSE,1998,1983,1995,1986,-3
1963-10-13,UEFA Euro qualification,played,Soviet Union,SUN,Italy,ITA,TRUE,2,0,win,Moscow,Soviet Union,FALSE,1995,1942,2013,1924,18
1963-11-10,UEFA Euro qualification,played,Soviet Union,SUN,Italy,ITA,FALSE,1,1,draw,Rome,Italy,FALSE,2013,1924,2014,1923,1
1963-12-01,Friendly,played,Soviet Union,SUN,Morocco,MAR,FALSE,1,1,draw,Casablanca,Morocco,FALSE,2014,1643,2007,1650,-7
1964-05-13,UEFA Euro qualification,played,Soviet Union,SUN,Sweden,SWE,FALSE,1,1,draw,Solna,Sweden,FALSE,2007,1910,2007,1910,0
1964-05-20,Friendly,played,Soviet Union,SUN,Uruguay,URY,TRUE,1,0,win,Moscow,Soviet Union,FALSE,2007,1867,2011,1863,4
1964-05-27,UEFA Euro qualification,played,Soviet Union,SUN,Sweden,SWE,TRUE,3,1,win,Moscow,Soviet Union,FALSE,2011,1910,2025,1896,14
1964-06-17,UEFA Euro,played,Soviet Union,SUN,Denmark,DNK,FALSE,3,0,win,Barcelona,Spain,TRUE,2025,1676,2035,1666,10
1964-06-21,UEFA Euro,played,Soviet Union,SUN,Spain,ESP,FALSE,1,2,loss,Madrid,Spain,FALSE,2035,1913,2008,1940,-27
1964-10-11,Friendly,played,Soviet Union,SUN,Austria,AUT,FALSE,0,1,loss,Vienna,Austria,FALSE,2002,1805,1989,1818,-13
1964-11-04,Friendly,played,Soviet Union,SUN,Algeria,DZA,FALSE,2,2,draw,Algiers,Algeria,FALSE,1989,1749,1985,1753,-4
1964-11-22,Friendly,played,Soviet Union,SUN,Yugoslavia,YUG,FALSE,1,1,draw,Belgrade,Yugoslavia,FALSE,1985,1858,1984,1859,-1
1964-11-29,Friendly,played,Soviet Union,SUN,Bulgaria,BGR,FALSE,0,0,draw,Sofia,Bulgaria,FALSE,1984,1719,1980,1723,-4
1965-05-16,Friendly,played,Soviet Union,SUN,Austria,AUT,TRUE,0,0,draw,Moscow,Soviet Union,FALSE,1980,1811,1974,1817,-6
1965-05-23,FIFA World Cup qualification,played,Soviet Union,SUN,Greece,GRC,TRUE,3,1,win,Moscow,Soviet Union,TRUE,1974,1534,1977,1531,3
1965-05-30,FIFA World Cup qualification,played,Soviet Union,SUN,Wales,WAL,TRUE,2,1,win,Moscow,Soviet Union,TRUE,1977,1737,1982,1732,5
1965-06-27,FIFA World Cup qualification,played,Soviet Union,SUN,Denmark,DNK,TRUE,6,0,win,Moscow,Soviet Union,TRUE,1982,1655,1989,1648,7
1965-07-04,Friendly,played,Soviet Union,SUN,Brazil,BRA,TRUE,0,3,loss,Moscow,Soviet Union,FALSE,1989,1973,1966,1996,-23
1965-09-04,Friendly,played,Soviet Union,SUN,Yugoslavia,YUG,TRUE,0,0,draw,Moscow,Soviet Union,FALSE,1967,1812,1961,1818,-6
1965-10-03,FIFA World Cup qualification,played,Soviet Union,SUN,Greece,GRC,FALSE,4,1,win,Piraeus,Greece,FALSE,1961,1531,1970,1522,9
1965-10-17,FIFA World Cup qualification,played,Soviet Union,SUN,Denmark,DNK,FALSE,3,1,win,Copenhagen,Denmark,FALSE,1970,1653,1983,1640,13
1965-10-27,FIFA World Cup qualification,played,Soviet Union,SUN,Wales,WAL,FALSE,1,2,loss,Cardiff,Wales,FALSE,1983,1738,1955,1766,-28
1965-11-21,Friendly,played,Soviet Union,SUN,Brazil,BRA,FALSE,2,2,draw,Rio de Janeiro,Brazil,FALSE,1962,2004,1966,2000,4
1965-12-01,Friendly,played,Soviet Union,SUN,Argentina,ARG,FALSE,1,1,draw,Buenos Aires,Argentina,FALSE,1969,1999,1973,1995,4
1965-12-04,Friendly,played,Soviet Union,SUN,Uruguay,URY,FALSE,3,1,win,Montevideo,Uruguay,FALSE,1973,1864,1988,1849,15
1966-02-23,Friendly,played,Soviet Union,SUN,Chile,CHL,FALSE,2,0,win,Santiago,Chile,FALSE,1993,1774,2003,1764,10
1966-04-01,Friendly,played,Soviet Union,SUN,Montenegro,,FALSE,1,0,win,Titograd,Yugoslavia,FALSE,1990,1671,1994,1667,4
1966-04-20,Friendly,played,Soviet Union,SUN,Switzerland,CHE,FALSE,2,2,draw,Basel,Switzerland,FALSE,1994,1650,1988,1656,-6
1966-04-24,Friendly,played,Soviet Union,SUN,Austria,AUT,FALSE,1,0,win,Vienna,Austria,FALSE,1988,1774,1995,1767,7
1966-05-18,Friendly,played,Soviet Union,SUN,Czechoslovakia,CSK,FALSE,2,1,win,Prague,Czechoslovakia,FALSE,1995,1909,2005,1899,10
1966-05-22,Friendly,played,Soviet Union,SUN,Belgium,BEL,FALSE,1,0,win,Brussels,Belgium,FALSE,2005,1770,2011,1764,6
1966-06-05,Friendly,played,Soviet Union,SUN,France,FRA,TRUE,3,3,draw,Moscow,Soviet Union,FALSE,2011,1751,2003,1759,-8
1966-07-12,FIFA World Cup,played,Soviet Union,SUN,North Korea,PRK,FALSE,3,0,win,Middlesbrough,England,TRUE,2003,1778,2026,1755,23
1966-07-16,FIFA World Cup,played,Soviet Union,SUN,Italy,ITA,FALSE,1,0,win,Sunderland,England,TRUE,2026,1998,2054,1970,28
1966-07-20,FIFA World Cup,played,Soviet Union,SUN,Chile,CHL,FALSE,2,1,win,Sunderland,England,TRUE,2054,1735,2062,1727,8
1966-07-23,FIFA World Cup,played,Soviet Union,SUN,Hungary,HUN,FALSE,2,1,win,Sunderland,England,TRUE,2062,1977,2085,1954,23
1966-07-25,FIFA World Cup,played,Soviet Union,SUN,Germany,DEU,FALSE,1,2,loss,Liverpool,England,TRUE,,,,,
1966-07-28,FIFA World Cup,played,Soviet Union,SUN,Portugal,PRT,FALSE,1,2,loss,London,England,TRUE,2051,1983,2015,2019,-36
1966-09-18,Friendly,played,Soviet Union,SUN,Yugoslavia,YUG,FALSE,2,1,win,Belgrade,Yugoslavia,FALSE,2015,1793,2022,1786,7
1966-10-16,Friendly,played,Soviet Union,SUN,Turkey,TUR,TRUE,0,2,loss,Moscow,Soviet Union,FALSE,2022,1626,1994,1654,-28
1966-10-23,Friendly,played,Soviet Union,SUN,German DR,DDR,TRUE,2,2,draw,Moscow,Soviet Union,FALSE,1994,1780,1987,1787,-7
1966-11-01,Friendly,played,Soviet Union,SUN,Italy,ITA,FALSE,0,1,loss,Milan,Italy,FALSE,1987,1923,1978,1932,-9
1967-05-10,Friendly,played,Soviet Union,SUN,Scotland,SCO,FALSE,2,0,win,Glasgow,Scotland,FALSE,1961,1847,1975,1833,14
1967-05-28,Friendly,played,Soviet Union,SUN,Mexico,MEX,TRUE,2,0,win,Leningrad,Soviet Union,FALSE,1975,1806,1980,1801,5
1967-06-03,Friendly,played,Soviet Union,SUN,France,FRA,FALSE,4,2,win,Paris,France,FALSE,1963,1731,1973,1721,10
1967-06-11,UEFA Euro qualification,played,Soviet Union,SUN,Austria,AUT,TRUE,4,3,win,Moscow,Soviet Union,FALSE,1973,1742,1978,1737,5
1967-07-16,UEFA Euro qualification,played,Soviet Union,SUN,Greece,GRC,TRUE,4,0,win,Tbilisi,Soviet Union,FALSE,1978,1552,1981,1549,3
1967-08-30,UEFA Euro qualification,played,Soviet Union,SUN,Finland,,TRUE,2,0,win,Moscow,Soviet Union,FALSE,1997,1443,1998,1442,1
1967-09-06,UEFA Euro qualification,played,Soviet Union,SUN,Finland,,FALSE,5,2,win,Turku,Finland,FALSE,1998,1442,2003,1437,5
1967-10-01,Friendly,played,Soviet Union,SUN,Switzerland,CHE,TRUE,2,2,draw,Moscow,Soviet Union,FALSE,2003,1668,1995,1676,-8
1967-10-08,Friendly,played,Soviet Union,SUN,Bulgaria,BGR,FALSE,2,1,win,Sofia,Bulgaria,FALSE,1995,1788,2002,1781,7
1967-10-15,UEFA Euro qualification,played,Soviet Union,SUN,Austria,AUT,FALSE,0,1,loss,Vienna,Austria,FALSE,2002,1689,1971,1720,-31
1967-10-31,UEFA Euro qualification,played,Soviet Union,SUN,Greece,GRC,FALSE,1,0,win,Piraeus,Greece,FALSE,1971,1592,1978,1585,7
1967-11-29,Friendly,played,Soviet Union,SUN,Netherlands,NLD,FALSE,1,3,loss,Rotterdam,Netherlands,FALSE,1978,1672,1955,1695,-23
1967-12-06,Friendly,played,Soviet Union,SUN,England,ENG,FALSE,2,2,draw,London,England,FALSE,1955,2080,1961,2074,6
1967-12-16,Friendly,played,Soviet Union,SUN,Chile,CHL,FALSE,4,1,win,Santiago,Chile,FALSE,,,,,
1968-03-03,Friendly,played,Soviet Union,SUN,Mexico,MEX,FALSE,0,0,draw,Mexico City,Mexico,FALSE,1974,1830,1973,1831,-1
1968-03-07,Friendly,played,Soviet Union,SUN,Mexico,MEX,FALSE,1,1,draw,León,Mexico,FALSE,1973,1831,1972,1832,-1
1968-03-10,Friendly,played,Soviet Union,SUN,Mexico,MEX,FALSE,0,0,draw,Mexico City,Mexico,FALSE,1972,1832,1971,1833,-1
1968-04-24,Friendly,played,Soviet Union,SUN,Belgium,BEL,TRUE,1,0,win,Moscow,Soviet Union,FALSE,1971,1731,1973,1729,2
1968-05-04,UEFA Euro qualification,played,Soviet Union,SUN,Hungary,HUN,FALSE,0,2,loss,Budapest,Hungary,FALSE,1973,1987,1953,2007,-20
1968-05-11,UEFA Euro qualification,played,Soviet Union,SUN,Hungary,HUN,TRUE,3,0,win,Moscow,Soviet Union,FALSE,1953,2007,1983,1977,30
1968-06-05,UEFA Euro,played,Soviet Union,SUN,Italy,ITA,FALSE,0,0,draw,Naples,Italy,FALSE,1983,1962,1989,1956,6
1968-06-08,UEFA Euro,played,Soviet Union,SUN,England,ENG,FALSE,0,2,loss,Rome,Italy,TRUE,1989,2039,1957,2071,-32
1968-06-16,Friendly,played,Soviet Union,SUN,Austria,AUT,TRUE,3,1,win,Leningrad,Soviet Union,FALSE,1957,1708,1961,1704,4
1968-08-01,Friendly,played,Soviet Union,SUN,Sweden,SWE,FALSE,2,2,draw,Gothenburg,Sweden,FALSE,1963,1732,1959,1736,-4
1969-02-20,Friendly,played,Soviet Union,SUN,Colombia,COL,FALSE,3,1,win,Bogotá,Colombia,FALSE,1946,1432,1949,1429,3
1969-07-25,Friendly,played,Soviet Union,SUN,German DR,DDR,FALSE,2,2,draw,Leipzig,German DR,FALSE,1942,1869,1943,1868,1
1969-08-06,Friendly,played,Soviet Union,SUN,Sweden,SWE,TRUE,0,1,loss,Moscow,Soviet Union,FALSE,1943,1814,1927,1830,-16
1969-09-10,FIFA World Cup qualification,played,Soviet Union,SUN,Northern Ireland,NIR,FALSE,0,0,draw,Belfast,Northern Ireland,FALSE,1920,1744,1916,1748,-4
1969-09-24,Friendly,played,Soviet Union,SUN,Yugoslavia,YUG,FALSE,3,1,win,Belgrade,Yugoslavia,FALSE,1916,1823,1931,1808,15
1969-10-15,FIFA World Cup qualification,played,Soviet Union,SUN,Turkey,TUR,TRUE,3,0,win,Kyiv,Soviet Union,TRUE,1931,1629,1937,1623,6
1969-10-22,FIFA World Cup qualification,played,Soviet Union,SUN,Northern Ireland,NIR,TRUE,2,0,win,Moscow,Soviet Union,TRUE,1937,1748,1947,1738,10
1969-11-16,FIFA World Cup qualification,played,Soviet Union,SUN,Turkey,TUR,FALSE,3,1,win,Istanbul,Turkey,FALSE,1953,1623,1966,1610,13
1970-02-14,Friendly,played,Soviet Union,SUN,Peru,PER,FALSE,0,0,draw,Lima,Peru,FALSE,1934,1708,1931,1711,-3
1970-02-20,Friendly,played,Soviet Union,SUN,Peru,PER,FALSE,2,0,win,Lima,Peru,FALSE,1931,1711,1941,1701,10
1970-02-22,Friendly,played,Soviet Union,SUN,El Salvador,SLV,FALSE,2,0,win,San Salvador,El Salvador,FALSE,1941,1552,1946,1547,5
1970-02-26,Friendly,played,Soviet Union,SUN,Mexico,MEX,FALSE,0,0,draw,Mexico City,Mexico,FALSE,1946,1694,1942,1698,-4
1970-05-05,Friendly,played,Soviet Union,SUN,Bulgaria,BGR,FALSE,3,3,draw,Sofia,Bulgaria,FALSE,1937,1823,1937,1823,0
1970-05-06,Friendly,played,Soviet Union,SUN,Bulgaria,BGR,FALSE,0,0,draw,Sofia,Bulgaria,FALSE,1937,1823,1937,1823,0
1970-05-31,FIFA World Cup,played,Soviet Union,SUN,Mexico,MEX,FALSE,0,0,draw,Mexico City,Mexico,FALSE,1937,1703,1926,1714,-11
1970-06-06,FIFA World Cup,played,Soviet Union,SUN,Belgium,BEL,FALSE,4,1,win,Mexico City,Mexico,TRUE,1926,1800,1960,1766,34
1970-06-10,FIFA World Cup,played,Soviet Union,SUN,El Salvador,SLV,FALSE,2,0,win,Mexico City,Mexico,TRUE,1960,1496,1966,1490,6
1970-06-14,FIFA World Cup,played,Soviet Union,SUN,Uruguay,URY,TRUE,0,1,loss,Mexico City,Mexico,TRUE,1966,1864,1927,1903,-39
1970-10-28,Friendly,played,Soviet Union,SUN,Yugoslavia,YUG,TRUE,4,0,win,Moscow,Soviet Union,FALSE,1931,1843,1940,1834,9
1970-11-15,UEFA Euro qualification,played,Soviet Union,SUN,Cyprus,,FALSE,3,1,win,Nicosia,Cyprus,FALSE,1940,1362,1944,1358,4
1971-02-17,Friendly,played,Soviet Union,SUN,Mexico,MEX,FALSE,0,0,draw,Guadalajara,Mexico,FALSE,1944,1732,1941,1735,-3
1971-02-20,Friendly,played,Soviet Union,SUN,Mexico,MEX,FALSE,0,0,draw,Mexico City,Mexico,FALSE,,,,,
1971-02-28,Friendly,played,Soviet Union,SUN,El Salvador,SLV,FALSE,1,0,win,San Salvador,El Salvador,FALSE,1938,1490,1940,1488,2
1971-04-28,Friendly,played,Soviet Union,SUN,Bulgaria,BGR,FALSE,1,1,draw,Sofia,Bulgaria,FALSE,1940,1743,1937,1746,-3
1971-05-30,UEFA Euro qualification,played,Soviet Union,SUN,Spain,ESP,TRUE,2,1,win,Moscow,Soviet Union,FALSE,1940,1874,1951,1863,11
1971-06-07,UEFA Euro qualification,played,Soviet Union,SUN,Cyprus,,TRUE,6,1,win,Moscow,Soviet Union,FALSE,1951,1335,1952,1334,1
1971-06-14,Friendly,played,Soviet Union,SUN,Scotland,SCO,TRUE,1,0,win,Moscow,Soviet Union,FALSE,1952,1725,1955,1722,3
1971-09-18,Friendly,played,Soviet Union,SUN,India,,TRUE,5,0,win,Moscow,Soviet Union,FALSE,1955,1355,1956,1354,1
1971-09-22,UEFA Euro qualification,played,Soviet Union,SUN,Northern Ireland,NIR,TRUE,1,0,win,Moscow,Soviet Union,FALSE,1957,1738,1962,1733,5
1971-10-13,UEFA Euro qualification,played,Soviet Union,SUN,Northern Ireland,NIR,FALSE,1,1,draw,Belfast,Northern Ireland,FALSE,1962,1733,1955,1740,-7
1971-10-27,UEFA Euro qualification,played,Soviet Union,SUN,Spain,ESP,FALSE,0,0,draw,Seville,Spain,FALSE,1955,1863,1955,1863,0
1972-03-29,Friendly,played,Soviet Union,SUN,Bulgaria,BGR,FALSE,1,1,draw,Sofia,Bulgaria,FALSE,1955,1793,1953,1795,-2
1972-04-19,Friendly,played,Soviet Union,SUN,Peru,PER,TRUE,2,0,win,Kyiv,Soviet Union,FALSE,1953,1720,1957,1716,4
1972-04-30,UEFA Euro qualification,played,Soviet Union,SUN,Yugoslavia,YUG,FALSE,0,0,draw,Belgrade,Yugoslavia,FALSE,1957,1865,1957,1865,0
1972-05-13,UEFA Euro qualification,played,Soviet Union,SUN,Yugoslavia,YUG,TRUE,3,0,win,Moscow,Soviet Union,FALSE,1957,1865,1974,1848,17
1972-05-26,Friendly,played,Soviet Union,SUN,Germany,DEU,FALSE,1,4,loss,Munich,Germany,FALSE,,,,,
1972-06-07,Friendly,played,Soviet Union,SUN,Bulgaria,BGR,TRUE,1,0,win,Moscow,Soviet Union,FALSE,1966,1788,1969,1785,3
1972-06-14,UEFA Euro,played,Soviet Union,SUN,Hungary,HUN,FALSE,1,0,win,Brussels,Belgium,TRUE,1969,1936,1992,1913,23
1972-06-18,UEFA Euro,played,Soviet Union,SUN,Germany,DEU,FALSE,0,3,loss,Brussels,Belgium,TRUE,,,,,
1972-06-29,Brazil Independence Cup,played,Soviet Union,SUN,Uruguay,URY,FALSE,1,0,win,São Paulo,Brazil,TRUE,1963,1812,1975,1800,12
1972-07-02,Brazil Independence Cup,played,Soviet Union,SUN,Argentina,ARG,FALSE,0,1,loss,Belo Horizonte,Brazil,TRUE,1975,1849,1948,1876,-27
1972-07-06,Brazil Independence Cup,played,Soviet Union,SUN,Portugal,PRT,FALSE,0,1,loss,Belo Horizonte,Brazil,TRUE,1948,1892,1925,1915,-23
1972-07-16,Friendly,played,Soviet Union,SUN,Finland,,FALSE,1,1,draw,Vaasa,Finland,FALSE,1925,1401,1917,1409,-8
1972-08-06,Friendly,played,Soviet Union,SUN,Sweden,SWE,FALSE,4,4,draw,Solna,Sweden,FALSE,1917,1817,1917,1817,0
1972-10-13,FIFA World Cup qualification,played,Soviet Union,SUN,France,FRA,FALSE,0,1,loss,Paris,France,FALSE,1943,1798,1920,1821,-23
1972-10-18,FIFA World Cup qualification,played,Soviet Union,SUN,Republic of Ireland,IRL,FALSE,2,1,win,Dublin,Republic of Ireland,FALSE,,,,,
1973-03-28,Friendly,played,Soviet Union,SUN,Bulgaria,BGR,FALSE,0,1,loss,Plovdiv,Bulgaria,FALSE,1927,1855,1918,1864,-9
1973-04-18,Friendly,played,Soviet Union,SUN,Romania,ROU,TRUE,2,0,win,Kyiv,Soviet Union,FALSE,1918,1787,1924,1781,6
1973-05-13,FIFA World Cup qualification,played,Soviet Union,SUN,Republic of Ireland,IRL,TRUE,1,0,win,Moscow,Soviet Union,TRUE,,,,,
1973-05-26,FIFA World Cup qualification,played,Soviet Union,SUN,France,FRA,TRUE,2,0,win,Moscow,Soviet Union,TRUE,1927,1769,1938,1758,11
1973-06-10,Friendly,played,Soviet Union,SUN,England,ENG,TRUE,1,2,loss,Moscow,Soviet Union,FALSE,1938,1992,1927,2003,-11
1973-06-21,Friendly,played,Soviet Union,SUN,Brazil,BRA,TRUE,0,1,loss,Moscow,Soviet Union,FALSE,1927,2137,1920,2144,-7
1973-08-05,Friendly,played,Soviet Union,SUN,Sweden,SWE,TRUE,0,0,draw,Moscow,Soviet Union,FALSE,1920,1863,1916,1867,-4
1973-09-05,Friendly,played,Soviet Union,SUN,Germany,DEU,TRUE,0,1,loss,Moscow,Soviet Union,FALSE,,,,,
1973-09-26,FIFA World Cup qualification,played,Soviet Union,SUN,Chile,CHL,TRUE,0,0,draw,Moscow,Soviet Union,TRUE,1908,1776,1896,1788,-12
1973-10-17,Friendly,played,Soviet Union,SUN,German DR,DDR,FALSE,0,1,loss,Leipzig,German DR,FALSE,1896,1880,1888,1888,-8
1973-11-21,FIFA World Cup qualification,played,Soviet Union,SUN,Chile,CHL,FALSE,0,2,loss,Santiago,Chile,FALSE,,,,,
1974-04-17,Friendly,played,Soviet Union,SUN,Yugoslavia,YUG,FALSE,1,0,win,Zenica,Yugoslavia,FALSE,1888,1961,1903,1946,15
1974-05-20,Friendly,played,Soviet Union,SUN,Czechoslovakia,CSK,TRUE,0,1,loss,Odessa,Soviet Union,FALSE,1903,1837,1889,1851,-14
1974-10-30,UEFA Euro qualification,played,Soviet Union,SUN,Republic of Ireland,IRL,FALSE,0,3,loss,Dublin,Republic of Ireland,FALSE,,,,,
1975-04-02,UEFA Euro qualification,played,Soviet Union,SUN,Turkey,TUR,TRUE,3,0,win,Kyiv,Soviet Union,FALSE,1846,1668,1858,1656,12
1975-05-18,UEFA Euro qualification,played,Soviet Union,SUN,Republic of Ireland,IRL,TRUE,2,1,win,Kyiv,Soviet Union,FALSE,,,,,
1975-06-08,Friendly,played,Soviet Union,SUN,Italy,ITA,TRUE,1,0,win,Moscow,Soviet Union,FALSE,1865,1945,1874,1936,9
1975-10-12,UEFA Euro qualification,played,Soviet Union,SUN,Switzerland,CHE,FALSE,1,0,win,Zürich,Switzerland,FALSE,1871,1690,1886,1675,15
1975-11-12,UEFA Euro qualification,played,Soviet Union,SUN,Switzerland,CHE,TRUE,4,1,win,Kyiv,Soviet Union,FALSE,1886,1675,1896,1665,10
1975-11-23,UEFA Euro qualification,played,Soviet Union,SUN,Turkey,TUR,FALSE,0,1,loss,İzmir,Turkey,FALSE,1896,1644,1868,1672,-28
1975-11-29,Friendly,played,Soviet Union,SUN,Romania,ROU,FALSE,2,2,draw,Bucharest,Romania,FALSE,1868,1840,1870,1838,2
1976-02-07,Friendly,played,Soviet Union,SUN,Montenegro,,FALSE,1,2,loss,Podgorica,Yugoslavia,FALSE,1870,1664,1857,1677,-13
1976-03-10,Friendly,played,Soviet Union,SUN,Czechoslovakia,CSK,FALSE,2,2,draw,Košice,Czechoslovakia,FALSE,1857,1904,1861,1900,4
1976-03-20,Friendly,played,Soviet Union,SUN,Argentina,ARG,TRUE,0,1,loss,Kyiv,Soviet Union,FALSE,1861,1871,1848,1884,-13
1976-03-24,Friendly,played,Soviet Union,SUN,Bulgaria,BGR,FALSE,3,0,win,Sofia,Bulgaria,FALSE,1848,1802,1868,1782,20
1976-04-24,UEFA Euro qualification,played,Soviet Union,SUN,Czechoslovakia,CSK,FALSE,0,2,loss,Bratislava,Czechoslovakia,FALSE,1868,1905,1849,1924,-19
1976-05-22,UEFA Euro qualification,played,Soviet Union,SUN,Czechoslovakia,CSK,TRUE,2,2,draw,Kyiv,Soviet Union,FALSE,1849,1924,1848,1925,-1
1976-05-26,Friendly,played,Soviet Union,SUN,Hungary,HUN,FALSE,1,1,draw,Budapest,Hungary,FALSE,1848,1849,1851,1846,3
1976-06-06,Friendly,played,Soviet Union,SUN,Catalonia,,FALSE,1,1,draw,Barcelona,Spain,FALSE,,,,,
1976-06-23,Friendly,played,Soviet Union,SUN,Austria,AUT,FALSE,2,1,win,Vienna,Austria,FALSE,1851,1796,1862,1785,11
1976-11-28,Friendly,played,Soviet Union,SUN,Argentina,ARG,FALSE,0,0,draw,Buenos Aires,Argentina,FALSE,1872,1926,1876,1922,4
1976-12-01,Friendly,played,Soviet Union,SUN,Brazil,BRA,FALSE,0,2,loss,Rio de Janeiro,Brazil,FALSE,1876,2087,1872,2091,-4
1977-03-20,Friendly,played,Soviet Union,SUN,Tunisia,TUN,FALSE,3,0,win,Tunis,Tunisia,FALSE,1872,1612,1882,1602,10
1977-03-23,Friendly,played,Soviet Union,SUN,Yugoslavia,YUG,FALSE,4,2,win,Belgrade,Yugoslavia,FALSE,1882,1860,1900,1842,18
1977-04-24,FIFA World Cup qualification,played,Soviet Union,SUN,Greece,GRC,TRUE,2,0,win,Moscow,Soviet Union,TRUE,1900,1631,1906,1625,6
1977-04-30,FIFA World Cup qualification,played,Soviet Union,SUN,Hungary,HUN,FALSE,1,2,loss,Budapest,Hungary,FALSE,1906,1891,1891,1906,-15
1977-05-10,FIFA World Cup qualification,played,Soviet Union,SUN,Greece,GRC,FALSE,0,1,loss,Salonica,Greece,FALSE,1891,1625,1862,1654,-29
1977-05-18,FIFA World Cup qualification,played,Soviet Union,SUN,Hungary,HUN,TRUE,2,0,win,Tbilisi,Soviet Union,TRUE,1862,1906,1887,1881,25
1977-07-28,Friendly,played,Soviet Union,SUN,German DR,DDR,FALSE,1,2,loss,Leipzig,German DR,FALSE,1887,1956,1882,1961,-5
1977-09-07,Friendly,played,Soviet Union,SUN,Poland,POL,TRUE,4,1,win,Volgograd,Soviet Union,FALSE,1882,1926,1897,1911,15
1977-10-05,Friendly,played,Soviet Union,SUN,Netherlands,NLD,FALSE,0,0,draw,Rotterdam,Netherlands,FALSE,1897,2071,1904,2064,7
1977-10-08,Friendly,played,Soviet Union,SUN,France,FRA,FALSE,0,0,draw,Paris,France,FALSE,1904,1838,1905,1837,1
1978-02-26,Friendly,played,Soviet Union,SUN,Morocco,MAR,FALSE,3,2,win,Marrakech,Morocco,FALSE,1905,1664,1911,1658,6
1978-03-02,Friendly,played,Soviet Union,SUN,Basque Country,,FALSE,0,0,draw,Bilbao,Spain,FALSE,,,,,
1978-03-08,Friendly,played,Soviet Union,SUN,Germany,DEU,FALSE,0,1,loss,Frankfurt am Main,Germany,FALSE,,,,,
1978-04-05,Friendly,played,Soviet Union,SUN,Finland,,TRUE,10,2,win,Yerevan,Soviet Union,FALSE,1908,1450,1910,1448,2
1978-05-14,Friendly,played,Soviet Union,SUN,Romania,ROU,FALSE,1,0,win,Bucharest,Romania,FALSE,1910,1854,1921,1843,11
1978-09-06,Friendly,played,Soviet Union,SUN,Iran,IRN,FALSE,1,0,win,Tehran,Iran,FALSE,1921,1749,1929,1741,8
1978-09-20,UEFA Euro qualification,played,Soviet Union,SUN,Greece,GRC,TRUE,2,0,win,Yerevan,Soviet Union,FALSE,1929,1635,1935,1629,6
1978-10-05,Friendly,played,Soviet Union,SUN,Turkey,TUR,FALSE,2,0,win,Ankara,Turkey,FALSE,1935,1650,1943,1642,8
1978-10-11,UEFA Euro qualification,played,Soviet Union,SUN,Hungary,HUN,FALSE,0,2,loss,Budapest,Hungary,FALSE,1943,1775,1907,1811,-36
1978-11-19,Friendly,played,Soviet Union,SUN,Japan,JPN,FALSE,4,1,win,Tokyo,Japan,FALSE,1907,1425,1910,1422,3
1978-11-23,Friendly,played,Soviet Union,SUN,Japan,JPN,FALSE,4,1,win,Tokyo,Japan,FALSE,1910,1422,1913,1419,3
1978-11-26,Friendly,played,Soviet Union,SUN,Japan,JPN,FALSE,3,0,win,Osaka,Japan,FALSE,1913,1419,1916,1416,3
1979-03-28,Friendly,played,Soviet Union,SUN,Bulgaria,BGR,TRUE,3,1,win,Simferopol,Soviet Union,FALSE,1916,1737,1921,1732,5
1979-04-19,Friendly,played,Soviet Union,SUN,Sweden,SWE,TRUE,2,0,win,Tbilisi,Soviet Union,FALSE,1929,1739,1934,1734,5
1979-05-05,Friendly,played,Soviet Union,SUN,Czechoslovakia,CSK,TRUE,3,0,win,Moscow,Soviet Union,FALSE,1934,1937,1947,1924,13
1979-05-19,UEFA Euro qualification,played,Soviet Union,SUN,Hungary,HUN,TRUE,2,2,draw,Tbilisi,Soviet Union,FALSE,1947,1791,1934,1804,-13
1979-06-27,Friendly,played,Soviet Union,SUN,Denmark,DNK,FALSE,2,1,win,Copenhagen,Denmark,FALSE,1934,1664,1939,1659,5
1979-07-04,UEFA Euro qualification,played,Soviet Union,SUN,Finland,,FALSE,1,1,draw,Helsinki,Finland,FALSE,1939,1484,1924,1499,-15
1979-07-25,Friendly,played,Soviet Union,SUN,Belarus,,FALSE,3,2,win,Minsk,Soviet Union,FALSE,,,,,
1979-07-28,Friendly,played,Soviet Union,SUN,Belarus,,TRUE,0,0,draw,Moscow,Soviet Union,FALSE,,,,,
1979-07-30,Friendly,played,Soviet Union,SUN,Lithuania,,TRUE,2,0,win,Moscow,Soviet Union,FALSE,,,,,
1979-08-05,Friendly,played,Soviet Union,SUN,Lithuania,,TRUE,2,1,win,Moscow,Soviet Union,FALSE,,,,,
1979-09-05,Friendly,played,Soviet Union,SUN,German DR,DDR,TRUE,1,0,win,Moscow,Soviet Union,FALSE,1924,1920,1931,1913,7
1979-09-12,UEFA Euro qualification,played,Soviet Union,SUN,Greece,GRC,FALSE,0,1,loss,Athens,Greece,FALSE,1931,1679,1903,1707,-28
1979-10-14,Friendly,played,Soviet Union,SUN,Romania,ROU,TRUE,3,1,win,Moscow,Soviet Union,FALSE,1903,1798,1910,1791,7
1979-10-31,UEFA Euro qualification,played,Soviet Union,SUN,Finland,,TRUE,2,2,draw,Moscow,Soviet Union,FALSE,1910,1491,1892,1509,-18
1979-11-21,Friendly,played,Soviet Union,SUN,Germany,DEU,TRUE,1,3,loss,Tbilisi,Soviet Union,FALSE,,,,,
1980-03-26,Friendly,played,Soviet Union,SUN,Bulgaria,BGR,FALSE,3,1,win,Sofia,Bulgaria,FALSE,1880,1705,1892,1693,12
1980-04-29,Friendly,played,Soviet Union,SUN,Sweden,SWE,FALSE,5,1,win,Malmö,Sweden,FALSE,1892,1677,1905,1664,13
1980-05-23,Friendly,played,Soviet Union,SUN,France,FRA,TRUE,1,0,win,Moscow,Soviet Union,FALSE,1905,1928,1913,1920,8
1980-06-15,Friendly,played,Soviet Union,SUN,Brazil,BRA,FALSE,2,1,win,Rio de Janeiro,Brazil,FALSE,1913,2053,1929,2037,16
1980-07-12,Friendly,played,Soviet Union,SUN,Denmark,DNK,TRUE,2,0,win,Moscow,Soviet Union,FALSE,1929,1693,1933,1689,4
1980-08-27,Friendly,played,Soviet Union,SUN,Hungary,HUN,FALSE,4,1,win,Budapest,Hungary,FALSE,1933,1808,1949,1792,16
1980-09-03,FIFA World Cup qualification,played,Soviet Union,SUN,Iceland,ISL,FALSE,2,1,win,Reykjavík,Iceland,FALSE,1949,1365,1951,1363,2
1980-10-15,FIFA World Cup qualification,played,Soviet Union,SUN,Iceland,ISL,TRUE,5,0,win,Moscow,Soviet Union,TRUE,1951,1418,1953,1416,2
1980-12-04,Friendly,played,Soviet Union,SUN,Argentina,ARG,FALSE,1,1,draw,Mar del Plata,Argentina,FALSE,1953,2003,1957,1999,4
1981-05-30,FIFA World Cup qualification,played,Soviet Union,SUN,Wales,WAL,FALSE,0,0,draw,Wrexham,Wales,FALSE,1957,1910,1960,1907,3
1981-09-23,FIFA World Cup qualification,played,Soviet Union,SUN,Turkey,TUR,TRUE,4,0,win,Moscow,Soviet Union,TRUE,1960,1545,1964,1541,4
1981-10-07,FIFA World Cup qualification,played,Soviet Union,SUN,Turkey,TUR,FALSE,3,0,win,İzmir,Turkey,FALSE,1964,1541,1973,1532,9
1981-10-28,FIFA World Cup qualification,played,Soviet Union,SUN,Czechoslovakia,CSK,TRUE,2,0,win,Tbilisi,Soviet Union,TRUE,1973,1901,1989,1885,16
1981-11-18,FIFA World Cup qualification,played,Soviet Union,SUN,Wales,WAL,TRUE,3,0,win,Tbilisi,Soviet Union,TRUE,1989,1866,2004,1851,15
1981-11-29,FIFA World Cup qualification,played,Soviet Union,SUN,Czechoslovakia,CSK,FALSE,1,1,draw,Bratislava,Czechoslovakia,FALSE,2004,1891,2003,1892,-1
1982-03-10,Friendly,played,Soviet Union,SUN,Greece,GRC,FALSE,2,0,win,Athens,Greece,FALSE,2003,1652,2009,1646,6
1982-04-14,Friendly,played,Soviet Union,SUN,Argentina,ARG,FALSE,1,1,draw,Buenos Aires,Argentina,FALSE,2009,2003,2012,2000,3
1982-05-05,Friendly,played,Soviet Union,SUN,German DR,DDR,TRUE,1,0,win,Moscow,Soviet Union,FALSE,2012,1916,2017,1911,5
1982-06-03,Friendly,played,Soviet Union,SUN,Sweden,SWE,FALSE,1,1,draw,Solna,Sweden,FALSE,2017,1712,2012,1717,-5
1982-06-14,FIFA World Cup,played,Soviet Union,SUN,Brazil,BRA,FALSE,1,2,loss,Seville,Spain,TRUE,2012,2093,1989,2116,-23
1982-06-19,FIFA World Cup,played,Soviet Union,SUN,New Zealand,NZL,TRUE,3,0,win,Málaga,Spain,TRUE,1989,1575,1998,1566,9
1982-06-22,FIFA World Cup,played,Soviet Union,SUN,Scotland,SCO,TRUE,2,2,draw,Málaga,Spain,TRUE,1998,1841,1985,1854,-13
1982-07-01,FIFA World Cup,played,Soviet Union,SUN,Belgium,BEL,FALSE,1,0,win,Barcelona,Spain,TRUE,1985,1897,2008,1874,23
1982-07-04,FIFA World Cup,played,Soviet Union,SUN,Poland,POL,FALSE,0,0,draw,Barcelona,Spain,TRUE,2008,2013,2008,2013,0
1982-10-13,UEFA Euro qualification,played,Soviet Union,SUN,Finland,,TRUE,2,0,win,Moscow,Soviet Union,FALSE,2008,1461,2009,1460,1
1983-03-23,Friendly,played,Soviet Union,SUN,France,FRA,FALSE,1,1,draw,Paris,France,FALSE,2009,1938,2010,1937,1
1983-04-13,Friendly,played,Soviet Union,SUN,Switzerland,CHE,FALSE,1,0,win,Lausanne,Switzerland,FALSE,2010,1763,2016,1757,6
1983-04-27,UEFA Euro qualification,played,Soviet Union,SUN,Portugal,PRT,TRUE,5,0,win,Moscow,Soviet Union,FALSE,2016,1784,2026,1774,10
1983-05-17,Friendly,played,Soviet Union,SUN,Austria,AUT,FALSE,2,2,draw,Vienna,Austria,FALSE,2026,1912,2026,1912,0
1983-05-22,UEFA Euro qualification,played,Soviet Union,SUN,Poland,POL,FALSE,1,1,draw,Chorzów,Poland,FALSE,2026,1970,2029,1967,3
1983-06-01,UEFA Euro qualification,played,Soviet Union,SUN,Finland,,FALSE,1,0,win,Helsinki,Finland,FALSE,2029,1478,2032,1475,3
1983-07-26,Friendly,played,Soviet Union,SUN,German DR,DDR,FALSE,3,1,win,Leipzig,German DR,FALSE,2032,1858,2044,1846,12
1983-10-09,UEFA Euro qualification,played,Soviet Union,SUN,Poland,POL,TRUE,2,0,win,Moscow,Soviet Union,FALSE,2036,1961,2052,1945,16
1983-11-13,UEFA Euro qualification,played,Soviet Union,SUN,Portugal,PRT,FALSE,0,1,loss,Lisbon,Portugal,FALSE,2052,1807,2024,1835,-28
1984-03-28,Friendly,played,Soviet Union,SUN,Germany,DEU,FALSE,1,2,loss,Hanover,Germany,FALSE,,,,,
1984-05-15,Friendly,played,Soviet Union,SUN,Finland,,FALSE,3,1,win,Kouvola,Finland,FALSE,2017,1451,2019,1449,2
1984-06-02,Friendly,played,Soviet Union,SUN,England,ENG,FALSE,2,0,win,London,England,FALSE,2019,1969,2036,1952,17
1984-08-19,Friendly,played,Soviet Union,SUN,Mexico,MEX,TRUE,3,0,win,Leningrad,Soviet Union,FALSE,2036,1730,2039,1727,3
1984-09-12,FIFA World Cup qualification,played,Soviet Union,SUN,Republic of Ireland,IRL,FALSE,0,1,loss,Dublin,Republic of Ireland,FALSE,,,,,
1984-10-10,FIFA World Cup qualification,played,Soviet Union,SUN,Norway,NOR,FALSE,1,1,draw,Oslo,Norway,FALSE,2008,1605,1994,1619,-14
1985-01-21,Nehru Cup,played,Soviet Union,SUN,China PR,,FALSE,3,2,win,Ernakulam,India,TRUE,,,,,
1985-01-25,Nehru Cup,played,Soviet Union,SUN,Yugoslavia,YUG,TRUE,1,2,loss,Ernakulam,India,TRUE,1994,1823,1965,1852,-29
1985-01-28,Nehru Cup,played,Soviet Union,SUN,Iran,IRN,FALSE,2,0,win,Ernakulam,India,TRUE,1965,1674,1974,1665,9
1985-02-02,Nehru Cup,played,Soviet Union,SUN,Morocco,MAR,FALSE,1,0,win,Ernakulam,India,TRUE,1974,1676,1980,1670,6
1985-02-04,Nehru Cup,played,Soviet Union,SUN,Yugoslavia,YUG,FALSE,2,1,win,Ernakulam,India,TRUE,1980,1852,1993,1839,13
1985-03-27,Friendly,played,Soviet Union,SUN,Austria,AUT,TRUE,2,0,win,Tbilisi,Soviet Union,FALSE,1993,1800,1998,1795,5
1985-04-17,FIFA World Cup qualification,played,Soviet Union,SUN,Switzerland,CHE,FALSE,2,2,draw,Bern,Switzerland,FALSE,1998,1781,1992,1787,-6
1985-05-02,FIFA World Cup qualification,played,Soviet Union,SUN,Switzerland,CHE,TRUE,4,0,win,Moscow,Soviet Union,TRUE,1992,1787,2003,1776,11
1985-06-05,FIFA World Cup qualification,played,Soviet Union,SUN,Denmark,DNK,FALSE,2,4,loss,Copenhagen,Denmark,FALSE,2003,1887,1972,1918,-31
1985-08-07,Friendly,played,Soviet Union,SUN,Romania,ROU,TRUE,2,0,win,Moscow,Soviet Union,FALSE,1972,1785,1977,1780,5
1985-08-28,Friendly,played,Soviet Union,SUN,Germany,DEU,TRUE,1,0,win,Moscow,Soviet Union,FALSE,,,,,
1985-09-25,FIFA World Cup qualification,played,Soviet Union,SUN,Denmark,DNK,TRUE,1,0,win,Moscow,Soviet Union,TRUE,1984,1893,1994,1883,10
1985-10-16,FIFA World Cup qualification,played,Soviet Union,SUN,Republic of Ireland,IRL,TRUE,2,0,win,Moscow,Soviet Union,TRUE,,,,,
1985-10-30,FIFA World Cup qualification,played,Soviet Union,SUN,Norway,NOR,TRUE,1,0,win,Moscow,Soviet Union,TRUE,2001,1678,2004,1675,3
1986-01-22,Friendly,played,Soviet Union,SUN,Spain,ESP,FALSE,0,2,loss,Las Palmas,Spain,FALSE,2004,1865,1987,1882,-17
1986-02-19,Friendly,played,Soviet Union,SUN,Mexico,MEX,FALSE,0,1,loss,Mexico City,Mexico,FALSE,1987,1825,1975,1837,-12
1986-03-26,Friendly,played,Soviet Union,SUN,England,ENG,TRUE,0,1,loss,Tbilisi,Soviet Union,FALSE,1975,1948,1961,1962,-14
1986-04-23,Friendly,played,Soviet Union,SUN,Romania,ROU,FALSE,1,2,loss,Timişoara,Romania,FALSE,1961,1786,1949,1798,-12
1986-05-07,Friendly,played,Soviet Union,SUN,Finland,,TRUE,0,0,draw,Moscow,Soviet Union,FALSE,1949,1548,1940,1557,-9
1986-06-02,FIFA World Cup,played,Soviet Union,SUN,Hungary,HUN,TRUE,6,0,win,Irapuato,Mexico,TRUE,1940,1891,1995,1836,55
1986-06-05,FIFA World Cup,played,Soviet Union,SUN,France,FRA,FALSE,1,1,draw,León,Mexico,TRUE,1995,2002,1996,2001,1
1986-06-09,FIFA World Cup,played,Soviet Union,SUN,Canada,CAN,TRUE,2,0,win,Irapuato,Mexico,TRUE,1996,1619,2005,1610,9
1986-06-15,FIFA World Cup,played,Soviet Union,SUN,Belgium,BEL,TRUE,3,4,loss,León,Mexico,TRUE,2005,1819,1960,1864,-45
1986-08-20,Friendly,played,Soviet Union,SUN,Sweden,SWE,FALSE,0,0,draw,Gothenburg,Sweden,FALSE,1960,1860,1960,1860,0
1986-09-24,UEFA Euro qualification,played,Soviet Union,SUN,Iceland,ISL,FALSE,1,1,draw,Reykjavík,Iceland,FALSE,1960,1480,1944,1496,-16
1986-10-11,UEFA Euro qualification,played,Soviet Union,SUN,France,FRA,FALSE,2,0,win,Paris,France,FALSE,1944,1982,1985,1941,41
1986-10-29,UEFA Euro qualification,played,Soviet Union,SUN,Norway,NOR,TRUE,4,0,win,Simferopol,Soviet Union,FALSE,1985,1724,1993,1716,8
1987-02-18,Friendly,played,Soviet Union,SUN,Wales,WAL,FALSE,0,0,draw,Swansea,Wales,FALSE,1993,1799,1990,1802,-3
1987-02-21,King's Cup,played,Soviet Union,SUN,North Korea,PRK,FALSE,0,1,loss,Bangkok,Thailand,TRUE,,,,,
1987-04-18,Friendly,played,Soviet Union,SUN,Sweden,SWE,TRUE,1,3,loss,Tbilisi,Soviet Union,FALSE,1990,1888,1967,1911,-23
1987-04-29,UEFA Euro qualification,played,Soviet Union,SUN,German DR,DDR,TRUE,2,0,win,Kyiv,Soviet Union,FALSE,1967,1813,1978,1802,11
1987-06-03,UEFA Euro qualification,played,Soviet Union,SUN,Norway,NOR,FALSE,1,0,win,Oslo,Norway,FALSE,1978,1709,1989,1698,11
1987-08-29,Friendly,played,Soviet Union,SUN,Yugoslavia,YUG,FALSE,1,0,win,Belgrade,Yugoslavia,FALSE,1989,1859,1998,1850,9
1987-09-09,UEFA Euro qualification,played,Soviet Union,SUN,France,FRA,TRUE,1,1,draw,Moscow,Soviet Union,FALSE,1998,1896,1988,1906,-10
1987-09-23,Friendly,played,Soviet Union,SUN,Greece,GRC,TRUE,3,0,win,Moscow,Soviet Union,FALSE,1988,1702,1991,1699,3
1987-10-10,UEFA Euro qualification,played,Soviet Union,SUN,German DR,DDR,FALSE,1,1,draw,Berlin,German DR,FALSE,1991,1819,1987,1823,-4
1987-10-28,UEFA Euro qualification,played,Soviet Union,SUN,Iceland,ISL,TRUE,2,0,win,Simferopol,Soviet Union,FALSE,1987,1552,1990,1549,3
1988-02-20,Friendly,played,Soviet Union,SUN,Italy,ITA,FALSE,1,4,loss,Bari,Italy,FALSE,1990,1938,1975,1953,-15
1988-03-23,Friendly,played,Soviet Union,SUN,Greece,GRC,FALSE,4,0,win,Athens,Greece,FALSE,1975,1671,1984,1662,9
1988-03-31,Four Nations Tournament,played,Soviet Union,SUN,Argentina,ARG,FALSE,4,2,win,Berlin,Germany,TRUE,1984,1906,2002,1888,18
1988-04-02,Four Nations Tournament,played,Soviet Union,SUN,Sweden,SWE,FALSE,0,2,loss,Berlin,Germany,TRUE,2002,1920,1974,1948,-28
1988-04-27,Friendly,played,Soviet Union,SUN,Czechoslovakia,CSK,FALSE,1,1,draw,Trnava,Czechoslovakia,FALSE,1974,1826,1973,1827,-1
1988-06-01,Friendly,played,Soviet Union,SUN,Poland,POL,TRUE,2,1,win,Moscow,Soviet Union,FALSE,1973,1760,1976,1757,3
1988-06-12,UEFA Euro,played,Soviet Union,SUN,Netherlands,NLD,FALSE,1,0,win,Cologne,Germany,TRUE,1976,1934,1998,1912,22
1988-06-15,UEFA Euro,played,Soviet Union,SUN,Republic of Ireland,IRL,FALSE,1,1,draw,Hanover,Germany,TRUE,,,,,
1988-06-18,UEFA Euro,played,Soviet Union,SUN,England,ENG,FALSE,3,1,win,Frankfurt am Main,Germany,TRUE,1989,1919,2019,1889,30
1988-06-22,UEFA Euro,played,Soviet Union,SUN,Italy,ITA,TRUE,2,0,win,Stuttgart,Germany,TRUE,2019,1995,2054,1960,35
1988-06-25,UEFA Euro,played,Soviet Union,SUN,Netherlands,NLD,TRUE,0,2,loss,Munich,Germany,TRUE,2054,2007,2011,2050,-43
1988-08-17,Friendly,played,Soviet Union,SUN,Finland,,FALSE,0,0,draw,Turku,Finland,FALSE,2011,1607,2004,1614,-7
1988-08-31,FIFA World Cup qualification,played,Soviet Union,SUN,Iceland,ISL,FALSE,1,1,draw,Reykjavík,Iceland,FALSE,2004,1540,1988,1556,-16
1988-09-21,Friendly,played,Soviet Union,SUN,Germany,DEU,FALSE,0,1,loss,Düsseldorf,Germany,FALSE,,,,,
1988-10-19,FIFA World Cup qualification,played,Soviet Union,SUN,Austria,AUT,TRUE,2,0,win,Kyiv,Soviet Union,TRUE,1981,1732,1988,1725,7
1988-11-21,Friendly,played,Soviet Union,SUN,Syria,,FALSE,2,0,win,Damascus,Syria,FALSE,1988,1512,1991,1509,3
1988-11-23,Friendly,played,Soviet Union,SUN,Kuwait,KWT,FALSE,1,0,win,Kuwait City,Kuwait,FALSE,1991,1503,1993,1501,2
1988-11-27,Friendly,played,Soviet Union,SUN,Kuwait,KWT,FALSE,2,0,win,Kuwait City,Kuwait,FALSE,,,,,
1989-02-21,Friendly,played,Soviet Union,SUN,Bulgaria,BGR,FALSE,2,1,win,Sofia,Bulgaria,FALSE,1993,1776,2000,1769,7
1989-03-22,Friendly,played,Soviet Union,SUN,Netherlands,NLD,FALSE,0,2,loss,Eindhoven,Netherlands,FALSE,2000,2051,1991,2060,-9
1989-04-26,FIFA World Cup qualification,played,Soviet Union,SUN,German DR,DDR,TRUE,3,0,win,Kyiv,Soviet Union,TRUE,1991,1724,1999,1716,8
1989-05-10,FIFA World Cup qualification,played,Soviet Union,SUN,Turkey,TUR,FALSE,1,0,win,Istanbul,Turkey,FALSE,1999,1647,2007,1639,8
1989-05-31,FIFA World Cup qualification,played,Soviet Union,SUN,Iceland,ISL,TRUE,1,1,draw,Moscow,Soviet Union,TRUE,2007,1541,1988,1560,-19
1989-08-23,Friendly,played,Soviet Union,SUN,Poland,POL,FALSE,1,1,draw,Lubin,Poland,FALSE,1988,1806,1986,1808,-2
1989-09-06,FIFA World Cup qualification,played,Soviet Union,SUN,Austria,AUT,FALSE,0,0,draw,Vienna,Austria,FALSE,1986,1712,1977,1721,-9
1989-10-08,FIFA World Cup qualification,played,Soviet Union,SUN,German DR,DDR,FALSE,1,2,loss,Karl-Marx-Stadt,German DR,FALSE,1977,1737,1949,1765,-28
1989-11-15,FIFA World Cup qualification,played,Soviet Union,SUN,Turkey,TUR,TRUE,2,0,win,Simferopol,Soviet Union,TRUE,1949,1654,1955,1648,6
1990-02-20,Marlboro Cup,played,Soviet Union,SUN,Colombia,COL,FALSE,0,0,draw,Los Angeles,United States,TRUE,1955,1801,1949,1807,-6
1990-02-22,Marlboro Cup,played,Soviet Union,SUN,Costa Rica,CRI,FALSE,2,1,win,Los Angeles,United States,TRUE,1949,1634,1953,1630,4
1990-02-24,Friendly,played,Soviet Union,SUN,United States,USA,FALSE,3,1,win,Palo Alto,United States,FALSE,1953,1591,1958,1586,5
1990-03-28,Friendly,played,Soviet Union,SUN,Netherlands,NLD,TRUE,2,1,win,Kyiv,Soviet Union,FALSE,1958,2043,1968,2033,10
1990-04-25,Friendly,played,Soviet Union,SUN,Republic of Ireland,IRL,FALSE,0,1,loss,Dublin,Republic of Ireland,FALSE,,,,,
1990-05-16,Friendly,played,Soviet Union,SUN,Israel,ISR,FALSE,2,3,loss,Ramat Gan,Israel,FALSE,1959,1617,1943,1633,-16
1990-06-09,FIFA World Cup,played,Soviet Union,SUN,Romania,ROU,TRUE,0,2,loss,Bari,Italy,TRUE,1943,1894,1892,1945,-51
1990-06-13,FIFA World Cup,played,Soviet Union,SUN,Argentina,ARG,FALSE,0,2,loss,Naples,Italy,TRUE,1892,1751,1830,1813,-62
1990-06-18,FIFA World Cup,played,Soviet Union,SUN,Cameroon,CMR,FALSE,4,0,win,Bari,Italy,TRUE,1830,1724,1870,1684,40
1990-08-29,Friendly,played,Soviet Union,SUN,Romania,ROU,TRUE,1,2,loss,Moscow,Soviet Union,FALSE,1870,1888,1858,1900,-12
1990-09-12,UEFA Euro qualification,played,Soviet Union,SUN,Norway,NOR,TRUE,2,0,win,Moscow,Soviet Union,FALSE,1858,1653,1867,1644,9
1990-11-03,UEFA Euro qualification,played,Soviet Union,SUN,Italy,ITA,FALSE,0,0,draw,Rome,Italy,FALSE,1871,2028,1884,2015,13
1990-11-21,Friendly,played,Soviet Union,SUN,United States,USA,FALSE,0,0,draw,Port of Spain,Trinidad and Tobago,TRUE,1884,1576,1873,1587,-11
1990-11-24,Friendly,played,Soviet Union,SUN,Trinidad and Tobago,TTO,FALSE,2,0,win,Port of Spain,Trinidad and Tobago,FALSE,,,,,
1990-11-30,Friendly,played,Soviet Union,SUN,Guatemala,,FALSE,3,0,win,Guatemala City,Guatemala,FALSE,1882,1459,1887,1454,5
1991-01-11,Nehru Cup,played,Soviet Union,SUN,Zambia,,TRUE,4,0,win,Trivandrum,India,TRUE,,,,,
1991-01-14,Nehru Cup,played,Soviet Union,SUN,Hungary,HUN,FALSE,1,1,draw,Trivandrum,India,TRUE,,,,,
1991-01-24,Nehru Cup,played,Soviet Union,SUN,India,,FALSE,3,1,win,Trivandrum,India,FALSE,,,,,
1991-02-06,Friendly,played,Soviet Union,SUN,Scotland,SCO,FALSE,1,0,win,Glasgow,Scotland,FALSE,1887,1776,1897,1766,10
1991-03-27,Friendly,played,Soviet Union,SUN,Germany,DEU,FALSE,1,2,loss,Frankfurt am Main,Germany,FALSE,1897,2082,1894,2085,-3
1991-04-17,UEFA Euro qualification,played,Soviet Union,SUN,Hungary,HUN,FALSE,1,0,win,Budapest,Hungary,FALSE,1894,1779,1913,1760,19
1991-05-21,Friendly,played,Soviet Union,SUN,England,ENG,FALSE,1,3,loss,London,England,FALSE,1913,1989,1901,2001,-12
1991-05-23,Friendly,played,Soviet Union,SUN,Argentina,ARG,FALSE,1,1,draw,Manchester,England,TRUE,1901,1883,1900,1884,-1
1991-05-29,UEFA Euro qualification,played,Soviet Union,SUN,Cyprus,,TRUE,4,0,win,Moscow,Soviet Union,FALSE,1900,1255,1901,1254,1
1991-06-13,Scania 100 Tournament,played,Soviet Union,SUN,Sweden,SWE,FALSE,3,2,win,Gothenburg,Sweden,FALSE,1901,1827,1917,1811,16
1991-06-16,Scania 100 Tournament,played,Soviet Union,SUN,Italy,ITA,FALSE,1,1,draw,Solna,Sweden,TRUE,1917,2003,1921,1999,4
1991-08-28,UEFA Euro qualification,played,Soviet Union,SUN,Norway,NOR,FALSE,1,0,win,Oslo,Norway,FALSE,1921,1720,1935,1706,14
1991-09-25,UEFA Euro qualification,played,Soviet Union,SUN,Hungary,HUN,TRUE,2,2,draw,Moscow,Soviet Union,FALSE,1935,1744,1921,1758,-14
1991-10-12,UEFA Euro qualification,played,Soviet Union,SUN,Italy,ITA,TRUE,0,0,draw,Moscow,Soviet Union,FALSE,1921,1984,1919,1986,-2
1991-11-13,UEFA Euro qualification,played,Soviet Union,SUN,Cyprus,,FALSE,3,0,win,Larnaca,Cyprus,FALSE,1919,1260,1922,1257,3
