tournament_id,match_id,source_match_id,match_number,edition_year,competition_id,season_id,round_code,round_name,group_code,kickoff_datetime_utc,kickoff_datetime_local,kickoff_date_local,kickoff_time_local,venue_id,venue_name,home_slot_label,away_slot_label,home_team_id,away_team_id,home_team_confederation,away_team_confederation,home_tournament_name,away_tournament_name,home_canonical_name,away_canonical_name,status,status_code,home_score,away_score,went_to_extra_time,penalties_home,penalties_away,winner_team_id,placeholder_a,placeholder_b,result_type,last_verified_at,source_url
WC-2026,WC-2026_001,400021443,1,2026,17,285023,GS,First Stage,A,2026-06-11T19:00:00Z,2026-06-11T13:00:00Z,2026-06-11,13:00,400222084,Mexico City Stadium,Mexico,South Africa,MEX,RSA,CONCACAF,CAF,Mexico,South Africa,Mexico,South Africa,scheduled,1,,,FALSE,,,,A1,A2,0,2026-04-03,https://www.fifa.com/en/tournaments/mens/worldcup/canadamexicousa2026/scores-fixtures?country=&wtw-filter=ALL
WC-2026,WC-2026_002,400021441,2,2026,17,285023,GS,First Stage,A,2026-06-12T02:00:00Z,2026-06-11T20:00:00Z,2026-06-11,20:00,400252150,Guadalajara Stadium,Korea Republic,Czechia,KOR,CZE,AFC,UEFA,Korea Republic,Czechia,South Korea,Czechia,scheduled,1,,,FALSE,,,,A3,UEFA PO D,0,2026-04-03,https://www.fifa.com/en/tournaments/mens/worldcup/canadamexicousa2026/scores-fixtures?country=&wtw-filter=ALL
WC-2026,WC-2026_003,400021449,3,2026,17,285023,GS,First Stage,B,2026-06-12T19:00:00Z,2026-06-12T15:00:00Z,2026-06-12,15:00,400242032,Toronto Stadium,Canada,Bosnia and Herzegovina,CAN,BIH,CONCACAF,UEFA,Canada,Bosnia and Herzegovina,Canada,Bosnia and Herzegovina,scheduled,1,,,FALSE,,,,B1,UEFA PO A,0,2026-04-03,https://www.fifa.com/en/tournaments/mens/worldcup/canadamexicousa2026/scores-fixtures?country=&wtw-filter=ALL
WC-2026,WC-2026_004,400021458,4,2026,17,285023,GS,First Stage,D,2026-06-13T01:00:00Z,2026-06-12T18:00:00Z,2026-06-12,18:00,400017978,Los Angeles Stadium,USA,Paraguay,USA,PAR,CONCACAF,CONMEBOL,USA,Paraguay,United States,Paraguay,scheduled,1,,,FALSE,,,,D1,D2,0,2026-04-03,https://www.fifa.com/en/tournaments/mens/worldcup/canadamexicousa2026/scores-fixtures?country=&wtw-filter=ALL
WC-2026,WC-2026_008,400021447,8,2026,17,285023,GS,First Stage,B,2026-06-13T19:00:00Z,2026-06-13T12:00:00Z,2026-06-13,12:00,400257521,San Francisco Bay Area Stadium,Qatar,Switzerland,QAT,SUI,AFC,UEFA,Qatar,Switzerland,Qatar,Switzerland,scheduled,1,,,FALSE,,,,B3,B4,0,2026-04-03,https://www.fifa.com/en/tournaments/mens/worldcup/canadamexicousa2026/scores-fixtures?country=&wtw-filter=ALL
WC-2026,WC-2026_007,400021456,7,2026,17,285023,GS,First Stage,C,2026-06-13T22:00:00Z,2026-06-13T18:00:00Z,2026-06-13,18:00,400257536,New York/New Jersey Stadium,Brazil,Morocco,BRA,MAR,CONMEBOL,CAF,Brazil,Morocco,Brazil,Morocco,scheduled,1,,,FALSE,,,,C1,C2,0,2026-04-03,https://www.fifa.com/en/tournaments/mens/worldcup/canadamexicousa2026/scores-fixtures?country=&wtw-filter=ALL
WC-2026,WC-2026_005,400021453,5,2026,17,285023,GS,First Stage,C,2026-06-14T01:00:00Z,2026-06-13T21:00:00Z,2026-06-13,21:00,400248623,Boston Stadium,Haiti,Scotland,HAI,SCO,CONCACAF,UEFA,Haiti,Scotland,Haiti,Scotland,scheduled,1,,,FALSE,,,,C3,C4,0,2026-04-03,https://www.fifa.com/en/tournaments/mens/worldcup/canadamexicousa2026/scores-fixtures?country=&wtw-filter=ALL
WC-2026,WC-2026_006,400021463,6,2026,17,285023,GS,First Stage,D,2026-06-14T04:00:00Z,2026-06-13T21:00:00Z,2026-06-13,21:00,400248370,BC Place Vancouver,Australia,Türkiye,AUS,TUR,AFC,UEFA,Australia,Türkiye,Australia,Turkey,scheduled,1,,,FALSE,,,,D3,UEFA PO C,0,2026-04-03,https://www.fifa.com/en/tournaments/mens/worldcup/canadamexicousa2026/scores-fixtures?country=&wtw-filter=ALL
WC-2026,WC-2026_010,400021464,10,2026,17,285023,GS,First Stage,E,2026-06-14T17:00:00Z,2026-06-14T12:00:00Z,2026-06-14,12:00,400249385,Houston Stadium,Germany,Curaçao,GER,CUW,UEFA,CONCACAF,Germany,Curaçao,Germany,Curacao,scheduled,1,,,FALSE,,,,E1,E2,0,2026-04-03,https://www.fifa.com/en/tournaments/mens/worldcup/canadamexicousa2026/scores-fixtures?country=&wtw-filter=ALL
WC-2026,WC-2026_011,400021470,11,2026,17,285023,GS,First Stage,F,2026-06-14T20:00:00Z,2026-06-14T15:00:00Z,2026-06-14,15:00,400257526,Dallas Stadium,Netherlands,Japan,NED,JPN,UEFA,AFC,Netherlands,Japan,Netherlands,Japan,scheduled,1,,,FALSE,,,,F1,F2,0,2026-04-03,https://www.fifa.com/en/tournaments/mens/worldcup/canadamexicousa2026/scores-fixtures?country=&wtw-filter=ALL
WC-2026,WC-2026_009,400021467,9,2026,17,285023,GS,First Stage,E,2026-06-14T23:00:00Z,2026-06-14T19:00:00Z,2026-06-14,19:00,400248622,Philadelphia Stadium,Côte d'Ivoire,Ecuador,CIV,ECU,CAF,CONMEBOL,Côte d'Ivoire,Ecuador,Ivory Coast,Ecuador,scheduled,1,,,FALSE,,,,E3,E4,0,2026-04-03,https://www.fifa.com/en/tournaments/mens/worldcup/canadamexicousa2026/scores-fixtures?country=&wtw-filter=ALL
WC-2026,WC-2026_012,400021474,12,2026,17,285023,GS,First Stage,F,2026-06-15T02:00:00Z,2026-06-14T20:00:00Z,2026-06-14,20:00,400238450,Monterrey Stadium,Sweden,Tunisia,SWE,TUN,UEFA,CAF,Sweden,Tunisia,Sweden,Tunisia,scheduled,1,,,FALSE,,,,UEFA PO B,F4,0,2026-04-03,https://www.fifa.com/en/tournaments/mens/worldcup/canadamexicousa2026/scores-fixtures?country=&wtw-filter=ALL
WC-2026,WC-2026_014,400021482,14,2026,17,285023,GS,First Stage,H,2026-06-15T16:00:00Z,2026-06-15T12:00:00Z,2026-06-15,12:00,400098290,Atlanta Stadium,Spain,Cabo Verde,ESP,CPV,UEFA,CAF,Spain,Cabo Verde,Spain,Cape Verde,scheduled,1,,,FALSE,,,,H1,H2,0,2026-04-03,https://www.fifa.com/en/tournaments/mens/worldcup/canadamexicousa2026/scores-fixtures?country=&wtw-filter=ALL
WC-2026,WC-2026_016,400021478,16,2026,17,285023,GS,First Stage,G,2026-06-15T19:00:00Z,2026-06-15T12:00:00Z,2026-06-15,12:00,400216606,Seattle Stadium,Belgium,Egypt,BEL,EGY,UEFA,CAF,Belgium,Egypt,Belgium,Egypt,scheduled,1,,,FALSE,,,,G1,G2,0,2026-04-03,https://www.fifa.com/en/tournaments/mens/worldcup/canadamexicousa2026/scores-fixtures?country=&wtw-filter=ALL
WC-2026,WC-2026_013,400021486,13,2026,17,285023,GS,First Stage,H,2026-06-15T22:00:00Z,2026-06-15T18:00:00Z,2026-06-15,18:00,400257525,Miami Stadium,Saudi Arabia,Uruguay,KSA,URU,AFC,CONMEBOL,Saudi Arabia,Uruguay,Saudi Arabia,Uruguay,scheduled,1,,,FALSE,,,,H3,H4,0,2026-04-03,https://www.fifa.com/en/tournaments/mens/worldcup/canadamexicousa2026/scores-fixtures?country=&wtw-filter=ALL
WC-2026,WC-2026_015,400021476,15,2026,17,285023,GS,First Stage,G,2026-06-16T01:00:00Z,2026-06-15T18:00:00Z,2026-06-15,18:00,400017978,Los Angeles Stadium,IR Iran,New Zealand,IRN,NZL,AFC,OFC,IR Iran,New Zealand,Iran,New Zealand,scheduled,1,,,FALSE,,,,G3,G4,0,2026-04-03,https://www.fifa.com/en/tournaments/mens/worldcup/canadamexicousa2026/scores-fixtures?country=&wtw-filter=ALL
WC-2026,WC-2026_017,400021490,17,2026,17,285023,GS,First Stage,I,2026-06-16T19:00:00Z,2026-06-16T15:00:00Z,2026-06-16,15:00,400257536,New York/New Jersey Stadium,France,Senegal,FRA,SEN,UEFA,CAF,France,Senegal,France,Senegal,scheduled,1,,,FALSE,,,,I1,I2,0,2026-04-03,https://www.fifa.com/en/tournaments/mens/worldcup/canadamexicousa2026/scores-fixtures?country=&wtw-filter=ALL
WC-2026,WC-2026_018,400021488,18,2026,17,285023,GS,First Stage,I,2026-06-16T22:00:00Z,2026-06-16T18:00:00Z,2026-06-16,18:00,400248623,Boston Stadium,Iraq,Norway,IRQ,NOR,AFC,UEFA,Iraq,Norway,Iraq,Norway,scheduled,1,,,FALSE,,,,FIFA PO 2,I4,0,2026-04-03,https://www.fifa.com/en/tournaments/mens/worldcup/canadamexicousa2026/scores-fixtures?country=&wtw-filter=ALL
WC-2026,WC-2026_019,400021496,19,2026,17,285023,GS,First Stage,J,2026-06-17T01:00:00Z,2026-06-16T20:00:00Z,2026-06-16,20:00,400254717,Kansas City Stadium,Argentina,Algeria,ARG,ALG,CONMEBOL,CAF,Argentina,Algeria,Argentina,Algeria,scheduled,1,,,FALSE,,,,J1,J2,0,2026-04-03,https://www.fifa.com/en/tournaments/mens/worldcup/canadamexicousa2026/scores-fixtures?country=&wtw-filter=ALL
WC-2026,WC-2026_020,400021498,20,2026,17,285023,GS,First Stage,J,2026-06-17T04:00:00Z,2026-06-16T21:00:00Z,2026-06-16,21:00,400257521,San Francisco Bay Area Stadium,Austria,Jordan,AUT,JOR,UEFA,AFC,Austria,Jordan,Austria,Jordan,scheduled,1,,,FALSE,,,,J3,J4,0,2026-04-03,https://www.fifa.com/en/tournaments/mens/worldcup/canadamexicousa2026/scores-fixtures?country=&wtw-filter=ALL
WC-2026,WC-2026_023,400021502,23,2026,17,285023,GS,First Stage,K,2026-06-17T17:00:00Z,2026-06-17T12:00:00Z,2026-06-17,12:00,400249385,Houston Stadium,Portugal,Congo DR,POR,COD,UEFA,CAF,Portugal,Congo DR,Portugal,DR Congo,scheduled,1,,,FALSE,,,,K1,FIFA PO 1,0,2026-04-03,https://www.fifa.com/en/tournaments/mens/worldcup/canadamexicousa2026/scores-fixtures?country=&wtw-filter=ALL
WC-2026,WC-2026_022,400021507,22,2026,17,285023,GS,First Stage,L,2026-06-17T20:00:00Z,2026-06-17T15:00:00Z,2026-06-17,15:00,400257526,Dallas Stadium,England,Croatia,ENG,CRO,UEFA,UEFA,England,Croatia,England,Croatia,scheduled,1,,,FALSE,,,,L1,L2,0,2026-04-03,https://www.fifa.com/en/tournaments/mens/worldcup/canadamexicousa2026/scores-fixtures?country=&wtw-filter=ALL
WC-2026,WC-2026_021,400021510,21,2026,17,285023,GS,First Stage,L,2026-06-17T23:00:00Z,2026-06-17T19:00:00Z,2026-06-17,19:00,400242032,Toronto Stadium,Ghana,Panama,GHA,PAN,CAF,CONCACAF,Ghana,Panama,Ghana,Panama,scheduled,1,,,FALSE,,,,L3,L4,0,2026-04-03,https://www.fifa.com/en/tournaments/mens/worldcup/canadamexicousa2026/scores-fixtures?country=&wtw-filter=ALL
WC-2026,WC-2026_024,400021504,24,2026,17,285023,GS,First Stage,K,2026-06-18T02:00:00Z,2026-06-17T20:00:00Z,2026-06-17,20:00,400222084,Mexico City Stadium,Uzbekistan,Colombia,UZB,COL,AFC,CONMEBOL,Uzbekistan,Colombia,Uzbekistan,Colombia,scheduled,1,,,FALSE,,,,K3,K4,0,2026-04-03,https://www.fifa.com/en/tournaments/mens/worldcup/canadamexicousa2026/scores-fixtures?country=&wtw-filter=ALL
WC-2026,WC-2026_025,400021440,25,2026,17,285023,GS,First Stage,A,2026-06-18T16:00:00Z,2026-06-18T12:00:00Z,2026-06-18,12:00,400098290,Atlanta Stadium,Czechia,South Africa,CZE,RSA,UEFA,CAF,Czechia,South Africa,Czechia,South Africa,scheduled,1,,,FALSE,,,,UEFA PO D,A2,0,2026-04-03,https://www.fifa.com/en/tournaments/mens/worldcup/canadamexicousa2026/scores-fixtures?country=&wtw-filter=ALL
WC-2026,WC-2026_026,400021446,26,2026,17,285023,GS,First Stage,B,2026-06-18T19:00:00Z,2026-06-18T12:00:00Z,2026-06-18,12:00,400017978,Los Angeles Stadium,Switzerland,Bosnia and Herzegovina,SUI,BIH,UEFA,UEFA,Switzerland,Bosnia and Herzegovina,Switzerland,Bosnia and Herzegovina,scheduled,1,,,FALSE,,,,B4,UEFA PO A,0,2026-04-03,https://www.fifa.com/en/tournaments/mens/worldcup/canadamexicousa2026/scores-fixtures?country=&wtw-filter=ALL
WC-2026,WC-2026_027,400021450,27,2026,17,285023,GS,First Stage,B,2026-06-18T22:00:00Z,2026-06-18T15:00:00Z,2026-06-18,15:00,400248370,BC Place Vancouver,Canada,Qatar,CAN,QAT,CONCACAF,AFC,Canada,Qatar,Canada,Qatar,scheduled,1,,,FALSE,,,,B1,B3,0,2026-04-03,https://www.fifa.com/en/tournaments/mens/worldcup/canadamexicousa2026/scores-fixtures?country=&wtw-filter=ALL
WC-2026,WC-2026_028,400021442,28,2026,17,285023,GS,First Stage,A,2026-06-19T01:00:00Z,2026-06-18T19:00:00Z,2026-06-18,19:00,400252150,Guadalajara Stadium,Mexico,Korea Republic,MEX,KOR,CONCACAF,AFC,Mexico,Korea Republic,Mexico,South Korea,scheduled,1,,,FALSE,,,,A1,A3,0,2026-04-03,https://www.fifa.com/en/tournaments/mens/worldcup/canadamexicousa2026/scores-fixtures?country=&wtw-filter=ALL
WC-2026,WC-2026_032,400021462,32,2026,17,285023,GS,First Stage,D,2026-06-19T19:00:00Z,2026-06-19T12:00:00Z,2026-06-19,12:00,400216606,Seattle Stadium,USA,Australia,USA,AUS,CONCACAF,AFC,USA,Australia,United States,Australia,scheduled,1,,,FALSE,,,,D1,D3,0,2026-04-03,https://www.fifa.com/en/tournaments/mens/worldcup/canadamexicousa2026/scores-fixtures?country=&wtw-filter=ALL
WC-2026,WC-2026_030,400021454,30,2026,17,285023,GS,First Stage,C,2026-06-19T22:00:00Z,2026-06-19T18:00:00Z,2026-06-19,18:00,400248623,Boston Stadium,Scotland,Morocco,SCO,MAR,UEFA,CAF,Scotland,Morocco,Scotland,Morocco,scheduled,1,,,FALSE,,,,C4,C2,0,2026-04-03,https://www.fifa.com/en/tournaments/mens/worldcup/canadamexicousa2026/scores-fixtures?country=&wtw-filter=ALL
WC-2026,WC-2026_029,400021457,29,2026,17,285023,GS,First Stage,C,2026-06-20T00:30:00Z,2026-06-19T20:30:00Z,2026-06-19,20:30,400248622,Philadelphia Stadium,Brazil,Haiti,BRA,HAI,CONMEBOL,CONCACAF,Brazil,Haiti,Brazil,Haiti,scheduled,1,,,FALSE,,,,C1,C3,0,2026-04-03,https://www.fifa.com/en/tournaments/mens/worldcup/canadamexicousa2026/scores-fixtures?country=&wtw-filter=ALL
WC-2026,WC-2026_031,400021460,31,2026,17,285023,GS,First Stage,D,2026-06-20T03:00:00Z,2026-06-19T20:00:00Z,2026-06-19,20:00,400257521,San Francisco Bay Area Stadium,Türkiye,Paraguay,TUR,PAR,UEFA,CONMEBOL,Türkiye,Paraguay,Turkey,Paraguay,scheduled,1,,,FALSE,,,,UEFA PO C,D2,0,2026-04-03,https://www.fifa.com/en/tournaments/mens/worldcup/canadamexicousa2026/scores-fixtures?country=&wtw-filter=ALL
WC-2026,WC-2026_035,400021472,35,2026,17,285023,GS,First Stage,F,2026-06-20T17:00:00Z,2026-06-20T12:00:00Z,2026-06-20,12:00,400249385,Houston Stadium,Netherlands,Sweden,NED,SWE,UEFA,UEFA,Netherlands,Sweden,Netherlands,Sweden,scheduled,1,,,FALSE,,,,F1,UEFA PO B,0,2026-04-03,https://www.fifa.com/en/tournaments/mens/worldcup/canadamexicousa2026/scores-fixtures?country=&wtw-filter=ALL
WC-2026,WC-2026_033,400021469,33,2026,17,285023,GS,First Stage,E,2026-06-20T20:00:00Z,2026-06-20T16:00:00Z,2026-06-20,16:00,400242032,Toronto Stadium,Germany,Côte d'Ivoire,GER,CIV,UEFA,CAF,Germany,Côte d'Ivoire,Germany,Ivory Coast,scheduled,1,,,FALSE,,,,E1,E3,0,2026-04-03,https://www.fifa.com/en/tournaments/mens/worldcup/canadamexicousa2026/scores-fixtures?country=&wtw-filter=ALL
WC-2026,WC-2026_034,400021465,34,2026,17,285023,GS,First Stage,E,2026-06-21T00:00:00Z,2026-06-20T19:00:00Z,2026-06-20,19:00,400254717,Kansas City Stadium,Ecuador,Curaçao,ECU,CUW,CONMEBOL,CONCACAF,Ecuador,Curaçao,Ecuador,Curacao,scheduled,1,,,FALSE,,,,E4,E2,0,2026-04-03,https://www.fifa.com/en/tournaments/mens/worldcup/canadamexicousa2026/scores-fixtures?country=&wtw-filter=ALL
WC-2026,WC-2026_036,400021475,36,2026,17,285023,GS,First Stage,F,2026-06-21T04:00:00Z,2026-06-20T22:00:00Z,2026-06-20,22:00,400238450,Monterrey Stadium,Tunisia,Japan,TUN,JPN,CAF,AFC,Tunisia,Japan,Tunisia,Japan,scheduled,1,,,FALSE,,,,F4,F2,0,2026-04-03,https://www.fifa.com/en/tournaments/mens/worldcup/canadamexicousa2026/scores-fixtures?country=&wtw-filter=ALL
WC-2026,WC-2026_038,400021483,38,2026,17,285023,GS,First Stage,H,2026-06-21T16:00:00Z,2026-06-21T12:00:00Z,2026-06-21,12:00,400098290,Atlanta Stadium,Spain,Saudi Arabia,ESP,KSA,UEFA,AFC,Spain,Saudi Arabia,Spain,Saudi Arabia,scheduled,1,,,FALSE,,,,H1,H3,0,2026-04-03,https://www.fifa.com/en/tournaments/mens/worldcup/canadamexicousa2026/scores-fixtures?country=&wtw-filter=ALL
WC-2026,WC-2026_039,400021477,39,2026,17,285023,GS,First Stage,G,2026-06-21T19:00:00Z,2026-06-21T12:00:00Z,2026-06-21,12:00,400017978,Los Angeles Stadium,Belgium,IR Iran,BEL,IRN,UEFA,AFC,Belgium,IR Iran,Belgium,Iran,scheduled,1,,,FALSE,,,,G1,G3,0,2026-04-03,https://www.fifa.com/en/tournaments/mens/worldcup/canadamexicousa2026/scores-fixtures?country=&wtw-filter=ALL
WC-2026,WC-2026_037,400021487,37,2026,17,285023,GS,First Stage,H,2026-06-21T22:00:00Z,2026-06-21T18:00:00Z,2026-06-21,18:00,400257525,Miami Stadium,Uruguay,Cabo Verde,URU,CPV,CONMEBOL,CAF,Uruguay,Cabo Verde,Uruguay,Cape Verde,scheduled,1,,,FALSE,,,,H4,H2,0,2026-04-03,https://www.fifa.com/en/tournaments/mens/worldcup/canadamexicousa2026/scores-fixtures?country=&wtw-filter=ALL
WC-2026,WC-2026_040,400021480,40,2026,17,285023,GS,First Stage,G,2026-06-22T01:00:00Z,2026-06-21T18:00:00Z,2026-06-21,18:00,400248370,BC Place Vancouver,New Zealand,Egypt,NZL,EGY,OFC,CAF,New Zealand,Egypt,New Zealand,Egypt,scheduled,1,,,FALSE,,,,G4,G2,0,2026-04-03,https://www.fifa.com/en/tournaments/mens/worldcup/canadamexicousa2026/scores-fixtures?country=&wtw-filter=ALL
WC-2026,WC-2026_043,400021494,43,2026,17,285023,GS,First Stage,J,2026-06-22T17:00:00Z,2026-06-22T12:00:00Z,2026-06-22,12:00,400257526,Dallas Stadium,Argentina,Austria,ARG,AUT,CONMEBOL,UEFA,Argentina,Austria,Argentina,Austria,scheduled,1,,,FALSE,,,,J1,J3,0,2026-04-03,https://www.fifa.com/en/tournaments/mens/worldcup/canadamexicousa2026/scores-fixtures?country=&wtw-filter=ALL
WC-2026,WC-2026_042,400021492,42,2026,17,285023,GS,First Stage,I,2026-06-22T21:00:00Z,2026-06-22T17:00:00Z,2026-06-22,17:00,400248622,Philadelphia Stadium,France,Iraq,FRA,IRQ,UEFA,AFC,France,Iraq,France,Iraq,scheduled,1,,,FALSE,,,,I1,FIFA PO 2,0,2026-04-03,https://www.fifa.com/en/tournaments/mens/worldcup/canadamexicousa2026/scores-fixtures?country=&wtw-filter=ALL
WC-2026,WC-2026_041,400021491,41,2026,17,285023,GS,First Stage,I,2026-06-23T00:00:00Z,2026-06-22T20:00:00Z,2026-06-22,20:00,400257536,New York/New Jersey Stadium,Norway,Senegal,NOR,SEN,UEFA,CAF,Norway,Senegal,Norway,Senegal,scheduled,1,,,FALSE,,,,I4,I2,0,2026-04-03,https://www.fifa.com/en/tournaments/mens/worldcup/canadamexicousa2026/scores-fixtures?country=&wtw-filter=ALL
WC-2026,WC-2026_044,400021499,44,2026,17,285023,GS,First Stage,J,2026-06-23T03:00:00Z,2026-06-22T20:00:00Z,2026-06-22,20:00,400257521,San Francisco Bay Area Stadium,Jordan,Algeria,JOR,ALG,AFC,CAF,Jordan,Algeria,Jordan,Algeria,scheduled,1,,,FALSE,,,,J4,J2,0,2026-04-03,https://www.fifa.com/en/tournaments/mens/worldcup/canadamexicousa2026/scores-fixtures?country=&wtw-filter=ALL
WC-2026,WC-2026_047,400021503,47,2026,17,285023,GS,First Stage,K,2026-06-23T17:00:00Z,2026-06-23T12:00:00Z,2026-06-23,12:00,400249385,Houston Stadium,Portugal,Uzbekistan,POR,UZB,UEFA,AFC,Portugal,Uzbekistan,Portugal,Uzbekistan,scheduled,1,,,FALSE,,,,K1,K3,0,2026-04-03,https://www.fifa.com/en/tournaments/mens/worldcup/canadamexicousa2026/scores-fixtures?country=&wtw-filter=ALL
WC-2026,WC-2026_045,400021506,45,2026,17,285023,GS,First Stage,L,2026-06-23T20:00:00Z,2026-06-23T16:00:00Z,2026-06-23,16:00,400248623,Boston Stadium,England,Ghana,ENG,GHA,UEFA,CAF,England,Ghana,England,Ghana,scheduled,1,,,FALSE,,,,L1,L3,0,2026-04-03,https://www.fifa.com/en/tournaments/mens/worldcup/canadamexicousa2026/scores-fixtures?country=&wtw-filter=ALL
WC-2026,WC-2026_046,400021511,46,2026,17,285023,GS,First Stage,L,2026-06-23T23:00:00Z,2026-06-23T19:00:00Z,2026-06-23,19:00,400242032,Toronto Stadium,Panama,Croatia,PAN,CRO,CONCACAF,UEFA,Panama,Croatia,Panama,Croatia,scheduled,1,,,FALSE,,,,L4,L2,0,2026-04-03,https://www.fifa.com/en/tournaments/mens/worldcup/canadamexicousa2026/scores-fixtures?country=&wtw-filter=ALL
WC-2026,WC-2026_048,400021501,48,2026,17,285023,GS,First Stage,K,2026-06-24T02:00:00Z,2026-06-23T20:00:00Z,2026-06-23,20:00,400252150,Guadalajara Stadium,Colombia,Congo DR,COL,COD,CONMEBOL,CAF,Colombia,Congo DR,Colombia,DR Congo,scheduled,1,,,FALSE,,,,K4,FIFA PO 1,0,2026-04-03,https://www.fifa.com/en/tournaments/mens/worldcup/canadamexicousa2026/scores-fixtures?country=&wtw-filter=ALL
WC-2026,WC-2026_051,400021451,51,2026,17,285023,GS,First Stage,B,2026-06-24T19:00:00Z,2026-06-24T12:00:00Z,2026-06-24,12:00,400248370,BC Place Vancouver,Switzerland,Canada,SUI,CAN,UEFA,CONCACAF,Switzerland,Canada,Switzerland,Canada,scheduled,1,,,FALSE,,,,B4,B1,0,2026-04-03,https://www.fifa.com/en/tournaments/mens/worldcup/canadamexicousa2026/scores-fixtures?country=&wtw-filter=ALL
WC-2026,WC-2026_052,400021448,52,2026,17,285023,GS,First Stage,B,2026-06-24T19:00:00Z,2026-06-24T12:00:00Z,2026-06-24,12:00,400216606,Seattle Stadium,Bosnia and Herzegovina,Qatar,BIH,QAT,UEFA,AFC,Bosnia and Herzegovina,Qatar,Bosnia and Herzegovina,Qatar,scheduled,1,,,FALSE,,,,UEFA PO A,B3,0,2026-04-03,https://www.fifa.com/en/tournaments/mens/worldcup/canadamexicousa2026/scores-fixtures?country=&wtw-filter=ALL
WC-2026,WC-2026_049,400021455,49,2026,17,285023,GS,First Stage,C,2026-06-24T22:00:00Z,2026-06-24T18:00:00Z,2026-06-24,18:00,400257525,Miami Stadium,Scotland,Brazil,SCO,BRA,UEFA,CONMEBOL,Scotland,Brazil,Scotland,Brazil,scheduled,1,,,FALSE,,,,C4,C1,0,2026-04-03,https://www.fifa.com/en/tournaments/mens/worldcup/canadamexicousa2026/scores-fixtures?country=&wtw-filter=ALL
WC-2026,WC-2026_050,400021452,50,2026,17,285023,GS,First Stage,C,2026-06-24T22:00:00Z,2026-06-24T18:00:00Z,2026-06-24,18:00,400098290,Atlanta Stadium,Morocco,Haiti,MAR,HAI,CAF,CONCACAF,Morocco,Haiti,Morocco,Haiti,scheduled,1,,,FALSE,,,,C2,C3,0,2026-04-03,https://www.fifa.com/en/tournaments/mens/worldcup/canadamexicousa2026/scores-fixtures?country=&wtw-filter=ALL
WC-2026,WC-2026_053,400021444,53,2026,17,285023,GS,First Stage,A,2026-06-25T01:00:00Z,2026-06-24T19:00:00Z,2026-06-24,19:00,400222084,Mexico City Stadium,Czechia,Mexico,CZE,MEX,UEFA,CONCACAF,Czechia,Mexico,Czechia,Mexico,scheduled,1,,,FALSE,,,,UEFA PO D,A1,0,2026-04-03,https://www.fifa.com/en/tournaments/mens/worldcup/canadamexicousa2026/scores-fixtures?country=&wtw-filter=ALL
WC-2026,WC-2026_054,400021445,54,2026,17,285023,GS,First Stage,A,2026-06-25T01:00:00Z,2026-06-24T19:00:00Z,2026-06-24,19:00,400238450,Monterrey Stadium,South Africa,Korea Republic,RSA,KOR,CAF,AFC,South Africa,Korea Republic,South Africa,South Korea,scheduled,1,,,FALSE,,,,A2,A3,0,2026-04-03,https://www.fifa.com/en/tournaments/mens/worldcup/canadamexicousa2026/scores-fixtures?country=&wtw-filter=ALL
WC-2026,WC-2026_055,400021468,55,2026,17,285023,GS,First Stage,E,2026-06-25T20:00:00Z,2026-06-25T16:00:00Z,2026-06-25,16:00,400248622,Philadelphia Stadium,Curaçao,Côte d'Ivoire,CUW,CIV,CONCACAF,CAF,Curaçao,Côte d'Ivoire,Curacao,Ivory Coast,scheduled,1,,,FALSE,,,,E2,E3,0,2026-04-03,https://www.fifa.com/en/tournaments/mens/worldcup/canadamexicousa2026/scores-fixtures?country=&wtw-filter=ALL
WC-2026,WC-2026_056,400021466,56,2026,17,285023,GS,First Stage,E,2026-06-25T20:00:00Z,2026-06-25T16:00:00Z,2026-06-25,16:00,400257536,New York/New Jersey Stadium,Ecuador,Germany,ECU,GER,CONMEBOL,UEFA,Ecuador,Germany,Ecuador,Germany,scheduled,1,,,FALSE,,,,E4,E1,0,2026-04-03,https://www.fifa.com/en/tournaments/mens/worldcup/canadamexicousa2026/scores-fixtures?country=&wtw-filter=ALL
WC-2026,WC-2026_057,400021471,57,2026,17,285023,GS,First Stage,F,2026-06-25T23:00:00Z,2026-06-25T18:00:00Z,2026-06-25,18:00,400257526,Dallas Stadium,Japan,Sweden,JPN,SWE,AFC,UEFA,Japan,Sweden,Japan,Sweden,scheduled,1,,,FALSE,,,,F2,UEFA PO B,0,2026-04-03,https://www.fifa.com/en/tournaments/mens/worldcup/canadamexicousa2026/scores-fixtures?country=&wtw-filter=ALL
WC-2026,WC-2026_058,400021473,58,2026,17,285023,GS,First Stage,F,2026-06-25T23:00:00Z,2026-06-25T18:00:00Z,2026-06-25,18:00,400254717,Kansas City Stadium,Tunisia,Netherlands,TUN,NED,CAF,UEFA,Tunisia,Netherlands,Tunisia,Netherlands,scheduled,1,,,FALSE,,,,F4,F1,0,2026-04-03,https://www.fifa.com/en/tournaments/mens/worldcup/canadamexicousa2026/scores-fixtures?country=&wtw-filter=ALL
WC-2026,WC-2026_059,400021459,59,2026,17,285023,GS,First Stage,D,2026-06-26T02:00:00Z,2026-06-25T19:00:00Z,2026-06-25,19:00,400017978,Los Angeles Stadium,Türkiye,USA,TUR,USA,UEFA,CONCACAF,Türkiye,USA,Turkey,United States,scheduled,1,,,FALSE,,,,UEFA PO C,D1,0,2026-04-03,https://www.fifa.com/en/tournaments/mens/worldcup/canadamexicousa2026/scores-fixtures?country=&wtw-filter=ALL
WC-2026,WC-2026_060,400021461,60,2026,17,285023,GS,First Stage,D,2026-06-26T02:00:00Z,2026-06-25T19:00:00Z,2026-06-25,19:00,400257521,San Francisco Bay Area Stadium,Paraguay,Australia,PAR,AUS,CONMEBOL,AFC,Paraguay,Australia,Paraguay,Australia,scheduled,1,,,FALSE,,,,D2,D3,0,2026-04-03,https://www.fifa.com/en/tournaments/mens/worldcup/canadamexicousa2026/scores-fixtures?country=&wtw-filter=ALL
WC-2026,WC-2026_061,400021489,61,2026,17,285023,GS,First Stage,I,2026-06-26T19:00:00Z,2026-06-26T15:00:00Z,2026-06-26,15:00,400248623,Boston Stadium,Norway,France,NOR,FRA,UEFA,UEFA,Norway,France,Norway,France,scheduled,1,,,FALSE,,,,I4,I1,0,2026-04-03,https://www.fifa.com/en/tournaments/mens/worldcup/canadamexicousa2026/scores-fixtures?country=&wtw-filter=ALL
WC-2026,WC-2026_062,400021493,62,2026,17,285023,GS,First Stage,I,2026-06-26T19:00:00Z,2026-06-26T15:00:00Z,2026-06-26,15:00,400242032,Toronto Stadium,Senegal,Iraq,SEN,IRQ,CAF,AFC,Senegal,Iraq,Senegal,Iraq,scheduled,1,,,FALSE,,,,I2,FIFA PO 2,0,2026-04-03,https://www.fifa.com/en/tournaments/mens/worldcup/canadamexicousa2026/scores-fixtures?country=&wtw-filter=ALL
WC-2026,WC-2026_065,400021485,65,2026,17,285023,GS,First Stage,H,2026-06-27T00:00:00Z,2026-06-26T19:00:00Z,2026-06-26,19:00,400249385,Houston Stadium,Cabo Verde,Saudi Arabia,CPV,KSA,CAF,AFC,Cabo Verde,Saudi Arabia,Cape Verde,Saudi Arabia,scheduled,1,,,FALSE,,,,H2,H3,0,2026-04-03,https://www.fifa.com/en/tournaments/mens/worldcup/canadamexicousa2026/scores-fixtures?country=&wtw-filter=ALL
WC-2026,WC-2026_066,400021484,66,2026,17,285023,GS,First Stage,H,2026-06-27T00:00:00Z,2026-06-26T18:00:00Z,2026-06-26,18:00,400252150,Guadalajara Stadium,Uruguay,Spain,URU,ESP,CONMEBOL,UEFA,Uruguay,Spain,Uruguay,Spain,scheduled,1,,,FALSE,,,,H4,H1,0,2026-04-03,https://www.fifa.com/en/tournaments/mens/worldcup/canadamexicousa2026/scores-fixtures?country=&wtw-filter=ALL
WC-2026,WC-2026_063,400021479,63,2026,17,285023,GS,First Stage,G,2026-06-27T03:00:00Z,2026-06-26T20:00:00Z,2026-06-26,20:00,400216606,Seattle Stadium,Egypt,IR Iran,EGY,IRN,CAF,AFC,Egypt,IR Iran,Egypt,Iran,scheduled,1,,,FALSE,,,,G2,G3,0,2026-04-03,https://www.fifa.com/en/tournaments/mens/worldcup/canadamexicousa2026/scores-fixtures?country=&wtw-filter=ALL
WC-2026,WC-2026_064,400021481,64,2026,17,285023,GS,First Stage,G,2026-06-27T03:00:00Z,2026-06-26T20:00:00Z,2026-06-26,20:00,400248370,BC Place Vancouver,New Zealand,Belgium,NZL,BEL,OFC,UEFA,New Zealand,Belgium,New Zealand,Belgium,scheduled,1,,,FALSE,,,,G4,G1,0,2026-04-03,https://www.fifa.com/en/tournaments/mens/worldcup/canadamexicousa2026/scores-fixtures?country=&wtw-filter=ALL
WC-2026,WC-2026_067,400021508,67,2026,17,285023,GS,First Stage,L,2026-06-27T21:00:00Z,2026-06-27T17:00:00Z,2026-06-27,17:00,400257536,New York/New Jersey Stadium,Panama,England,PAN,ENG,CONCACAF,UEFA,Panama,England,Panama,England,scheduled,1,,,FALSE,,,,L4,L1,0,2026-04-03,https://www.fifa.com/en/tournaments/mens/worldcup/canadamexicousa2026/scores-fixtures?country=&wtw-filter=ALL
WC-2026,WC-2026_068,400021509,68,2026,17,285023,GS,First Stage,L,2026-06-27T21:00:00Z,2026-06-27T17:00:00Z,2026-06-27,17:00,400248622,Philadelphia Stadium,Croatia,Ghana,CRO,GHA,UEFA,CAF,Croatia,Ghana,Croatia,Ghana,scheduled,1,,,FALSE,,,,L2,L3,0,2026-04-03,https://www.fifa.com/en/tournaments/mens/worldcup/canadamexicousa2026/scores-fixtures?country=&wtw-filter=ALL
WC-2026,WC-2026_071,400021505,71,2026,17,285023,GS,First Stage,K,2026-06-27T23:30:00Z,2026-06-27T19:30:00Z,2026-06-27,19:30,400257525,Miami Stadium,Colombia,Portugal,COL,POR,CONMEBOL,UEFA,Colombia,Portugal,Colombia,Portugal,scheduled,1,,,FALSE,,,,K4,K1,0,2026-04-03,https://www.fifa.com/en/tournaments/mens/worldcup/canadamexicousa2026/scores-fixtures?country=&wtw-filter=ALL
WC-2026,WC-2026_072,400021500,72,2026,17,285023,GS,First Stage,K,2026-06-27T23:30:00Z,2026-06-27T19:30:00Z,2026-06-27,19:30,400098290,Atlanta Stadium,Congo DR,Uzbekistan,COD,UZB,CAF,AFC,Congo DR,Uzbekistan,DR Congo,Uzbekistan,scheduled,1,,,FALSE,,,,FIFA PO 1,K3,0,2026-04-03,https://www.fifa.com/en/tournaments/mens/worldcup/canadamexicousa2026/scores-fixtures?country=&wtw-filter=ALL
WC-2026,WC-2026_069,400021497,69,2026,17,285023,GS,First Stage,J,2026-06-28T02:00:00Z,2026-06-27T21:00:00Z,2026-06-27,21:00,400254717,Kansas City Stadium,Algeria,Austria,ALG,AUT,CAF,UEFA,Algeria,Austria,Algeria,Austria,scheduled,1,,,FALSE,,,,J2,J3,0,2026-04-03,https://www.fifa.com/en/tournaments/mens/worldcup/canadamexicousa2026/scores-fixtures?country=&wtw-filter=ALL
WC-2026,WC-2026_070,400021495,70,2026,17,285023,GS,First Stage,J,2026-06-28T02:00:00Z,2026-06-27T21:00:00Z,2026-06-27,21:00,400257526,Dallas Stadium,Jordan,Argentina,JOR,ARG,AFC,CONMEBOL,Jordan,Argentina,Jordan,Argentina,scheduled,1,,,FALSE,,,,J4,J1,0,2026-04-03,https://www.fifa.com/en/tournaments/mens/worldcup/canadamexicousa2026/scores-fixtures?country=&wtw-filter=ALL
WC-2026,WC-2026_073,400021518,73,2026,17,285023,R32,Round of 32,,2026-06-28T19:00:00Z,2026-06-28T12:00:00Z,2026-06-28,12:00,400017978,Los Angeles Stadium,2A,2B,,,,,,,,,scheduled,1,,,FALSE,,,,2A,2B,0,2026-04-03,https://www.fifa.com/en/tournaments/mens/worldcup/canadamexicousa2026/scores-fixtures?country=&wtw-filter=ALL
WC-2026,WC-2026_076,400021516,76,2026,17,285023,R32,Round of 32,,2026-06-29T17:00:00Z,2026-06-29T12:00:00Z,2026-06-29,12:00,400249385,Houston Stadium,1C,2F,,,,,,,,,scheduled,1,,,FALSE,,,,1C,2F,0,2026-04-03,https://www.fifa.com/en/tournaments/mens/worldcup/canadamexicousa2026/scores-fixtures?country=&wtw-filter=ALL
WC-2026,WC-2026_074,400021513,74,2026,17,285023,R32,Round of 32,,2026-06-29T20:30:00Z,2026-06-29T16:30:00Z,2026-06-29,16:30,400248623,Boston Stadium,1E,3ABCDF,,,,,,,,,scheduled,1,,,FALSE,,,,1E,3ABCDF,0,2026-04-03,https://www.fifa.com/en/tournaments/mens/worldcup/canadamexicousa2026/scores-fixtures?country=&wtw-filter=ALL
WC-2026,WC-2026_075,400021522,75,2026,17,285023,R32,Round of 32,,2026-06-30T01:00:00Z,2026-06-29T19:00:00Z,2026-06-29,19:00,400238450,Monterrey Stadium,1F,2C,,,,,,,,,scheduled,1,,,FALSE,,,,1F,2C,0,2026-04-03,https://www.fifa.com/en/tournaments/mens/worldcup/canadamexicousa2026/scores-fixtures?country=&wtw-filter=ALL
WC-2026,WC-2026_078,400021514,78,2026,17,285023,R32,Round of 32,,2026-06-30T17:00:00Z,2026-06-30T12:00:00Z,2026-06-30,12:00,400257526,Dallas Stadium,2E,2I,,,,,,,,,scheduled,1,,,FALSE,,,,2E,2I,0,2026-04-03,https://www.fifa.com/en/tournaments/mens/worldcup/canadamexicousa2026/scores-fixtures?country=&wtw-filter=ALL
WC-2026,WC-2026_077,400021523,77,2026,17,285023,R32,Round of 32,,2026-06-30T21:00:00Z,2026-06-30T17:00:00Z,2026-06-30,17:00,400257536,New York/New Jersey Stadium,1I,3CDFGH,,,,,,,,,scheduled,1,,,FALSE,,,,1I,3CDFGH,0,2026-04-03,https://www.fifa.com/en/tournaments/mens/worldcup/canadamexicousa2026/scores-fixtures?country=&wtw-filter=ALL
WC-2026,WC-2026_079,400021520,79,2026,17,285023,R32,Round of 32,,2026-07-01T01:00:00Z,2026-06-30T19:00:00Z,2026-06-30,19:00,400222084,Mexico City Stadium,1A,3CEFHI,,,,,,,,,scheduled,1,,,FALSE,,,,1A,3CEFHI,0,2026-04-03,https://www.fifa.com/en/tournaments/mens/worldcup/canadamexicousa2026/scores-fixtures?country=&wtw-filter=ALL
WC-2026,WC-2026_080,400021512,80,2026,17,285023,R32,Round of 32,,2026-07-01T16:00:00Z,2026-07-01T12:00:00Z,2026-07-01,12:00,400098290,Atlanta Stadium,1L,3EHIJK,,,,,,,,,scheduled,1,,,FALSE,,,,1L,3EHIJK,0,2026-04-03,https://www.fifa.com/en/tournaments/mens/worldcup/canadamexicousa2026/scores-fixtures?country=&wtw-filter=ALL
WC-2026,WC-2026_082,400021525,82,2026,17,285023,R32,Round of 32,,2026-07-01T20:00:00Z,2026-07-01T13:00:00Z,2026-07-01,13:00,400216606,Seattle Stadium,1G,3AEHIJ,,,,,,,,,scheduled,1,,,FALSE,,,,1G,3AEHIJ,0,2026-04-03,https://www.fifa.com/en/tournaments/mens/worldcup/canadamexicousa2026/scores-fixtures?country=&wtw-filter=ALL
WC-2026,WC-2026_081,400021524,81,2026,17,285023,R32,Round of 32,,2026-07-02T00:00:00Z,2026-07-01T17:00:00Z,2026-07-01,17:00,400257521,San Francisco Bay Area Stadium,1D,3BEFIJ,,,,,,,,,scheduled,1,,,FALSE,,,,1D,3BEFIJ,0,2026-04-03,https://www.fifa.com/en/tournaments/mens/worldcup/canadamexicousa2026/scores-fixtures?country=&wtw-filter=ALL
WC-2026,WC-2026_084,400021519,84,2026,17,285023,R32,Round of 32,,2026-07-02T19:00:00Z,2026-07-02T12:00:00Z,2026-07-02,12:00,400017978,Los Angeles Stadium,1H,2J,,,,,,,,,scheduled,1,,,FALSE,,,,1H,2J,0,2026-04-03,https://www.fifa.com/en/tournaments/mens/worldcup/canadamexicousa2026/scores-fixtures?country=&wtw-filter=ALL
WC-2026,WC-2026_083,400021526,83,2026,17,285023,R32,Round of 32,,2026-07-02T23:00:00Z,2026-07-02T19:00:00Z,2026-07-02,19:00,400242032,Toronto Stadium,2K,2L,,,,,,,,,scheduled,1,,,FALSE,,,,2K,2L,0,2026-04-03,https://www.fifa.com/en/tournaments/mens/worldcup/canadamexicousa2026/scores-fixtures?country=&wtw-filter=ALL
WC-2026,WC-2026_085,400021527,85,2026,17,285023,R32,Round of 32,,2026-07-03T03:00:00Z,2026-07-02T20:00:00Z,2026-07-02,20:00,400248370,BC Place Vancouver,1B,3EFGIJ,,,,,,,,,scheduled,1,,,FALSE,,,,1B,3EFGIJ,0,2026-04-03,https://www.fifa.com/en/tournaments/mens/worldcup/canadamexicousa2026/scores-fixtures?country=&wtw-filter=ALL
WC-2026,WC-2026_088,400021515,88,2026,17,285023,R32,Round of 32,,2026-07-03T18:00:00Z,2026-07-03T13:00:00Z,2026-07-03,13:00,400257526,Dallas Stadium,2D,2G,,,,,,,,,scheduled,1,,,FALSE,,,,2D,2G,0,2026-04-03,https://www.fifa.com/en/tournaments/mens/worldcup/canadamexicousa2026/scores-fixtures?country=&wtw-filter=ALL
WC-2026,WC-2026_086,400021521,86,2026,17,285023,R32,Round of 32,,2026-07-03T22:00:00Z,2026-07-03T18:00:00Z,2026-07-03,18:00,400257525,Miami Stadium,1J,2H,,,,,,,,,scheduled,1,,,FALSE,,,,1J,2H,0,2026-04-03,https://www.fifa.com/en/tournaments/mens/worldcup/canadamexicousa2026/scores-fixtures?country=&wtw-filter=ALL
WC-2026,WC-2026_087,400021517,87,2026,17,285023,R32,Round of 32,,2026-07-04T01:30:00Z,2026-07-03T20:30:00Z,2026-07-03,20:30,400254717,Kansas City Stadium,1K,3DEIJL,,,,,,,,,scheduled,1,,,FALSE,,,,1K,3DEIJL,0,2026-04-03,https://www.fifa.com/en/tournaments/mens/worldcup/canadamexicousa2026/scores-fixtures?country=&wtw-filter=ALL
WC-2026,WC-2026_090,400021530,90,2026,17,285023,R16,Round of 16,,2026-07-04T17:00:00Z,2026-07-04T12:00:00Z,2026-07-04,12:00,400249385,Houston Stadium,W73,W75,,,,,,,,,scheduled,1,,,FALSE,,,,W73,W75,0,2026-04-03,https://www.fifa.com/en/tournaments/mens/worldcup/canadamexicousa2026/scores-fixtures?country=&wtw-filter=ALL
WC-2026,WC-2026_089,400021533,89,2026,17,285023,R16,Round of 16,,2026-07-04T21:00:00Z,2026-07-04T17:00:00Z,2026-07-04,17:00,400248622,Philadelphia Stadium,W74,W77,,,,,,,,,scheduled,1,,,FALSE,,,,W74,W77,0,2026-04-03,https://www.fifa.com/en/tournaments/mens/worldcup/canadamexicousa2026/scores-fixtures?country=&wtw-filter=ALL
WC-2026,WC-2026_091,400021532,91,2026,17,285023,R16,Round of 16,,2026-07-05T20:00:00Z,2026-07-05T16:00:00Z,2026-07-05,16:00,400257536,New York/New Jersey Stadium,W76,W78,,,,,,,,,scheduled,1,,,FALSE,,,,W76,W78,0,2026-04-03,https://www.fifa.com/en/tournaments/mens/worldcup/canadamexicousa2026/scores-fixtures?country=&wtw-filter=ALL
WC-2026,WC-2026_092,400021531,92,2026,17,285023,R16,Round of 16,,2026-07-06T00:00:00Z,2026-07-05T18:00:00Z,2026-07-05,18:00,400222084,Mexico City Stadium,W79,W80,,,,,,,,,scheduled,1,,,FALSE,,,,W79,W80,0,2026-04-03,https://www.fifa.com/en/tournaments/mens/worldcup/canadamexicousa2026/scores-fixtures?country=&wtw-filter=ALL
WC-2026,WC-2026_093,400021529,93,2026,17,285023,R16,Round of 16,,2026-07-06T19:00:00Z,2026-07-06T14:00:00Z,2026-07-06,14:00,400257526,Dallas Stadium,W83,W84,,,,,,,,,scheduled,1,,,FALSE,,,,W83,W84,0,2026-04-03,https://www.fifa.com/en/tournaments/mens/worldcup/canadamexicousa2026/scores-fixtures?country=&wtw-filter=ALL
WC-2026,WC-2026_094,400021534,94,2026,17,285023,R16,Round of 16,,2026-07-07T00:00:00Z,2026-07-06T17:00:00Z,2026-07-06,17:00,400216606,Seattle Stadium,W81,W82,,,,,,,,,scheduled,1,,,FALSE,,,,W81,W82,0,2026-04-03,https://www.fifa.com/en/tournaments/mens/worldcup/canadamexicousa2026/scores-fixtures?country=&wtw-filter=ALL
WC-2026,WC-2026_095,400021528,95,2026,17,285023,R16,Round of 16,,2026-07-07T16:00:00Z,2026-07-07T12:00:00Z,2026-07-07,12:00,400098290,Atlanta Stadium,W86,W88,,,,,,,,,scheduled,1,,,FALSE,,,,W86,W88,0,2026-04-03,https://www.fifa.com/en/tournaments/mens/worldcup/canadamexicousa2026/scores-fixtures?country=&wtw-filter=ALL
WC-2026,WC-2026_096,400021535,96,2026,17,285023,R16,Round of 16,,2026-07-07T20:00:00Z,2026-07-07T13:00:00Z,2026-07-07,13:00,400248370,BC Place Vancouver,W85,W87,,,,,,,,,scheduled,1,,,FALSE,,,,W85,W87,0,2026-04-03,https://www.fifa.com/en/tournaments/mens/worldcup/canadamexicousa2026/scores-fixtures?country=&wtw-filter=ALL
WC-2026,WC-2026_097,400021536,97,2026,17,285023,QF,Quarter-final,,2026-07-09T20:00:00Z,2026-07-09T16:00:00Z,2026-07-09,16:00,400248623,Boston Stadium,W89,W90,,,,,,,,,scheduled,1,,,FALSE,,,,W89,W90,0,2026-04-03,https://www.fifa.com/en/tournaments/mens/worldcup/canadamexicousa2026/scores-fixtures?country=&wtw-filter=ALL
WC-2026,WC-2026_098,400021538,98,2026,17,285023,QF,Quarter-final,,2026-07-10T19:00:00Z,2026-07-10T12:00:00Z,2026-07-10,12:00,400017978,Los Angeles Stadium,W93,W94,,,,,,,,,scheduled,1,,,FALSE,,,,W93,W94,0,2026-04-03,https://www.fifa.com/en/tournaments/mens/worldcup/canadamexicousa2026/scores-fixtures?country=&wtw-filter=ALL
WC-2026,WC-2026_099,400021539,99,2026,17,285023,QF,Quarter-final,,2026-07-11T21:00:00Z,2026-07-11T17:00:00Z,2026-07-11,17:00,400257525,Miami Stadium,W91,W92,,,,,,,,,scheduled,1,,,FALSE,,,,W91,W92,0,2026-04-03,https://www.fifa.com/en/tournaments/mens/worldcup/canadamexicousa2026/scores-fixtures?country=&wtw-filter=ALL
WC-2026,WC-2026_100,400021537,100,2026,17,285023,QF,Quarter-final,,2026-07-12T01:00:00Z,2026-07-11T20:00:00Z,2026-07-11,20:00,400254717,Kansas City Stadium,W95,W96,,,,,,,,,scheduled,1,,,FALSE,,,,W95,W96,0,2026-04-03,https://www.fifa.com/en/tournaments/mens/worldcup/canadamexicousa2026/scores-fixtures?country=&wtw-filter=ALL
WC-2026,WC-2026_101,400021541,101,2026,17,285023,SF,Semi-final,,2026-07-14T19:00:00Z,2026-07-14T14:00:00Z,2026-07-14,14:00,400257526,Dallas Stadium,W97,W98,,,,,,,,,scheduled,1,,,FALSE,,,,W97,W98,0,2026-04-03,https://www.fifa.com/en/tournaments/mens/worldcup/canadamexicousa2026/scores-fixtures?country=&wtw-filter=ALL
WC-2026,WC-2026_102,400021540,102,2026,17,285023,SF,Semi-final,,2026-07-15T19:00:00Z,2026-07-15T15:00:00Z,2026-07-15,15:00,400098290,Atlanta Stadium,W99,W100,,,,,,,,,scheduled,1,,,FALSE,,,,W99,W100,0,2026-04-03,https://www.fifa.com/en/tournaments/mens/worldcup/canadamexicousa2026/scores-fixtures?country=&wtw-filter=ALL
WC-2026,WC-2026_103,400021542,103,2026,17,285023,3P,Play-off for third place,,2026-07-18T21:00:00Z,2026-07-18T17:00:00Z,2026-07-18,17:00,400257525,Miami Stadium,RU101,RU102,,,,,,,,,scheduled,1,,,FALSE,,,,RU101,RU102,0,2026-04-03,https://www.fifa.com/en/tournaments/mens/worldcup/canadamexicousa2026/scores-fixtures?country=&wtw-filter=ALL
WC-2026,WC-2026_104,400021543,104,2026,17,285023,F,Final,,2026-07-19T19:00:00Z,2026-07-19T15:00:00Z,2026-07-19,15:00,400257536,New York/New Jersey Stadium,W101,W102,,,,,,,,,scheduled,1,,,FALSE,,,,W101,W102,0,2026-04-03,https://www.fifa.com/en/tournaments/mens/worldcup/canadamexicousa2026/scores-fixtures?country=&wtw-filter=ALL
