tournament_id,match_id,match_number,date,tournament,status,team,team_id,team_code,team_confederation,opponent,opponent_id,opponent_code,opponent_confederation,is_home,team_score,opponent_score,result,city,country,neutral,team_elo_start,opponent_elo_start,team_elo_end,opponent_elo_end,team_elo_delta
,,,1903-04-05,Friendly,played,Czechoslovakia,CSK,CSK,UEFA,Hungary,HUN,HUN,UEFA,FALSE,1,2,loss,Budapest,Hungary,FALSE,1900,1886,1892,1894,-8
,,,1906-04-01,Friendly,played,Czechoslovakia,CSK,CSK,UEFA,Hungary,HUN,HUN,UEFA,FALSE,1,1,draw,Budapest,Hungary,FALSE,1892,1896,1895,1893,3
,,,1906-10-07,Friendly,played,Czechoslovakia,CSK,CSK,UEFA,Hungary,HUN,HUN,UEFA,TRUE,4,4,draw,Prague,Bohemia,FALSE,1895,1893,1892,1896,-3
,,,1907-04-07,Friendly,played,Czechoslovakia,CSK,CSK,UEFA,Hungary,HUN,HUN,UEFA,FALSE,2,5,loss,Budapest,Hungary,FALSE,1892,1907,1880,1919,-12
,,,1907-10-06,Friendly,played,Czechoslovakia,CSK,CSK,UEFA,Hungary,HUN,HUN,UEFA,TRUE,5,3,win,Prague,Bohemia,FALSE,1880,1907,1892,1895,12
,,,1908-04-05,Friendly,played,Czechoslovakia,CSK,CSK,UEFA,Hungary,HUN,HUN,UEFA,FALSE,2,5,loss,Budapest,Hungary,FALSE,1892,1908,1880,1920,-12
,,,1908-06-13,Friendly,played,Czechoslovakia,CSK,CSK,UEFA,England,ENG,ENG,UEFA,TRUE,0,4,loss,Prague,Bohemia,FALSE,1880,2081,1867,2094,-13
,,,1910-10-16,Friendly,played,Czechoslovakia,CSK,CSK,UEFA,Russia,RUS,RUS,UEFA,FALSE,4,5,loss,Saint Petersburg,Russia,FALSE,,,,,
,,,1910-10-23,Friendly,played,Czechoslovakia,CSK,CSK,UEFA,Russia,RUS,RUS,UEFA,FALSE,0,1,loss,Moscow,Russia,FALSE,,,,,
,,,1919-06-24,Inter-Allied Games,played,Czechoslovakia,CSK,CSK,UEFA,Belgium,BEL,BEL,UEFA,TRUE,4,1,win,Paris,France,TRUE,,,,,
,,,1919-06-26,Inter-Allied Games,played,Czechoslovakia,CSK,CSK,UEFA,United States,USA,USA,CONCACAF,TRUE,8,2,win,Paris,France,TRUE,,,,,
,,,1919-06-28,Inter-Allied Games,played,Czechoslovakia,CSK,CSK,UEFA,Canada,CAN,CAN,CONCACAF,TRUE,3,2,win,Paris,France,TRUE,,,,,
,,,1919-06-29,Inter-Allied Games,played,Czechoslovakia,CSK,CSK,UEFA,France,FRA,FRA,UEFA,FALSE,3,2,win,Paris,France,FALSE,,,,,
,,,1920-08-28,Olympic Games,played,Czechoslovakia,CSK,CSK,UEFA,Yugoslavia,YUG,YUG,UEFA,TRUE,7,0,win,Antwerp,Belgium,TRUE,1867,1600,1891,1576,24
,,,1920-08-29,Olympic Games,played,Czechoslovakia,CSK,CSK,UEFA,Norway,NOR,NOR,UEFA,TRUE,4,0,win,Brussels,Belgium,TRUE,1891,1569,1906,1554,15
,,,1920-08-31,Olympic Games,played,Czechoslovakia,CSK,CSK,UEFA,France,FRA,FRA,UEFA,FALSE,4,1,win,Antwerp,Belgium,TRUE,1906,1640,1925,1621,19
,,,1920-09-02,Olympic Games,played,Czechoslovakia,CSK,CSK,UEFA,Belgium,BEL,BEL,UEFA,FALSE,0,2,loss,Antwerp,Belgium,FALSE,1925,1892,1889,1928,-36
,,,1921-10-28,Friendly,played,Czechoslovakia,CSK,CSK,UEFA,Yugoslavia,YUG,YUG,UEFA,TRUE,6,1,win,Prague,Czechoslovakia,FALSE,1889,1565,1892,1562,3
,,,1921-11-13,Friendly,played,Czechoslovakia,CSK,CSK,UEFA,Sweden,SWE,SWE,UEFA,TRUE,2,2,draw,Prague,Czechoslovakia,FALSE,1892,1584,1884,1592,-8
,,,1922-02-26,Friendly,played,Czechoslovakia,CSK,CSK,UEFA,Italy,ITA,ITA,UEFA,FALSE,1,1,draw,Turin,Italy,FALSE,1884,1665,1881,1668,-3
,,,1922-06-11,Friendly,played,Czechoslovakia,CSK,CSK,UEFA,Denmark,DNK,DNK,UEFA,FALSE,3,0,win,Copenhagen,Denmark,FALSE,1881,1912,1905,1888,24
,,,1922-06-28,Friendly,played,Czechoslovakia,CSK,CSK,UEFA,Yugoslavia,YUG,YUG,UEFA,FALSE,3,4,loss,Zagreb,Yugoslavia,FALSE,1905,1544,1889,1560,-16
,,,1922-08-13,Friendly,played,Czechoslovakia,CSK,CSK,UEFA,Sweden,SWE,SWE,UEFA,FALSE,2,0,win,Stockholm,Sweden,FALSE,1889,1609,1897,1601,8
,,,1923-05-06,Friendly,played,Czechoslovakia,CSK,CSK,UEFA,Denmark,DNK,DNK,UEFA,TRUE,2,0,win,Prague,Czechoslovakia,FALSE,1897,1866,1907,1856,10
,,,1923-05-27,Friendly,played,Czechoslovakia,CSK,CSK,UEFA,Italy,ITA,ITA,UEFA,TRUE,5,1,win,Prague,Czechoslovakia,FALSE,1907,1704,1913,1698,6
,,,1923-07-01,Friendly,played,Czechoslovakia,CSK,CSK,UEFA,Romania,ROU,ROU,UEFA,FALSE,6,0,win,Cluj,Romania,FALSE,1913,1594,1922,1585,9
,,,1923-10-28,Friendly,played,Czechoslovakia,CSK,CSK,UEFA,Yugoslavia,YUG,YUG,UEFA,TRUE,4,4,draw,Prague,Czechoslovakia,FALSE,1922,1579,1913,1588,-9
,,,1924-05-25,Olympic Games,played,Czechoslovakia,CSK,CSK,UEFA,Turkey,TUR,TUR,UEFA,TRUE,5,2,win,Paris,France,TRUE,1913,1500,1922,1491,9
,,,1924-05-28,Olympic Games,played,Czechoslovakia,CSK,CSK,UEFA,Switzerland,CHE,CHE,UEFA,FALSE,1,1,draw,Paris,France,TRUE,1922,1661,1903,1680,-19
,,,1924-05-30,Olympic Games,played,Czechoslovakia,CSK,CSK,UEFA,Switzerland,CHE,CHE,UEFA,FALSE,0,1,loss,Paris,France,TRUE,1903,1680,1856,1727,-47
,,,1924-08-31,Friendly,played,Czechoslovakia,CSK,CSK,UEFA,Romania,ROU,ROU,UEFA,TRUE,4,1,win,Prague,Czechoslovakia,FALSE,1856,1557,1859,1554,3
,,,1924-09-28,Friendly,played,Czechoslovakia,CSK,CSK,UEFA,Yugoslavia,YUG,YUG,UEFA,FALSE,2,0,win,Zagreb,Yugoslavia,FALSE,1859,1565,1866,1558,7
,,,1925-05-24,Friendly,played,Czechoslovakia,CSK,CSK,UEFA,Austria,AUT,AUT,UEFA,TRUE,3,1,win,Prague,Czechoslovakia,FALSE,1866,1870,1877,1859,11
,,,1925-10-11,Friendly,played,Czechoslovakia,CSK,CSK,UEFA,Hungary,HUN,HUN,UEFA,TRUE,2,0,win,Prague,Czechoslovakia,FALSE,1877,1816,1886,1807,9
,,,1925-10-28,Friendly,played,Czechoslovakia,CSK,CSK,UEFA,Yugoslavia,YUG,YUG,UEFA,TRUE,7,0,win,Prague,Czechoslovakia,FALSE,1886,1558,1890,1554,4
,,,1925-12-13,Friendly,played,Czechoslovakia,CSK,CSK,UEFA,Catalonia,,,,FALSE,1,2,loss,Barcelona,Spain,FALSE,,,,,
,,,1926-01-17,Friendly,played,Czechoslovakia,CSK,CSK,UEFA,Italy,ITA,ITA,UEFA,FALSE,1,3,loss,Turin,Italy,FALSE,1890,1722,1872,1740,-18
,,,1926-03-14,Friendly,played,Czechoslovakia,CSK,CSK,UEFA,Austria,AUT,AUT,UEFA,FALSE,0,2,loss,Vienna,Austria,FALSE,1872,1866,1861,1877,-11
,,,1926-06-06,Friendly,played,Czechoslovakia,CSK,CSK,UEFA,Hungary,HUN,HUN,UEFA,FALSE,1,2,loss,Budapest,Hungary,FALSE,1861,1800,1852,1809,-9
,,,1926-06-13,Friendly,played,Czechoslovakia,CSK,CSK,UEFA,Sweden,SWE,SWE,UEFA,FALSE,2,2,draw,Stockholm,Sweden,FALSE,1852,1886,1856,1882,4
,,,1926-06-28,Friendly,played,Czechoslovakia,CSK,CSK,UEFA,Yugoslavia,YUG,YUG,UEFA,FALSE,6,2,win,Zagreb,Yugoslavia,FALSE,1856,1544,1865,1535,9
,,,1926-07-03,Friendly,played,Czechoslovakia,CSK,CSK,UEFA,Sweden,SWE,SWE,UEFA,TRUE,4,2,win,Prague,Czechoslovakia,FALSE,1865,1880,1876,1869,11
,,,1926-07-07,Friendly,played,Czechoslovakia,CSK,CSK,UEFA,Catalonia,,,,TRUE,2,1,win,Prague,Czechoslovakia,FALSE,,,,,
,,,1926-09-28,Friendly,played,Czechoslovakia,CSK,CSK,UEFA,Austria,AUT,AUT,UEFA,TRUE,1,2,loss,Prague,Czechoslovakia,FALSE,1876,1885,1863,1898,-13
,,,1926-10-28,Friendly,played,Czechoslovakia,CSK,CSK,UEFA,Italy,ITA,ITA,UEFA,TRUE,3,1,win,Prague,Czechoslovakia,FALSE,1863,1748,1870,1741,7
,,,1927-01-02,Friendly,played,Czechoslovakia,CSK,CSK,UEFA,Belgium,BEL,BEL,UEFA,FALSE,3,2,win,Liège,Belgium,FALSE,1870,1722,1879,1713,9
,,,1927-02-20,Friendly,played,Czechoslovakia,CSK,CSK,UEFA,Italy,ITA,ITA,UEFA,FALSE,2,2,draw,Milan,Italy,FALSE,1879,1765,1879,1765,0
,,,1927-03-20,Friendly,played,Czechoslovakia,CSK,CSK,UEFA,Austria,AUT,AUT,UEFA,FALSE,2,1,win,Vienna,Austria,FALSE,1879,1913,1893,1899,14
,,,1927-04-24,Friendly,played,Czechoslovakia,CSK,CSK,UEFA,Hungary,HUN,HUN,UEFA,TRUE,4,1,win,Prague,Czechoslovakia,FALSE,1893,1824,1903,1814,10
,,,1927-05-26,Friendly,played,Czechoslovakia,CSK,CSK,UEFA,Belgium,BEL,BEL,UEFA,TRUE,4,0,win,Prague,Czechoslovakia,FALSE,1903,1711,1909,1705,6
,,,1927-09-18,Central European International Cup,played,Czechoslovakia,CSK,CSK,UEFA,Austria,AUT,AUT,UEFA,TRUE,2,0,win,Prague,Czechoslovakia,FALSE,1909,1928,1932,1905,23
,,,1927-10-09,Friendly,played,Czechoslovakia,CSK,CSK,UEFA,Hungary,HUN,HUN,UEFA,FALSE,2,1,win,Budapest,Hungary,FALSE,1932,1822,1942,1812,10
,,,1927-10-23,Central European International Cup,played,Czechoslovakia,CSK,CSK,UEFA,Italy,ITA,ITA,UEFA,TRUE,2,2,draw,Prague,Czechoslovakia,FALSE,1942,1792,1930,1804,-12
,,,1927-10-28,Friendly,played,Czechoslovakia,CSK,CSK,UEFA,Yugoslavia,YUG,YUG,UEFA,TRUE,5,3,win,Prague,Czechoslovakia,FALSE,1930,1599,1932,1597,2
,,,1928-04-01,Central European International Cup,played,Czechoslovakia,CSK,CSK,UEFA,Austria,AUT,AUT,UEFA,FALSE,1,0,win,Vienna,Austria,FALSE,1932,1905,1956,1881,24
,,,1928-04-22,Central European International Cup,played,Czechoslovakia,CSK,CSK,UEFA,Hungary,HUN,HUN,UEFA,FALSE,0,2,loss,Budapest,Hungary,FALSE,1956,1799,1921,1834,-35
,,,1928-05-13,Friendly,played,Czechoslovakia,CSK,CSK,UEFA,France,FRA,FRA,UEFA,FALSE,2,0,win,Colombes,France,FALSE,1921,1575,1927,1569,6
,,,1928-09-23,Friendly,played,Czechoslovakia,CSK,CSK,UEFA,Hungary,HUN,HUN,UEFA,TRUE,6,1,win,Prague,Czechoslovakia,FALSE,1927,1832,1937,1822,10
,,,1928-10-27,Friendly,played,Czechoslovakia,CSK,CSK,UEFA,Poland,POL,POL,UEFA,TRUE,3,2,win,Prague,Czechoslovakia,FALSE,1937,1609,1939,1607,2
,,,1928-10-28,Friendly,played,Czechoslovakia,CSK,CSK,UEFA,Yugoslavia,YUG,YUG,UEFA,TRUE,7,1,win,Prague,Czechoslovakia,FALSE,1939,1593,1944,1588,5
,,,1929-03-03,Central European International Cup,played,Czechoslovakia,CSK,CSK,UEFA,Italy,ITA,ITA,UEFA,FALSE,2,4,loss,Bologna,Italy,FALSE,1944,1947,1923,1968,-21
,,,1929-03-17,Friendly,played,Czechoslovakia,CSK,CSK,UEFA,Austria,AUT,AUT,UEFA,TRUE,3,3,draw,Prague,Czechoslovakia,FALSE,1923,1924,1920,1927,-3
,,,1929-05-05,Central European International Cup,played,Czechoslovakia,CSK,CSK,UEFA,Switzerland,CHE,CHE,UEFA,FALSE,4,1,win,Lausanne,Switzerland,FALSE,1920,1588,1935,1573,15
,,,1929-06-28,Friendly,played,Czechoslovakia,CSK,CSK,UEFA,Yugoslavia,YUG,YUG,UEFA,FALSE,3,3,draw,Zagreb,Yugoslavia,FALSE,1935,1624,1930,1629,-5
,,,1929-09-08,Central European International Cup,played,Czechoslovakia,CSK,CSK,UEFA,Hungary,HUN,HUN,UEFA,TRUE,1,1,draw,Prague,Czechoslovakia,FALSE,1930,1808,1919,1819,-11
,,,1929-09-15,Friendly,played,Czechoslovakia,CSK,CSK,UEFA,Austria,AUT,AUT,UEFA,FALSE,1,2,loss,Vienna,Austria,FALSE,1919,1950,1913,1956,-6
,,,1929-10-06,Central European International Cup,played,Czechoslovakia,CSK,CSK,UEFA,Switzerland,CHE,CHE,UEFA,TRUE,5,0,win,Prague,Czechoslovakia,FALSE,1913,1573,1919,1567,6
,,,1929-10-28,Friendly,played,Czechoslovakia,CSK,CSK,UEFA,Yugoslavia,YUG,YUG,UEFA,TRUE,4,3,win,Prague,Czechoslovakia,FALSE,1919,1610,1921,1608,2
,,,1930-01-01,Friendly,played,Czechoslovakia,CSK,CSK,UEFA,Spain,ESP,ESP,UEFA,FALSE,0,1,loss,Barcelona,Spain,FALSE,1921,1917,1914,1924,-7
,,,1930-01-12,Friendly,played,Czechoslovakia,CSK,CSK,UEFA,Portugal,PRT,PRT,UEFA,FALSE,0,1,loss,Lisbon,Portugal,FALSE,1914,1688,1901,1701,-13
,,,1930-03-23,Friendly,played,Czechoslovakia,CSK,CSK,UEFA,Austria,AUT,AUT,UEFA,TRUE,2,2,draw,Prague,Czechoslovakia,FALSE,1901,1955,1900,1956,-1
,,,1930-05-01,Friendly,played,Czechoslovakia,CSK,CSK,UEFA,Hungary,HUN,HUN,UEFA,TRUE,1,1,draw,Prague,Czechoslovakia,FALSE,1900,1825,1895,1830,-5
,,,1930-05-11,Friendly,played,Czechoslovakia,CSK,CSK,UEFA,France,FRA,FRA,UEFA,FALSE,3,2,win,Colombes,France,FALSE,1895,1520,1898,1517,3
,,,1930-06-14,Friendly,played,Czechoslovakia,CSK,CSK,UEFA,Spain,ESP,ESP,UEFA,TRUE,2,0,win,Prague,Czechoslovakia,FALSE,1898,1924,1910,1912,12
,,,1930-09-21,Friendly,played,Czechoslovakia,CSK,CSK,UEFA,Belgium,BEL,BEL,UEFA,FALSE,3,2,win,Antwerp,Belgium,FALSE,1910,1604,1915,1599,5
,,,1930-10-26,Friendly,played,Czechoslovakia,CSK,CSK,UEFA,Hungary,HUN,HUN,UEFA,FALSE,1,1,draw,Budapest,Hungary,FALSE,1915,1815,1915,1815,0
,,,1931-02-15,Friendly,played,Czechoslovakia,CSK,CSK,UEFA,France,FRA,FRA,UEFA,FALSE,2,1,win,Colombes,France,FALSE,1915,1571,1919,1567,4
,,,1931-03-22,Central European International Cup,played,Czechoslovakia,CSK,CSK,UEFA,Hungary,HUN,HUN,UEFA,TRUE,3,3,draw,Prague,Czechoslovakia,FALSE,1919,1815,1908,1826,-11
,,,1931-04-12,Central European International Cup,played,Czechoslovakia,CSK,CSK,UEFA,Austria,AUT,AUT,UEFA,FALSE,1,2,loss,Vienna,Austria,FALSE,1908,1919,1894,1933,-14
,,,1931-06-13,Central European International Cup,played,Czechoslovakia,CSK,CSK,UEFA,Switzerland,CHE,CHE,UEFA,TRUE,7,3,win,Prague,Czechoslovakia,FALSE,1894,1560,1900,1554,6
,,,1931-06-14,Friendly,played,Czechoslovakia,CSK,CSK,UEFA,Poland,POL,POL,UEFA,FALSE,4,0,win,Warsaw,Poland,FALSE,1900,1641,1911,1630,11
,,,1931-08-02,Friendly,played,Czechoslovakia,CSK,CSK,UEFA,Yugoslavia,YUG,YUG,UEFA,FALSE,1,2,loss,Belgrade,Yugoslavia,FALSE,1911,1633,1896,1648,-15
,,,1931-09-20,Friendly,played,Czechoslovakia,CSK,CSK,UEFA,Hungary,HUN,HUN,UEFA,FALSE,0,3,loss,Budapest,Hungary,FALSE,1896,1833,1880,1849,-16
,,,1931-11-15,Central European International Cup,played,Czechoslovakia,CSK,CSK,UEFA,Italy,ITA,ITA,UEFA,FALSE,2,2,draw,Rome,Italy,FALSE,1880,1989,1891,1978,11
,,,1932-03-20,Friendly,played,Czechoslovakia,CSK,CSK,UEFA,Hungary,HUN,HUN,UEFA,TRUE,1,3,loss,Prague,Czechoslovakia,FALSE,1891,1848,1870,1869,-21
,,,1932-04-17,Central European International Cup,played,Czechoslovakia,CSK,CSK,UEFA,Switzerland,CHE,CHE,UEFA,FALSE,1,5,loss,Zürich,Switzerland,FALSE,1870,1528,1810,1588,-60
,,,1932-05-22,Central European International Cup,played,Czechoslovakia,CSK,CSK,UEFA,Austria,AUT,AUT,UEFA,TRUE,1,1,draw,Prague,Czechoslovakia,FALSE,1810,2006,1815,2001,5
,,,1932-05-29,Friendly,played,Czechoslovakia,CSK,CSK,UEFA,Netherlands,NED,NLD,UEFA,FALSE,2,1,win,Amsterdam,Netherlands,FALSE,1815,1650,1823,1642,8
,,,1932-09-18,Central European International Cup,played,Czechoslovakia,CSK,CSK,UEFA,Hungary,HUN,HUN,UEFA,FALSE,1,2,loss,Budapest,Hungary,FALSE,1823,1817,1808,1832,-15
,,,1932-10-09,Friendly,played,Czechoslovakia,CSK,CSK,UEFA,Yugoslavia,YUG,YUG,UEFA,TRUE,2,1,win,Prague,Czechoslovakia,FALSE,1808,1556,1810,1554,2
,,,1932-10-28,Central European International Cup,played,Czechoslovakia,CSK,CSK,UEFA,Italy,ITA,ITA,UEFA,TRUE,2,1,win,Prague,Czechoslovakia,FALSE,1810,1977,1834,1953,24
,,,1933-03-19,Friendly,played,Czechoslovakia,CSK,CSK,UEFA,Hungary,HUN,HUN,UEFA,FALSE,0,2,loss,Budapest,Hungary,FALSE,1834,1821,1823,1832,-11
,,,1933-04-09,Friendly,played,Czechoslovakia,CSK,CSK,UEFA,Austria,AUT,AUT,UEFA,FALSE,2,1,win,Vienna,Austria,FALSE,1823,2022,1840,2005,17
,,,1933-05-07,Central European International Cup,played,Czechoslovakia,CSK,CSK,UEFA,Italy,ITA,ITA,UEFA,FALSE,0,2,loss,Florence,Italy,FALSE,1840,1984,1828,1996,-12
,,,1933-06-10,Friendly,played,Czechoslovakia,CSK,CSK,UEFA,France,FRA,FRA,UEFA,TRUE,4,0,win,Prague,Czechoslovakia,FALSE,1828,1606,1833,1601,5
,,,1933-08-06,Friendly,played,Czechoslovakia,CSK,CSK,UEFA,Yugoslavia,YUG,YUG,UEFA,FALSE,1,2,loss,Zagreb,Yugoslavia,FALSE,1833,1563,1818,1578,-15
,,,1933-09-17,Friendly,played,Czechoslovakia,CSK,CSK,UEFA,Austria,AUT,AUT,UEFA,TRUE,3,3,draw,Prague,Czechoslovakia,FALSE,1818,2005,1820,2003,2
,,,1933-10-15,FIFA World Cup qualification,played,Czechoslovakia,CSK,CSK,UEFA,Poland,POL,POL,UEFA,FALSE,2,1,win,Warsaw,Poland,FALSE,1820,1675,1837,1658,17
,,,1934-03-25,Friendly,played,Czechoslovakia,CSK,CSK,UEFA,France,FRA,FRA,UEFA,FALSE,2,1,win,Colombes,France,FALSE,1837,1599,1843,1593,6
,,,1934-04-29,Central European International Cup,played,Czechoslovakia,CSK,CSK,UEFA,Hungary,HUN,HUN,UEFA,TRUE,2,2,draw,Prague,Czechoslovakia,FALSE,1843,1804,1835,1812,-8
,,,1934-05-16,Friendly,played,Czechoslovakia,CSK,CSK,UEFA,England,ENG,ENG,UEFA,TRUE,2,1,win,Prague,Czechoslovakia,FALSE,1835,2007,1847,1995,12
WC-1934,WC-1934_005,5,1934-05-27,FIFA World Cup,played,Czechoslovakia,CSK,CSK,UEFA,Romania,ROU,ROU,UEFA,TRUE,2,1,win,Trieste,Italy,TRUE,1847,1639,1861,1625,14
WC-1934,WC-1934_010,10,1934-05-31,FIFA World Cup,played,Czechoslovakia,CSK,CSK,UEFA,Switzerland,CHE,CHE,UEFA,TRUE,3,2,win,Turin,Italy,TRUE,1861,1653,1875,1639,14
WC-1934,WC-1934_014,14,1934-06-03,FIFA World Cup,played,Czechoslovakia,CSK,CSK,UEFA,Germany,GER,DEU,UEFA,TRUE,3,1,win,Rome,Italy,TRUE,1875,1846,1916,1805,41
WC-1934,WC-1934_017,17,1934-06-10,FIFA World Cup,played,Czechoslovakia,CSK,CSK,UEFA,Italy,ITA,ITA,UEFA,FALSE,1,2,loss,Rome,Italy,FALSE,1916,2034,1903,2047,-13
,,,1934-09-02,Friendly,played,Czechoslovakia,CSK,CSK,UEFA,Yugoslavia,YUG,YUG,UEFA,TRUE,3,1,win,Prague,Czechoslovakia,FALSE,1903,1597,1906,1594,3
,,,1934-09-23,Central European International Cup,played,Czechoslovakia,CSK,CSK,UEFA,Austria,AUT,AUT,UEFA,FALSE,2,2,draw,Vienna,Austria,FALSE,1906,1995,1916,1985,10
,,,1934-10-14,Central European International Cup,played,Czechoslovakia,CSK,CSK,UEFA,Switzerland,CHE,CHE,UEFA,FALSE,2,2,draw,Geneva,Switzerland,FALSE,1916,1639,1907,1648,-9
,,,1935-03-17,Central European International Cup,played,Czechoslovakia,CSK,CSK,UEFA,Switzerland,CHE,CHE,UEFA,TRUE,3,1,win,Prague,Czechoslovakia,FALSE,1907,1620,1913,1614,6
,,,1935-04-14,Central European International Cup,played,Czechoslovakia,CSK,CSK,UEFA,Austria,AUT,AUT,UEFA,TRUE,0,0,draw,Prague,Czechoslovakia,FALSE,1913,1926,1908,1931,-5
,,,1935-05-26,Friendly,played,Czechoslovakia,CSK,CSK,UEFA,Germany,GER,DEU,UEFA,FALSE,1,2,loss,Dresden,Germany,FALSE,1908,1896,1900,1904,-8
,,,1935-09-06,Friendly,played,Czechoslovakia,CSK,CSK,UEFA,Yugoslavia,YUG,YUG,UEFA,FALSE,0,0,draw,Belgrade,Yugoslavia,FALSE,1900,1659,1896,1663,-4
,,,1935-09-22,Central European International Cup,played,Czechoslovakia,CSK,CSK,UEFA,Hungary,HUN,HUN,UEFA,FALSE,0,1,loss,Budapest,Hungary,FALSE,1896,1835,1878,1853,-18
,,,1935-10-27,Central European International Cup,played,Czechoslovakia,CSK,CSK,UEFA,Italy,ITA,ITA,UEFA,TRUE,2,1,win,Prague,Czechoslovakia,FALSE,,,,,
,,,1936-02-09,Friendly,played,Czechoslovakia,CSK,CSK,UEFA,France,FRA,FRA,UEFA,FALSE,3,0,win,Paris,France,FALSE,1903,1626,1912,1617,9
,,,1936-03-22,Central European International Cup,played,Czechoslovakia,CSK,CSK,UEFA,Austria,AUT,AUT,UEFA,FALSE,1,1,draw,Vienna,Austria,FALSE,1912,1913,1918,1907,6
,,,1936-09-27,Friendly,played,Czechoslovakia,CSK,CSK,UEFA,Germany,GER,DEU,UEFA,TRUE,1,2,loss,Prague,Czechoslovakia,FALSE,1926,1827,1911,1842,-15
,,,1936-10-18,Central European International Cup,played,Czechoslovakia,CSK,CSK,UEFA,Hungary,HUN,HUN,UEFA,TRUE,5,2,win,Prague,Czechoslovakia,FALSE,1911,1919,1937,1893,26
,,,1936-12-13,Friendly,played,Czechoslovakia,CSK,CSK,UEFA,Italy,ITA,ITA,UEFA,FALSE,0,2,loss,Genoa,Italy,FALSE,1937,2065,1931,2071,-6
,,,1937-02-21,Central European International Cup,played,Czechoslovakia,CSK,CSK,UEFA,Switzerland,CHE,CHE,UEFA,TRUE,5,3,win,Prague,Czechoslovakia,FALSE,1931,1639,1937,1633,6
,,,1937-04-18,Friendly,played,Czechoslovakia,CSK,CSK,UEFA,Romania,ROU,ROU,UEFA,FALSE,1,1,draw,Bucharest,Romania,FALSE,1937,1562,1927,1572,-10
,,,1937-05-06,Friendly,played,Czechoslovakia,CSK,CSK,UEFA,Basque Country,,,,TRUE,3,2,win,Prague,Czechoslovakia,FALSE,,,,,
,,,1937-05-23,Central European International Cup,played,Czechoslovakia,CSK,CSK,UEFA,Italy,ITA,ITA,UEFA,TRUE,0,1,loss,Prague,Czechoslovakia,FALSE,1910,2049,1892,2067,-18
,,,1937-06-05,Friendly,played,Czechoslovakia,CSK,CSK,UEFA,Basque Country,,,,TRUE,2,1,win,Prague,Czechoslovakia,FALSE,,,,,
,,,1937-09-19,Central European International Cup,played,Czechoslovakia,CSK,CSK,UEFA,Hungary,HUN,HUN,UEFA,FALSE,3,8,loss,Budapest,Hungary,FALSE,1892,1893,1863,1922,-29
,,,1937-10-03,Friendly,played,Czechoslovakia,CSK,CSK,UEFA,Yugoslavia,YUG,YUG,UEFA,TRUE,5,4,win,Prague,Czechoslovakia,FALSE,1863,1638,1867,1634,4
,,,1937-10-13,Friendly,played,Czechoslovakia,CSK,CSK,UEFA,Latvia,,,,TRUE,4,0,win,Prague,Czechoslovakia,FALSE,1867,1404,1868,1403,1
,,,1937-10-24,Central European International Cup,played,Czechoslovakia,CSK,CSK,UEFA,Austria,AUT,AUT,UEFA,TRUE,2,1,win,Prague,Czechoslovakia,FALSE,1868,1919,1885,1902,17
,,,1937-11-07,FIFA World Cup qualification,played,Czechoslovakia,CSK,CSK,UEFA,Bulgaria,BGR,BGR,UEFA,FALSE,1,1,draw,Sofia,Bulgaria,FALSE,1885,1500,1871,1514,-14
,,,1937-12-01,Friendly,played,Czechoslovakia,CSK,CSK,UEFA,England,ENG,ENG,UEFA,FALSE,4,5,loss,London,England,FALSE,1871,1981,1866,1986,-5
,,,1937-12-08,Friendly,played,Czechoslovakia,CSK,CSK,UEFA,Scotland,SCO,SCO,UEFA,FALSE,0,5,loss,Glasgow,Scotland,FALSE,1866,1951,1856,1961,-10
,,,1938-04-03,Central European International Cup,played,Czechoslovakia,CSK,CSK,UEFA,Switzerland,CHE,CHE,UEFA,FALSE,0,4,loss,Basel,Switzerland,FALSE,1856,1607,1803,1660,-53
,,,1938-04-24,FIFA World Cup qualification,played,Czechoslovakia,CSK,CSK,UEFA,Bulgaria,BGR,BGR,UEFA,TRUE,6,0,win,Prague,Czechoslovakia,FALSE,1803,1505,1811,1497,8
,,,1938-05-18,Friendly,played,Czechoslovakia,CSK,CSK,UEFA,Republic of Ireland,IRL,IRL,UEFA,TRUE,2,2,draw,Prague,Czechoslovakia,FALSE,1811,1661,1805,1667,-6
WC-1938,WC-1938_004,4,1938-06-05,FIFA World Cup,played,Czechoslovakia,CSK,CSK,UEFA,Netherlands,NED,NLD,UEFA,TRUE,3,0,win,Le Havre,France,TRUE,1823,1707,1859,1671,36
WC-1938,WC-1938_010,10,1938-06-12,FIFA World Cup,played,Czechoslovakia,CSK,CSK,UEFA,Brazil,BRA,BRA,CONMEBOL,FALSE,1,1,draw,Bordeaux,France,TRUE,1859,1914,1864,1909,5
WC-1938,WC-1938_014,14,1938-06-14,FIFA World Cup,played,Czechoslovakia,CSK,CSK,UEFA,Brazil,BRA,BRA,CONMEBOL,FALSE,1,2,loss,Bordeaux,France,TRUE,1864,1909,1838,1935,-26
,,,1938-08-07,Friendly,played,Czechoslovakia,CSK,CSK,UEFA,Sweden,SWE,SWE,UEFA,FALSE,6,2,win,Solna,Sweden,FALSE,1838,1695,1854,1679,16
,,,1938-08-28,Friendly,played,Czechoslovakia,CSK,CSK,UEFA,Yugoslavia,YUG,YUG,UEFA,FALSE,3,1,win,Zagreb,Yugoslavia,FALSE,,,,,
,,,1938-12-04,Friendly,played,Czechoslovakia,CSK,CSK,UEFA,Romania,ROU,ROU,UEFA,TRUE,6,2,win,Prague,Czechoslovakia,FALSE,1854,1522,1858,1518,4
,,,1939-08-27,Friendly,played,Czechoslovakia,CSK,CSK,UEFA,Yugoslavia,YUG,YUG,UEFA,TRUE,7,3,win,Prague,Bohemia and Moravia,FALSE,1846,1600,1851,1595,5
,,,1939-11-12,Friendly,played,Czechoslovakia,CSK,CSK,UEFA,Austria,AUT,AUT,UEFA,TRUE,4,4,draw,Prague,Bohemia and Moravia,FALSE,,,,,
,,,1939-11-12,Friendly,played,Czechoslovakia,CSK,CSK,UEFA,Germany,GER,DEU,UEFA,FALSE,4,4,draw,Breslau,Germany,FALSE,1850,1797,1851,1796,1
,,,1946-04-07,Friendly,played,Czechoslovakia,CSK,CSK,UEFA,France,FRA,FRA,UEFA,FALSE,0,3,loss,Colombes,France,FALSE,1851,1661,1829,1683,-22
,,,1946-05-09,Friendly,played,Czechoslovakia,CSK,CSK,UEFA,Yugoslavia,YUG,YUG,UEFA,TRUE,0,2,loss,Prague,Czechoslovakia,FALSE,1829,1623,1803,1649,-26
,,,1946-09-14,Friendly,played,Czechoslovakia,CSK,CSK,UEFA,Switzerland,CHE,CHE,UEFA,TRUE,3,2,win,Prague,Czechoslovakia,FALSE,1803,1776,1809,1770,6
,,,1946-10-27,Friendly,played,Czechoslovakia,CSK,CSK,UEFA,Austria,AUT,AUT,UEFA,FALSE,4,3,win,Vienna,Austria,FALSE,1791,1875,1806,1860,15
,,,1947-05-11,Friendly,played,Czechoslovakia,CSK,CSK,UEFA,Yugoslavia,YUG,YUG,UEFA,TRUE,3,1,win,Prague,Czechoslovakia,FALSE,1806,1672,1812,1666,6
,,,1947-06-20,Friendly,played,Czechoslovakia,CSK,CSK,UEFA,Denmark,DNK,DNK,UEFA,FALSE,2,2,draw,Copenhagen,Denmark,FALSE,1812,1714,1812,1714,0
,,,1947-08-31,Friendly,played,Czechoslovakia,CSK,CSK,UEFA,Poland,POL,POL,UEFA,TRUE,6,3,win,Prague,Czechoslovakia,FALSE,1812,1555,1816,1551,4
,,,1947-09-21,Friendly,played,Czechoslovakia,CSK,CSK,UEFA,Romania,ROU,ROU,UEFA,FALSE,6,2,win,Bucharest,Romania,FALSE,1816,1614,1829,1601,13
,,,1947-10-05,Friendly,played,Czechoslovakia,CSK,CSK,UEFA,Austria,AUT,AUT,UEFA,TRUE,3,2,win,Prague,Czechoslovakia,FALSE,1829,1846,1837,1838,8
,,,1947-12-14,Friendly,played,Czechoslovakia,CSK,CSK,UEFA,Italy,ITA,ITA,UEFA,FALSE,1,3,loss,Bari,Italy,FALSE,1837,2062,1833,2066,-4
,,,1948-04-18,Balkan Cup,played,Czechoslovakia,CSK,CSK,UEFA,Poland,POL,POL,UEFA,FALSE,1,3,loss,Warsaw,Poland,FALSE,1833,1557,1789,1601,-44
,,,1948-04-20,Friendly,played,Czechoslovakia,CSK,CSK,UEFA,Silesia,,,,FALSE,1,2,loss,Chorzów,Poland,FALSE,,,,,
,,,1948-05-23,Central European International Cup,played,Czechoslovakia,CSK,CSK,UEFA,Hungary,HUN,HUN,UEFA,FALSE,1,2,loss,Budapest,Hungary,FALSE,1789,1909,1780,1918,-9
,,,1948-06-12,Friendly,played,Czechoslovakia,CSK,CSK,UEFA,France,FRA,FRA,UEFA,TRUE,0,4,loss,Prague,Czechoslovakia,FALSE,1780,1749,1754,1775,-26
,,,1948-07-04,Balkan Cup,played,Czechoslovakia,CSK,CSK,UEFA,Romania,ROU,ROU,UEFA,FALSE,1,2,loss,Bucharest,Romania,FALSE,1754,1557,1729,1582,-25
,,,1948-08-29,Balkan Cup,played,Czechoslovakia,CSK,CSK,UEFA,Bulgaria,BGR,BGR,UEFA,FALSE,0,1,loss,Sofia,Bulgaria,FALSE,1729,1445,1699,1475,-30
,,,1948-10-10,Central European International Cup,played,Czechoslovakia,CSK,CSK,UEFA,Switzerland,CHE,CHE,UEFA,FALSE,1,1,draw,Basel,Switzerland,FALSE,1699,1755,1707,1747,8
,,,1948-10-31,Central European International Cup,played,Czechoslovakia,CSK,CSK,UEFA,Austria,AUT,AUT,UEFA,TRUE,3,1,win,Bratislava,Czechoslovakia,FALSE,1707,1822,1738,1791,31
,,,1949-03-23,Friendly,played,Czechoslovakia,CSK,CSK,UEFA,Luxembourg,,,,TRUE,2,2,draw,Bratislava,Czechoslovakia,FALSE,1738,1294,1729,1303,-9
,,,1949-04-10,Central European International Cup,played,Czechoslovakia,CSK,CSK,UEFA,Hungary,HUN,HUN,UEFA,TRUE,5,2,win,Prague,Czechoslovakia,FALSE,1729,1921,1773,1877,44
,,,1949-05-22,Friendly,played,Czechoslovakia,CSK,CSK,UEFA,Romania,ROU,ROU,UEFA,TRUE,3,2,win,Prague,Czechoslovakia,FALSE,1773,1579,1776,1576,3
,,,1949-09-04,Friendly,played,Czechoslovakia,CSK,CSK,UEFA,Bulgaria,BGR,BGR,UEFA,TRUE,1,3,loss,Prague,Czechoslovakia,FALSE,1776,1511,1749,1538,-27
,,,1949-09-25,Central European International Cup,played,Czechoslovakia,CSK,CSK,UEFA,Austria,AUT,AUT,UEFA,FALSE,1,3,loss,Vienna,Austria,FALSE,1749,1794,1731,1812,-18
,,,1949-10-30,Friendly,played,Czechoslovakia,CSK,CSK,UEFA,Poland,POL,POL,UEFA,TRUE,2,0,win,Ostrava,Czechoslovakia,FALSE,1731,1548,1736,1543,5
,,,1949-11-13,Friendly,played,Czechoslovakia,CSK,CSK,UEFA,France,FRA,FRA,UEFA,FALSE,0,1,loss,Colombes,France,FALSE,1736,1739,1729,1746,-7
,,,1950-04-30,Friendly,played,Czechoslovakia,CSK,CSK,UEFA,Hungary,HUN,HUN,UEFA,FALSE,0,5,loss,Budapest,Hungary,FALSE,1729,1939,1723,1945,-6
,,,1950-05-21,Friendly,played,Czechoslovakia,CSK,CSK,UEFA,Romania,ROU,ROU,UEFA,FALSE,1,1,draw,Bucharest,Romania,FALSE,1723,1597,1722,1598,-1
,,,1950-08-27,Friendly,played,Czechoslovakia,CSK,CSK,UEFA,Bulgaria,BGR,BGR,UEFA,FALSE,2,1,win,Sofia,Bulgaria,FALSE,1722,1520,1729,1513,7
,,,1950-10-22,Friendly,played,Czechoslovakia,CSK,CSK,UEFA,Poland,POL,POL,UEFA,FALSE,4,1,win,Warsaw,Poland,FALSE,1735,1546,1748,1533,13
,,,1951-05-20,Friendly,played,Czechoslovakia,CSK,CSK,UEFA,Romania,ROU,ROU,UEFA,TRUE,2,2,draw,Prague,Czechoslovakia,FALSE,1748,1610,1742,1616,-6
,,,1951-10-14,Friendly,played,Czechoslovakia,CSK,CSK,UEFA,Hungary,HUN,HUN,UEFA,TRUE,1,2,loss,Ostrava,Czechoslovakia,FALSE,1742,1939,1735,1946,-7
,,,1952-05-11,Friendly,played,Czechoslovakia,CSK,CSK,UEFA,Romania,ROU,ROU,UEFA,FALSE,1,3,loss,Bucharest,Romania,FALSE,1735,1616,1719,1632,-16
,,,1952-09-14,Friendly,played,Czechoslovakia,CSK,CSK,UEFA,Poland,POL,POL,UEFA,TRUE,2,2,draw,Prague,Czechoslovakia,FALSE,1719,1530,1712,1537,-7
,,,1952-10-19,Friendly,played,Czechoslovakia,CSK,CSK,UEFA,Hungary,HUN,HUN,UEFA,FALSE,0,5,loss,Budapest,Hungary,FALSE,1712,2084,1710,2086,-2
,,,1952-11-29,Friendly,played,Czechoslovakia,CSK,CSK,UEFA,Albania,,,,FALSE,2,3,loss,Tirana,Albania,FALSE,1710,1523,1698,1535,-12
,,,1953-04-26,Central European International Cup,played,Czechoslovakia,CSK,CSK,UEFA,Italy,ITA,ITA,UEFA,TRUE,2,0,win,Prague,Czechoslovakia,FALSE,1686,1906,1726,1866,40
,,,1953-05-10,Friendly,played,Czechoslovakia,CSK,CSK,UEFA,Poland,POL,POL,UEFA,FALSE,1,1,draw,Wrocław,Poland,FALSE,1726,1546,1724,1548,-2
,,,1953-06-14,FIFA World Cup qualification,played,Czechoslovakia,CSK,CSK,UEFA,Romania,ROU,ROU,UEFA,TRUE,2,0,win,Prague,Czechoslovakia,FALSE,1724,1634,1739,1619,15
,,,1953-09-06,FIFA World Cup qualification,played,Czechoslovakia,CSK,CSK,UEFA,Bulgaria,BGR,BGR,UEFA,FALSE,2,1,win,Sofia,Bulgaria,FALSE,1739,1486,1751,1474,12
,,,1953-09-20,Central European International Cup,played,Czechoslovakia,CSK,CSK,UEFA,Switzerland,CHE,CHE,UEFA,TRUE,5,0,win,Prague,Czechoslovakia,FALSE,1751,1669,1772,1648,21
,,,1953-10-04,Friendly,played,Czechoslovakia,CSK,CSK,UEFA,Hungary,HUN,HUN,UEFA,TRUE,1,5,loss,Prague,Czechoslovakia,FALSE,1772,2103,1764,2111,-8
,,,1953-10-25,FIFA World Cup qualification,played,Czechoslovakia,CSK,CSK,UEFA,Romania,ROU,ROU,UEFA,FALSE,1,0,win,Bucharest,Romania,FALSE,1764,1649,1783,1630,19
,,,1953-11-08,FIFA World Cup qualification,played,Czechoslovakia,CSK,CSK,UEFA,Bulgaria,BGR,BGR,UEFA,TRUE,0,0,draw,Bratislava,Czechoslovakia,FALSE,1783,1465,1766,1482,-17
,,,1953-12-13,Central European International Cup,played,Czechoslovakia,CSK,CSK,UEFA,Italy,ITA,ITA,UEFA,FALSE,0,3,loss,Genoa,Italy,FALSE,1766,1853,1748,1871,-18
WC-1954,WC-1954_003,3,1954-06-16,FIFA World Cup,played,Czechoslovakia,CSK,CSK,UEFA,Uruguay,URY,URY,CONMEBOL,TRUE,0,2,loss,Bern,Switzerland,TRUE,1748,1877,1719,1906,-29
WC-1954,WC-1954_009,9,1954-06-19,FIFA World Cup,played,Czechoslovakia,CSK,CSK,UEFA,Austria,AUT,AUT,UEFA,FALSE,0,5,loss,Zürich,Switzerland,TRUE,1719,1901,1688,1932,-31
,,,1954-10-24,Friendly,played,Czechoslovakia,CSK,CSK,UEFA,Hungary,HUN,HUN,UEFA,FALSE,1,4,loss,Budapest,Hungary,FALSE,1688,2183,1687,2184,-1
,,,1955-03-27,Central European International Cup,played,Czechoslovakia,CSK,CSK,UEFA,Austria,AUT,AUT,UEFA,TRUE,3,2,win,Brno,Czechoslovakia,FALSE,1687,1950,1716,1921,29
,,,1955-06-05,Friendly,played,Czechoslovakia,CSK,CSK,UEFA,Belgium,BEL,BEL,UEFA,FALSE,3,1,win,Brussels,Belgium,FALSE,1716,1763,1737,1742,21
,,,1955-09-25,Friendly,played,Czechoslovakia,CSK,CSK,UEFA,Belgium,BEL,BEL,UEFA,TRUE,5,2,win,Prague,Czechoslovakia,FALSE,1737,1742,1750,1729,13
,,,1955-10-02,Central European International Cup,played,Czechoslovakia,CSK,CSK,UEFA,Hungary,HUN,HUN,UEFA,TRUE,1,3,loss,Prague,Czechoslovakia,FALSE,1750,2194,1743,2201,-7
,,,1955-11-13,Friendly,played,Czechoslovakia,CSK,CSK,UEFA,Bulgaria,BGR,BGR,UEFA,FALSE,0,3,loss,Sofia,Bulgaria,FALSE,1743,1510,1719,1534,-24
,,,1956-04-21,Friendly,played,Czechoslovakia,CSK,CSK,UEFA,Brazil,BRA,BRA,CONMEBOL,TRUE,0,0,draw,Prague,Czechoslovakia,FALSE,1719,2042,1725,2036,6
,,,1956-05-10,Central European International Cup,played,Czechoslovakia,CSK,CSK,UEFA,Switzerland,CHE,CHE,UEFA,FALSE,6,1,win,Geneva,Switzerland,FALSE,1725,1704,1774,1655,49
,,,1956-05-20,Central European International Cup,played,Czechoslovakia,CSK,CSK,UEFA,Hungary,HUN,HUN,UEFA,FALSE,4,2,win,Budapest,Hungary,FALSE,1774,2171,1831,2114,57
,,,1956-08-05,Friendly,played,Czechoslovakia,CSK,CSK,UEFA,Brazil,BRA,BRA,CONMEBOL,FALSE,1,0,win,Rio de Janeiro,Brazil,FALSE,1831,2054,1848,2037,17
,,,1956-08-08,Friendly,played,Czechoslovakia,CSK,CSK,UEFA,Brazil,BRA,BRA,CONMEBOL,FALSE,1,4,loss,São Paulo,Brazil,FALSE,1848,2037,1842,2043,-6
,,,1956-08-12,Friendly,played,Czechoslovakia,CSK,CSK,UEFA,Uruguay,URY,URY,CONMEBOL,FALSE,1,2,loss,Montevideo,Uruguay,FALSE,1842,1932,1837,1937,-5
,,,1956-08-19,Friendly,played,Czechoslovakia,CSK,CSK,UEFA,Argentina,ARG,ARG,CONMEBOL,FALSE,0,1,loss,Buenos Aires,Argentina,FALSE,1837,2072,1834,2075,-3
,,,1956-08-26,Friendly,played,Czechoslovakia,CSK,CSK,UEFA,Chile,CHL,CHL,CONMEBOL,FALSE,0,3,loss,Santiago,Chile,FALSE,1834,1759,1818,1775,-16
,,,1956-09-30,Central European International Cup,played,Czechoslovakia,CSK,CSK,UEFA,Yugoslavia,YUG,YUG,UEFA,FALSE,2,1,win,Belgrade,Yugoslavia,FALSE,1821,1934,1852,1903,31
,,,1956-11-25,Friendly,played,Czechoslovakia,CSK,CSK,UEFA,Turkey,TUR,TUR,UEFA,TRUE,1,1,draw,Prague,Czechoslovakia,FALSE,1852,1660,1845,1667,-7
,,,1957-05-01,FIFA World Cup qualification,played,Czechoslovakia,CSK,CSK,UEFA,Wales,WAL,WAL,UEFA,FALSE,0,1,loss,Cardiff,Wales,FALSE,1845,1707,1823,1729,-22
,,,1957-05-18,Central European International Cup,played,Czechoslovakia,CSK,CSK,UEFA,Yugoslavia,YUG,YUG,UEFA,TRUE,1,0,win,Bratislava,Czechoslovakia,FALSE,1823,1915,1843,1895,20
,,,1957-05-26,FIFA World Cup qualification,played,Czechoslovakia,CSK,CSK,UEFA,Wales,WAL,WAL,UEFA,TRUE,2,0,win,Prague,Czechoslovakia,FALSE,1843,1701,1855,1689,12
,,,1957-06-16,FIFA World Cup qualification,played,Czechoslovakia,CSK,CSK,UEFA,German DR,DDR,DDR,UEFA,TRUE,3,1,win,Brno,Czechoslovakia,FALSE,1855,1507,1859,1503,4
,,,1957-10-13,Central European International Cup,played,Czechoslovakia,CSK,CSK,UEFA,Austria,AUT,AUT,UEFA,FALSE,2,2,draw,Vienna,Austria,FALSE,1859,1898,1867,1890,8
,,,1957-10-27,FIFA World Cup qualification,played,Czechoslovakia,CSK,CSK,UEFA,German DR,DDR,DDR,UEFA,FALSE,4,1,win,Leipzig,German DR,FALSE,1867,1492,1879,1480,12
,,,1957-12-13,Friendly,played,Czechoslovakia,CSK,CSK,UEFA,Egypt,EGY,EGY,CAF,FALSE,2,1,win,Cairo,Egypt,FALSE,1879,1622,1885,1616,6
,,,1958-04-02,Friendly,played,Czechoslovakia,CSK,CSK,UEFA,Germany,GER,DEU,UEFA,TRUE,3,2,win,Prague,Czechoslovakia,FALSE,1885,1934,1894,1925,9
WC-1958,WC-1958_003,3,1958-06-08,FIFA World Cup,played,Czechoslovakia,CSK,CSK,UEFA,Northern Ireland,NIR,NIR,UEFA,TRUE,0,1,loss,Halmstad,Sweden,TRUE,1894,1738,1851,1781,-43
WC-1958,WC-1958_012,12,1958-06-11,FIFA World Cup,played,Czechoslovakia,CSK,CSK,UEFA,Germany,GER,DEU,UEFA,TRUE,2,2,draw,Helsingborg,Sweden,TRUE,1851,1985,1862,1974,11
WC-1958,WC-1958_017,17,1958-06-15,FIFA World Cup,played,Czechoslovakia,CSK,CSK,UEFA,Argentina,ARG,ARG,CONMEBOL,FALSE,6,1,win,Helsingborg,Sweden,TRUE,1862,2005,1945,1922,83
WC-1958,WC-1958_025,25,1958-06-17,FIFA World Cup,played,Czechoslovakia,CSK,CSK,UEFA,Northern Ireland,NIR,NIR,UEFA,TRUE,1,2,loss,Malmö,Sweden,TRUE,1945,1776,1901,1820,-44
,,,1958-08-30,Friendly,played,Czechoslovakia,CSK,CSK,UEFA,Soviet Union,SUN,SUN,UEFA,TRUE,1,2,loss,Prague,Czechoslovakia,FALSE,1901,1901,1888,1914,-13
,,,1958-09-20,Central European International Cup,played,Czechoslovakia,CSK,CSK,UEFA,Switzerland,CHE,CHE,UEFA,TRUE,2,1,win,Bratislava,Czechoslovakia,FALSE,1888,1608,1892,1604,4
,,,1958-10-12,Friendly,played,Czechoslovakia,CSK,CSK,UEFA,Bulgaria,BGR,BGR,UEFA,TRUE,0,1,loss,Ostrava,Czechoslovakia,FALSE,1892,1684,1875,1701,-17
,,,1958-12-13,Central European International Cup,played,Czechoslovakia,CSK,CSK,UEFA,Italy,ITA,ITA,UEFA,FALSE,1,1,draw,Genoa,Italy,FALSE,1875,1797,1876,1796,1
,,,1958-12-18,Friendly,played,Czechoslovakia,CSK,CSK,UEFA,Turkey,TUR,TUR,UEFA,FALSE,0,1,loss,Istanbul,Turkey,FALSE,1876,1688,1864,1700,-12
,,,1959-04-05,UEFA Euro qualification,played,Czechoslovakia,CSK,CSK,UEFA,Republic of Ireland,IRL,IRL,UEFA,FALSE,0,2,loss,Dublin,Republic of Ireland,FALSE,1864,1736,1832,1768,-32
,,,1959-05-10,UEFA Euro qualification,played,Czechoslovakia,CSK,CSK,UEFA,Republic of Ireland,IRL,IRL,UEFA,TRUE,4,0,win,Bratislava,Czechoslovakia,FALSE,1832,1768,1853,1747,21
,,,1959-08-12,Friendly,played,Czechoslovakia,CSK,CSK,UEFA,German DR,DDR,DDR,UEFA,FALSE,1,2,loss,Leipzig,Germany,TRUE,,,,,
,,,1959-09-06,Friendly,played,Czechoslovakia,CSK,CSK,UEFA,Soviet Union,SUN,SUN,UEFA,FALSE,1,3,loss,Moscow,Soviet Union,FALSE,1853,1909,1844,1918,-9
,,,1959-09-23,UEFA Euro qualification,played,Czechoslovakia,CSK,CSK,UEFA,Denmark,DNK,DNK,UEFA,FALSE,2,2,draw,Copenhagen,Denmark,FALSE,1844,1626,1837,1633,-7
,,,1959-10-18,UEFA Euro qualification,played,Czechoslovakia,CSK,CSK,UEFA,Denmark,DNK,DNK,UEFA,TRUE,5,1,win,Brno,Czechoslovakia,FALSE,1837,1637,1848,1626,11
,,,1959-11-01,Central European International Cup,played,Czechoslovakia,CSK,CSK,UEFA,Italy,ITA,ITA,UEFA,TRUE,2,1,win,Prague,Czechoslovakia,FALSE,1848,1801,1860,1789,12
,,,1960-05-01,Friendly,played,Czechoslovakia,CSK,CSK,UEFA,Austria,AUT,AUT,UEFA,TRUE,4,0,win,Prague,Czechoslovakia,FALSE,1860,1798,1871,1787,11
,,,1960-05-22,UEFA Euro qualification,played,Czechoslovakia,CSK,CSK,UEFA,Romania,ROU,ROU,UEFA,FALSE,2,0,win,Bucharest,Romania,FALSE,1871,1677,1893,1655,22
,,,1960-05-29,UEFA Euro qualification,played,Czechoslovakia,CSK,CSK,UEFA,Romania,ROU,ROU,UEFA,TRUE,3,0,win,Bratislava,Czechoslovakia,FALSE,1893,1655,1902,1646,9
,,,1960-07-06,UEFA Euro,played,Czechoslovakia,CSK,CSK,UEFA,Soviet Union,SUN,SUN,UEFA,TRUE,0,3,loss,Marseille,France,TRUE,1902,1942,1863,1981,-39
,,,1960-07-09,UEFA Euro,played,Czechoslovakia,CSK,CSK,UEFA,France,FRA,FRA,UEFA,FALSE,2,0,win,Marseille,France,FALSE,1863,1928,1917,1874,54
,,,1960-10-30,Friendly,played,Czechoslovakia,CSK,CSK,UEFA,Netherlands,NED,NLD,UEFA,TRUE,4,0,win,Prague,Czechoslovakia,FALSE,1917,1728,1923,1722,6
,,,1961-03-26,Friendly,played,Czechoslovakia,CSK,CSK,UEFA,Sweden,SWE,SWE,UEFA,TRUE,2,1,win,Prague,Czechoslovakia,FALSE,1923,1910,1930,1903,7
,,,1961-04-29,Friendly,played,Czechoslovakia,CSK,CSK,UEFA,Mexico,MEX,MEX,CONCACAF,TRUE,2,1,win,Ostrava,Czechoslovakia,FALSE,1930,1834,1935,1829,5
,,,1961-05-14,FIFA World Cup qualification,played,Czechoslovakia,CSK,CSK,UEFA,Scotland,SCO,SCO,UEFA,TRUE,4,0,win,Bratislava,Czechoslovakia,FALSE,1935,1843,1954,1824,19
,,,1961-06-19,Friendly,played,Czechoslovakia,CSK,CSK,UEFA,Argentina,ARG,ARG,CONMEBOL,TRUE,3,3,draw,Brno,Czechoslovakia,FALSE,1954,1980,1952,1982,-2
,,,1961-09-29,FIFA World Cup qualification,played,Czechoslovakia,CSK,CSK,UEFA,Scotland,SCO,SCO,UEFA,FALSE,2,3,loss,Glasgow,Scotland,FALSE,,,,,
,,,1961-10-08,FIFA World Cup qualification,played,Czechoslovakia,CSK,CSK,UEFA,Republic of Ireland,IRL,IRL,UEFA,FALSE,3,1,win,Dublin,Republic of Ireland,FALSE,1930,1704,1950,1684,20
,,,1961-10-29,FIFA World Cup qualification,played,Czechoslovakia,CSK,CSK,UEFA,Republic of Ireland,IRL,IRL,UEFA,TRUE,7,1,win,Prague,Czechoslovakia,FALSE,1950,1684,1959,1675,9
,,,1961-11-29,FIFA World Cup qualification,played,Czechoslovakia,CSK,CSK,UEFA,Scotland,SCO,SCO,UEFA,TRUE,4,2,win,Brussels,Belgium,TRUE,1959,1888,1983,1864,24
,,,1962-04-07,Friendly,played,Czechoslovakia,CSK,CSK,UEFA,Sweden,SWE,SWE,UEFA,FALSE,1,3,loss,Gothenburg,Sweden,FALSE,1983,1877,1968,1892,-15
,,,1962-04-22,Friendly,played,Czechoslovakia,CSK,CSK,UEFA,Uruguay,URY,URY,CONMEBOL,TRUE,3,1,win,Prague,Czechoslovakia,FALSE,1968,1911,1977,1902,9
WC-1962,WC-1962_005,5,1962-05-31,FIFA World Cup,played,Czechoslovakia,CSK,CSK,UEFA,Spain,ESP,ESP,UEFA,TRUE,1,0,win,Viña del Mar,Chile,TRUE,1977,1963,2006,1934,29
WC-1962,WC-1962_010,10,1962-06-02,FIFA World Cup,played,Czechoslovakia,CSK,CSK,UEFA,Brazil,BRA,BRA,CONMEBOL,FALSE,0,0,draw,Viña del Mar,Chile,TRUE,2006,2118,2015,2109,9
WC-1962,WC-1962_023,23,1962-06-07,FIFA World Cup,played,Czechoslovakia,CSK,CSK,UEFA,Mexico,MEX,MEX,CONCACAF,TRUE,1,3,loss,Viña del Mar,Chile,TRUE,2015,1776,1943,1848,-72
WC-1962,WC-1962_027,27,1962-06-10,FIFA World Cup,played,Czechoslovakia,CSK,CSK,UEFA,Hungary,HUN,HUN,UEFA,TRUE,1,0,win,Rancagua,Chile,TRUE,1943,1992,1977,1958,34
WC-1962,WC-1962_030,30,1962-06-13,FIFA World Cup,played,Czechoslovakia,CSK,CSK,UEFA,Yugoslavia,YUG,YUG,UEFA,TRUE,3,1,win,Viña del Mar,Chile,TRUE,1977,2018,2027,1968,50
WC-1962,WC-1962_032,32,1962-06-17,FIFA World Cup,played,Czechoslovakia,CSK,CSK,UEFA,Brazil,BRA,BRA,CONMEBOL,FALSE,1,3,loss,Santiago,Chile,TRUE,2027,2167,1999,2195,-28
,,,1962-09-16,Friendly,played,Czechoslovakia,CSK,CSK,UEFA,Austria,AUT,AUT,UEFA,FALSE,6,0,win,Vienna,Austria,FALSE,1982,1892,2004,1870,22
,,,1962-10-28,Friendly,played,Czechoslovakia,CSK,CSK,UEFA,Poland,POL,POL,UEFA,TRUE,2,1,win,Bratislava,Czechoslovakia,FALSE,2004,1667,2005,1666,1
,,,1962-11-21,UEFA Euro qualification,played,Czechoslovakia,CSK,CSK,UEFA,German DR,DDR,DDR,UEFA,FALSE,1,2,loss,Berlin,German DR,FALSE,2005,1547,1970,1582,-35
,,,1963-03-31,UEFA Euro qualification,played,Czechoslovakia,CSK,CSK,UEFA,German DR,DDR,DDR,UEFA,TRUE,1,1,draw,Prague,Czechoslovakia,FALSE,1970,1607,1953,1624,-17
,,,1963-04-24,Friendly,played,Czechoslovakia,CSK,CSK,UEFA,Austria,AUT,AUT,UEFA,FALSE,1,3,loss,Vienna,Austria,FALSE,1953,1851,1938,1866,-15
,,,1963-04-28,Friendly,played,Czechoslovakia,CSK,CSK,UEFA,Bulgaria,BGR,BGR,UEFA,FALSE,0,1,loss,Sofia,Bulgaria,FALSE,1938,1744,1925,1757,-13
,,,1963-05-29,Friendly,played,Czechoslovakia,CSK,CSK,UEFA,England,ENG,ENG,UEFA,TRUE,2,4,loss,Bratislava,Czechoslovakia,FALSE,1925,1865,1904,1886,-21
,,,1963-06-02,Friendly,played,Czechoslovakia,CSK,CSK,UEFA,Hungary,HUN,HUN,UEFA,TRUE,2,2,draw,Prague,Czechoslovakia,FALSE,1904,1982,1903,1983,-1
,,,1963-11-03,Friendly,played,Czechoslovakia,CSK,CSK,UEFA,Yugoslavia,YUG,YUG,UEFA,FALSE,0,2,loss,Zagreb,Yugoslavia,FALSE,1903,1921,1893,1931,-10
,,,1964-04-11,Friendly,played,Czechoslovakia,CSK,CSK,UEFA,Italy,ITA,ITA,UEFA,FALSE,0,0,draw,Florence,Italy,FALSE,1893,1927,1897,1923,4
,,,1964-04-29,Friendly,played,Czechoslovakia,CSK,CSK,UEFA,Germany,GER,DEU,UEFA,FALSE,4,3,win,Ludwigshafen,Germany,FALSE,1897,1916,1910,1903,13
,,,1964-05-17,Friendly,played,Czechoslovakia,CSK,CSK,UEFA,Yugoslavia,YUG,YUG,UEFA,TRUE,2,3,loss,Prague,Czechoslovakia,FALSE,1910,1942,1898,1954,-12
,,,1964-09-13,Friendly,played,Czechoslovakia,CSK,CSK,UEFA,Poland,POL,POL,UEFA,FALSE,1,2,loss,Warsaw,Poland,FALSE,1898,1661,1884,1675,-14
,,,1964-10-11,Friendly,played,Czechoslovakia,CSK,CSK,UEFA,Hungary,HUN,HUN,UEFA,FALSE,2,2,draw,Budapest,Hungary,FALSE,1884,1973,1889,1968,5
,,,1965-04-25,FIFA World Cup qualification,played,Czechoslovakia,CSK,CSK,UEFA,Portugal,PRT,PRT,UEFA,TRUE,0,1,loss,Bratislava,Czechoslovakia,FALSE,1895,1738,1862,1771,-33
,,,1965-05-30,FIFA World Cup qualification,played,Czechoslovakia,CSK,CSK,UEFA,Romania,ROU,ROU,UEFA,FALSE,0,1,loss,Bucharest,Romania,FALSE,1862,1919,1850,1931,-12
,,,1965-09-19,FIFA World Cup qualification,played,Czechoslovakia,CSK,CSK,UEFA,Romania,ROU,ROU,UEFA,TRUE,3,1,win,Prague,Czechoslovakia,FALSE,1850,1908,1876,1882,26
,,,1965-10-09,FIFA World Cup qualification,played,Czechoslovakia,CSK,CSK,UEFA,Turkey,TUR,TUR,UEFA,FALSE,6,0,win,Istanbul,Turkey,FALSE,1876,1636,1902,1610,26
,,,1965-10-31,FIFA World Cup qualification,played,Czechoslovakia,CSK,CSK,UEFA,Portugal,PRT,PRT,UEFA,FALSE,0,0,draw,Porto,Portugal,FALSE,1902,1796,1902,1796,0
,,,1965-11-21,FIFA World Cup qualification,played,Czechoslovakia,CSK,CSK,UEFA,Turkey,TUR,TUR,UEFA,TRUE,3,1,win,Brno,Czechoslovakia,FALSE,1902,1639,1909,1632,7
,,,1966-05-18,Friendly,played,Czechoslovakia,CSK,CSK,UEFA,Soviet Union,SUN,SUN,UEFA,TRUE,1,2,loss,Prague,Czechoslovakia,FALSE,1909,1995,1899,2005,-10
,,,1966-06-12,Friendly,played,Czechoslovakia,CSK,CSK,UEFA,Brazil,BRA,BRA,CONMEBOL,FALSE,1,2,loss,Rio de Janeiro,Brazil,FALSE,1899,2008,1894,2013,-5
,,,1966-06-15,Friendly,played,Czechoslovakia,CSK,CSK,UEFA,Brazil,BRA,BRA,CONMEBOL,FALSE,2,2,draw,Rio de Janeiro,Brazil,FALSE,1894,2013,1900,2007,6
,,,1966-10-19,Friendly,played,Czechoslovakia,CSK,CSK,UEFA,Yugoslavia,YUG,YUG,UEFA,FALSE,0,1,loss,Belgrade,Yugoslavia,FALSE,1900,1795,1890,1805,-10
,,,1966-11-02,Friendly,played,Czechoslovakia,CSK,CSK,UEFA,England,ENG,ENG,UEFA,FALSE,0,0,draw,London,England,FALSE,1890,2093,1897,2086,7
,,,1966-11-06,Friendly,played,Czechoslovakia,CSK,CSK,UEFA,Netherlands,NED,NLD,UEFA,FALSE,2,1,win,Amsterdam,Netherlands,FALSE,1897,1689,1904,1682,7
,,,1967-05-03,Friendly,played,Czechoslovakia,CSK,CSK,UEFA,Switzerland,CHE,CHE,UEFA,FALSE,2,1,win,Basel,Switzerland,FALSE,1904,1611,1909,1606,5
,,,1967-05-21,UEFA Euro qualification,played,Czechoslovakia,CSK,CSK,UEFA,Republic of Ireland,IRL,IRL,UEFA,FALSE,2,0,win,Dublin,Republic of Ireland,FALSE,1909,1658,1927,1640,18
,,,1967-06-18,UEFA Euro qualification,played,Czechoslovakia,CSK,CSK,UEFA,Turkey,TUR,TUR,UEFA,TRUE,3,0,win,Bratislava,Czechoslovakia,FALSE,1927,1655,1934,1648,7
,,,1967-10-01,UEFA Euro qualification,played,Czechoslovakia,CSK,CSK,UEFA,Spain,ESP,ESP,UEFA,TRUE,1,0,win,Prague,Czechoslovakia,FALSE,1934,1864,1945,1853,11
,,,1967-10-22,UEFA Euro qualification,played,Czechoslovakia,CSK,CSK,UEFA,Spain,ESP,ESP,UEFA,FALSE,1,2,loss,Madrid,Spain,FALSE,1945,1853,1925,1873,-20
,,,1967-11-15,UEFA Euro qualification,played,Czechoslovakia,CSK,CSK,UEFA,Turkey,TUR,TUR,UEFA,FALSE,0,0,draw,Ankara,Turkey,FALSE,1925,1648,1916,1657,-9
,,,1967-11-22,UEFA Euro qualification,played,Czechoslovakia,CSK,CSK,UEFA,Republic of Ireland,IRL,IRL,UEFA,TRUE,1,2,loss,Prague,Czechoslovakia,FALSE,1916,1640,1880,1676,-36
,,,1968-04-27,Friendly,played,Czechoslovakia,CSK,CSK,UEFA,Yugoslavia,YUG,YUG,UEFA,TRUE,3,0,win,Bratislava,Czechoslovakia,FALSE,1880,1850,1891,1839,11
,,,1968-06-23,Friendly,played,Czechoslovakia,CSK,CSK,UEFA,Brazil,BRA,BRA,CONMEBOL,TRUE,3,2,win,Bratislava,Czechoslovakia,FALSE,1891,1969,1900,1960,9
,,,1968-09-25,FIFA World Cup qualification,played,Czechoslovakia,CSK,CSK,UEFA,Denmark,DNK,DNK,UEFA,FALSE,3,0,win,Copenhagen,Denmark,FALSE,1900,1648,1921,1627,21
,,,1968-10-20,FIFA World Cup qualification,played,Czechoslovakia,CSK,CSK,UEFA,Denmark,DNK,DNK,UEFA,TRUE,1,0,win,Bratislava,Czechoslovakia,FALSE,1921,1620,1925,1616,4
,,,1969-04-16,Friendly,played,Czechoslovakia,CSK,CSK,UEFA,Netherlands,NED,NLD,UEFA,FALSE,0,2,loss,Rotterdam,Netherlands,FALSE,1925,1692,1905,1712,-20
,,,1969-05-04,FIFA World Cup qualification,played,Czechoslovakia,CSK,CSK,UEFA,Republic of Ireland,IRL,IRL,UEFA,FALSE,2,1,win,Dublin,Republic of Ireland,FALSE,1905,1657,1917,1645,12
,,,1969-05-25,FIFA World Cup qualification,played,Czechoslovakia,CSK,CSK,UEFA,Hungary,HUN,HUN,UEFA,FALSE,0,2,loss,Budapest,Hungary,FALSE,1917,1985,1900,2002,-17
,,,1969-09-14,FIFA World Cup qualification,played,Czechoslovakia,CSK,CSK,UEFA,Hungary,HUN,HUN,UEFA,TRUE,3,3,draw,Prague,Czechoslovakia,FALSE,1900,1977,1899,1978,-1
,,,1969-10-07,FIFA World Cup qualification,played,Czechoslovakia,CSK,CSK,UEFA,Republic of Ireland,IRL,IRL,UEFA,TRUE,3,0,win,Prague,Czechoslovakia,FALSE,1899,1620,1906,1613,7
,,,1969-12-03,FIFA World Cup qualification,played,Czechoslovakia,CSK,CSK,UEFA,Hungary,HUN,HUN,UEFA,TRUE,4,1,win,Marseille,France,TRUE,1906,1972,1948,1930,42
,,,1970-02-04,Friendly,played,Czechoslovakia,CSK,CSK,UEFA,Peru,PER,PER,CONMEBOL,FALSE,2,0,win,Lima,Peru,FALSE,,,,,
,,,1970-02-07,Friendly,played,Czechoslovakia,CSK,CSK,UEFA,Peru,PER,PER,CONMEBOL,FALSE,1,2,loss,Lima,Peru,FALSE,,,,,
,,,1970-04-12,Friendly,played,Czechoslovakia,CSK,CSK,UEFA,Austria,AUT,AUT,UEFA,FALSE,3,1,win,Vienna,Austria,FALSE,1948,1738,1958,1728,10
,,,1970-05-09,Friendly,played,Czechoslovakia,CSK,CSK,UEFA,Luxembourg,,,,FALSE,1,0,win,Luxembourg,Luxembourg,FALSE,1958,1298,1959,1297,1
,,,1970-05-13,Friendly,played,Czechoslovakia,CSK,CSK,UEFA,Norway,NOR,NOR,UEFA,FALSE,2,0,win,Oslo,Norway,FALSE,1959,1546,1963,1542,4
WC-1970,WC-1970_006,6,1970-06-03,FIFA World Cup,played,Czechoslovakia,CSK,CSK,UEFA,Brazil,BRA,BRA,CONMEBOL,FALSE,1,4,loss,Guadalajara,Mexico,TRUE,1963,2011,1918,2056,-45
WC-1970,WC-1970_010,10,1970-06-06,FIFA World Cup,played,Czechoslovakia,CSK,CSK,UEFA,Romania,ROU,ROU,UEFA,TRUE,1,2,loss,Guadalajara,Mexico,TRUE,1918,1774,1876,1816,-42
WC-1970,WC-1970_022,22,1970-06-11,FIFA World Cup,played,Czechoslovakia,CSK,CSK,UEFA,England,ENG,ENG,UEFA,TRUE,0,1,loss,Guadalajara,Mexico,TRUE,1876,2048,1860,2064,-16
,,,1970-09-05,Friendly,played,Czechoslovakia,CSK,CSK,UEFA,France,FRA,FRA,UEFA,FALSE,0,3,loss,Nice,France,FALSE,1860,1749,1842,1767,-18
,,,1970-10-07,UEFA Euro qualification,played,Czechoslovakia,CSK,CSK,UEFA,Finland,,,,TRUE,1,1,draw,Prague,Czechoslovakia,FALSE,1842,1401,1824,1419,-18
,,,1970-10-25,Friendly,played,Czechoslovakia,CSK,CSK,UEFA,Poland,POL,POL,UEFA,TRUE,2,2,draw,Prague,Czechoslovakia,FALSE,1824,1814,1821,1817,-3
,,,1971-04-21,UEFA Euro qualification,played,Czechoslovakia,CSK,CSK,UEFA,Wales,WAL,WAL,UEFA,FALSE,3,1,win,Swansea,Wales,FALSE,1821,1698,1849,1670,28
,,,1971-05-16,UEFA Euro qualification,played,Czechoslovakia,CSK,CSK,UEFA,Romania,ROU,ROU,UEFA,TRUE,1,0,win,Bratislava,Czechoslovakia,FALSE,1849,1813,1862,1800,13
,,,1971-06-16,UEFA Euro qualification,played,Czechoslovakia,CSK,CSK,UEFA,Finland,,,,FALSE,4,0,win,Helsinki,Finland,FALSE,1862,1402,1870,1394,8
,,,1971-07-14,Friendly,played,Czechoslovakia,CSK,CSK,UEFA,Brazil,BRA,BRA,CONMEBOL,FALSE,0,1,loss,Rio de Janeiro,Brazil,FALSE,1870,2169,1868,2171,-2
,,,1971-09-25,Friendly,played,Czechoslovakia,CSK,CSK,UEFA,German DR,DDR,DDR,UEFA,FALSE,1,1,draw,Berlin,German DR,FALSE,1868,1910,1872,1906,4
,,,1971-10-27,UEFA Euro qualification,played,Czechoslovakia,CSK,CSK,UEFA,Wales,WAL,WAL,UEFA,TRUE,1,0,win,Prague,Czechoslovakia,FALSE,1872,1695,1879,1688,7
,,,1971-11-14,UEFA Euro qualification,played,Czechoslovakia,CSK,CSK,UEFA,Romania,ROU,ROU,UEFA,FALSE,1,2,loss,Bucharest,Romania,FALSE,1879,1789,1860,1808,-19
,,,1972-04-08,Friendly,played,Czechoslovakia,CSK,CSK,UEFA,Austria,AUT,AUT,UEFA,TRUE,2,0,win,Brno,Czechoslovakia,FALSE,1860,1790,1868,1782,8
,,,1972-04-26,Friendly,played,Czechoslovakia,CSK,CSK,UEFA,Luxembourg,,,,TRUE,6,0,win,Plzeň,Czechoslovakia,FALSE,1868,1296,1869,1295,1
,,,1972-05-14,Friendly,played,Czechoslovakia,CSK,CSK,UEFA,Sweden,SWE,SWE,UEFA,FALSE,2,1,win,Gothenburg,Sweden,FALSE,1869,1845,1881,1833,12
,,,1972-06-28,Brazil Independence Cup,played,Czechoslovakia,CSK,CSK,UEFA,Brazil,BRA,BRA,CONMEBOL,FALSE,0,0,draw,Rio de Janeiro,Brazil,FALSE,1881,2142,1897,2126,16
,,,1972-07-02,Brazil Independence Cup,played,Czechoslovakia,CSK,CSK,UEFA,Scotland,SCO,SCO,UEFA,TRUE,0,0,draw,Porto Alegre,Brazil,TRUE,1897,1784,1891,1790,-6
,,,1972-07-06,Brazil Independence Cup,played,Czechoslovakia,CSK,CSK,UEFA,Yugoslavia,YUG,YUG,UEFA,TRUE,1,2,loss,São Paulo,Brazil,TRUE,1891,1857,1869,1879,-22
,,,1972-08-30,Friendly,played,Czechoslovakia,CSK,CSK,UEFA,Netherlands,NED,NLD,UEFA,TRUE,1,2,loss,Prague,Czechoslovakia,FALSE,1869,1793,1854,1808,-15
,,,1972-10-15,Friendly,played,Czechoslovakia,CSK,CSK,UEFA,Poland,POL,POL,UEFA,FALSE,0,3,loss,Bydgoszcz,Poland,FALSE,1854,1956,1846,1964,-8
,,,1972-11-01,Friendly,played,Czechoslovakia,CSK,CSK,UEFA,German DR,DDR,DDR,UEFA,TRUE,1,3,loss,Bratislava,Czechoslovakia,FALSE,1846,1854,1827,1873,-19
,,,1973-03-28,Friendly,played,Czechoslovakia,CSK,CSK,UEFA,Germany,GER,DEU,UEFA,FALSE,0,3,loss,Düsseldorf,Germany,FALSE,1827,2128,1824,2131,-3
,,,1973-05-02,FIFA World Cup qualification,played,Czechoslovakia,CSK,CSK,UEFA,Denmark,DNK,DNK,UEFA,FALSE,1,1,draw,Copenhagen,Denmark,FALSE,1824,1658,1820,1662,-4
,,,1973-05-27,Friendly,played,Czechoslovakia,CSK,CSK,UEFA,England,ENG,ENG,UEFA,TRUE,1,1,draw,Prague,Czechoslovakia,FALSE,1820,2025,1823,2022,3
,,,1973-06-02,FIFA World Cup qualification,played,Czechoslovakia,CSK,CSK,UEFA,Denmark,DNK,DNK,UEFA,TRUE,6,0,win,Prague,Czechoslovakia,FALSE,,,,,
,,,1973-09-26,FIFA World Cup qualification,played,Czechoslovakia,CSK,CSK,UEFA,Scotland,SCO,SCO,UEFA,FALSE,1,2,loss,Glasgow,Scotland,FALSE,1838,1797,1821,1814,-17
,,,1973-10-17,FIFA World Cup qualification,played,Czechoslovakia,CSK,CSK,UEFA,Scotland,SCO,SCO,UEFA,TRUE,1,0,win,Bratislava,Czechoslovakia,FALSE,1821,1814,1835,1800,14
,,,1974-03-27,Friendly,played,Czechoslovakia,CSK,CSK,UEFA,German DR,DDR,DDR,UEFA,FALSE,0,1,loss,Dresden,German DR,FALSE,1835,1935,1830,1940,-5
,,,1974-04-07,Friendly,played,Czechoslovakia,CSK,CSK,UEFA,Brazil,BRA,BRA,CONMEBOL,FALSE,0,1,loss,Rio de Janeiro,Brazil,FALSE,1830,2125,1828,2127,-2
,,,1974-04-13,Friendly,played,Czechoslovakia,CSK,CSK,UEFA,Bulgaria,BGR,BGR,UEFA,FALSE,1,0,win,Plovdiv,Bulgaria,FALSE,1828,1826,1841,1813,13
,,,1974-04-27,Friendly,played,Czechoslovakia,CSK,CSK,UEFA,France,FRA,FRA,UEFA,TRUE,3,3,draw,Prague,Czechoslovakia,FALSE,1841,1779,1837,1783,-4
,,,1974-05-20,Friendly,played,Czechoslovakia,CSK,CSK,UEFA,Soviet Union,SUN,SUN,UEFA,FALSE,1,0,win,Odessa,Soviet Union,FALSE,1837,1903,1851,1889,14
,,,1974-09-25,Friendly,played,Czechoslovakia,CSK,CSK,UEFA,German DR,DDR,DDR,UEFA,TRUE,3,1,win,Prague,Czechoslovakia,FALSE,1851,1943,1866,1928,15
,,,1974-10-13,Friendly,played,Czechoslovakia,CSK,CSK,UEFA,Sweden,SWE,SWE,UEFA,TRUE,4,0,win,Bratislava,Czechoslovakia,FALSE,1866,1899,1881,1884,15
,,,1974-10-30,UEFA Euro qualification,played,Czechoslovakia,CSK,CSK,UEFA,England,ENG,ENG,UEFA,FALSE,0,3,loss,London,England,FALSE,1881,1968,1863,1986,-18
,,,1974-11-13,Friendly,played,Czechoslovakia,CSK,CSK,UEFA,Poland,POL,POL,UEFA,TRUE,2,2,draw,Prague,Czechoslovakia,FALSE,1863,2034,1865,2032,2
,,,1974-12-20,Friendly,played,Czechoslovakia,CSK,CSK,UEFA,Iran,IRN,IRN,AFC,FALSE,1,0,win,Tehran,Iran,FALSE,1857,1676,1865,1668,8
,,,1975-03-31,Friendly,played,Czechoslovakia,CSK,CSK,UEFA,Romania,ROU,ROU,UEFA,TRUE,1,1,draw,Prague,Czechoslovakia,FALSE,1865,1811,1861,1815,-4
,,,1975-04-20,UEFA Euro qualification,played,Czechoslovakia,CSK,CSK,UEFA,Cyprus,,,,TRUE,4,0,win,Prague,Czechoslovakia,FALSE,1861,1312,1863,1310,2
,,,1975-04-30,UEFA Euro qualification,played,Czechoslovakia,CSK,CSK,UEFA,Portugal,PRT,PRT,UEFA,TRUE,5,0,win,Prague,Czechoslovakia,FALSE,1863,1876,1893,1846,30
,,,1975-06-07,Friendly,played,Czechoslovakia,CSK,CSK,UEFA,Austria,AUT,AUT,UEFA,FALSE,0,0,draw,Vienna,Austria,FALSE,1893,1839,1894,1838,1
,,,1975-09-24,Friendly,played,Czechoslovakia,CSK,CSK,UEFA,Switzerland,CHE,CHE,UEFA,TRUE,1,1,draw,Brno,Czechoslovakia,FALSE,1894,1683,1887,1690,-7
,,,1975-10-15,Friendly,played,Czechoslovakia,CSK,CSK,UEFA,Hungary,HUN,HUN,UEFA,TRUE,1,1,draw,Bratislava,Czechoslovakia,FALSE,1887,1821,1883,1825,-4
,,,1975-10-30,UEFA Euro qualification,played,Czechoslovakia,CSK,CSK,UEFA,England,ENG,ENG,UEFA,TRUE,2,1,win,Bratislava,Czechoslovakia,FALSE,1883,2000,1904,1979,21
,,,1975-11-12,UEFA Euro qualification,played,Czechoslovakia,CSK,CSK,UEFA,Portugal,PRT,PRT,UEFA,FALSE,1,1,draw,Porto,Portugal,FALSE,1904,1845,1906,1843,2
,,,1975-11-23,UEFA Euro qualification,played,Czechoslovakia,CSK,CSK,UEFA,Cyprus,,,,FALSE,3,0,win,Limassol,Cyprus,FALSE,1900,1304,1904,1300,4
,,,1976-03-10,Friendly,played,Czechoslovakia,CSK,CSK,UEFA,Soviet Union,SUN,SUN,UEFA,TRUE,2,2,draw,Košice,Czechoslovakia,FALSE,1904,1857,1900,1861,-4
,,,1976-03-27,Friendly,played,Czechoslovakia,CSK,CSK,UEFA,France,FRA,FRA,UEFA,FALSE,2,2,draw,Paris,France,FALSE,1900,1766,1899,1767,-1
,,,1976-04-24,UEFA Euro qualification,played,Czechoslovakia,CSK,CSK,UEFA,Soviet Union,SUN,SUN,UEFA,TRUE,2,0,win,Bratislava,Czechoslovakia,FALSE,1905,1868,1924,1849,19
,,,1976-05-22,UEFA Euro qualification,played,Czechoslovakia,CSK,CSK,UEFA,Soviet Union,SUN,SUN,UEFA,FALSE,2,2,draw,Kyiv,Soviet Union,FALSE,1924,1849,1925,1848,1
,,,1976-06-16,UEFA Euro,played,Czechoslovakia,CSK,CSK,UEFA,Netherlands,NED,NLD,UEFA,TRUE,3,1,win,Zagreb,Yugoslavia,TRUE,1925,2073,1978,2020,53
,,,1976-06-20,UEFA Euro,played,Czechoslovakia,CSK,CSK,UEFA,Germany,GER,DEU,UEFA,TRUE,2,2,draw,Belgrade,Yugoslavia,TRUE,1978,2134,1989,2123,11
,,,1976-09-22,Friendly,played,Czechoslovakia,CSK,CSK,UEFA,Romania,ROU,ROU,UEFA,FALSE,1,1,draw,Bucharest,Romania,FALSE,1989,1822,1987,1824,-2
,,,1976-10-06,Friendly,played,Czechoslovakia,CSK,CSK,UEFA,Romania,ROU,ROU,UEFA,TRUE,3,2,win,Prague,Czechoslovakia,FALSE,1987,1824,1991,1820,4
,,,1976-10-13,FIFA World Cup qualification,played,Czechoslovakia,CSK,CSK,UEFA,Scotland,SCO,SCO,UEFA,TRUE,2,0,win,Prague,Czechoslovakia,FALSE,1991,1946,2009,1928,18
,,,1976-11-17,Friendly,played,Czechoslovakia,CSK,CSK,UEFA,Germany,GER,DEU,UEFA,FALSE,0,2,loss,Hanover,Germany,FALSE,2009,2128,2002,2135,-7
,,,1977-03-23,Friendly,played,Czechoslovakia,CSK,CSK,UEFA,Greece,GRC,GRC,UEFA,TRUE,4,0,win,Prague,Czechoslovakia,FALSE,2002,1633,2004,1631,2
,,,1977-03-30,FIFA World Cup qualification,played,Czechoslovakia,CSK,CSK,UEFA,Wales,WAL,WAL,UEFA,FALSE,0,3,loss,Wrexham,Wales,FALSE,2004,1732,1953,1783,-51
,,,1977-04-20,Friendly,played,Czechoslovakia,CSK,CSK,UEFA,Hungary,HUN,HUN,UEFA,FALSE,0,2,loss,Budapest,Hungary,FALSE,1953,1877,1939,1891,-14
,,,1977-05-24,Friendly,played,Czechoslovakia,CSK,CSK,UEFA,Switzerland,CHE,CHE,UEFA,FALSE,0,1,loss,Basel,Switzerland,FALSE,1939,1592,1923,1608,-16
,,,1977-06-01,Friendly,played,Czechoslovakia,CSK,CSK,UEFA,Austria,AUT,AUT,UEFA,TRUE,0,0,draw,Ostrava,Czechoslovakia,FALSE,1923,1830,1918,1835,-5
,,,1977-08-14,Friendly,played,Czechoslovakia,CSK,CSK,UEFA,Romania,ROU,ROU,UEFA,TRUE,1,3,loss,Rabat,Morocco,TRUE,1918,1893,1894,1917,-24
,,,1977-09-07,Friendly,played,Czechoslovakia,CSK,CSK,UEFA,Turkey,TUR,TUR,UEFA,TRUE,1,0,win,Bratislava,Czechoslovakia,FALSE,1894,1674,1897,1671,3
,,,1977-09-21,FIFA World Cup qualification,played,Czechoslovakia,CSK,CSK,UEFA,Scotland,SCO,SCO,UEFA,FALSE,1,3,loss,Glasgow,Scotland,FALSE,1897,1966,1881,1982,-16
,,,1977-11-09,Friendly,played,Czechoslovakia,CSK,CSK,UEFA,Hungary,HUN,HUN,UEFA,TRUE,1,1,draw,Prague,Czechoslovakia,FALSE,1881,1907,1879,1909,-2
,,,1977-11-16,FIFA World Cup qualification,played,Czechoslovakia,CSK,CSK,UEFA,Wales,WAL,WAL,UEFA,TRUE,1,0,win,Prague,Czechoslovakia,FALSE,1879,1796,1889,1786,10
,,,1978-03-22,Friendly,played,Czechoslovakia,CSK,CSK,UEFA,Greece,GRC,GRC,UEFA,FALSE,1,0,win,Salonica,Greece,FALSE,1889,1660,1895,1654,6
,,,1978-04-15,Friendly,played,Czechoslovakia,CSK,CSK,UEFA,Hungary,HUN,HUN,UEFA,FALSE,1,2,loss,Budapest,Hungary,FALSE,1895,1916,1888,1923,-7
,,,1978-04-23,Friendly,played,Czechoslovakia,CSK,CSK,UEFA,Bulgaria,BGR,BGR,UEFA,TRUE,0,0,draw,Brno,Czechoslovakia,FALSE,1888,1738,1882,1744,-6
,,,1978-05-17,Friendly,played,Czechoslovakia,CSK,CSK,UEFA,Brazil,BRA,BRA,CONMEBOL,FALSE,0,2,loss,Rio de Janeiro,Brazil,FALSE,1882,2075,1877,2080,-5
,,,1978-05-21,Friendly,played,Czechoslovakia,CSK,CSK,UEFA,Sweden,SWE,SWE,UEFA,FALSE,0,0,draw,Solna,Sweden,FALSE,1877,1792,1877,1792,0
,,,1978-09-06,Friendly,played,Czechoslovakia,CSK,CSK,UEFA,German DR,DDR,DDR,UEFA,FALSE,1,2,loss,Leipzig,German DR,FALSE,1877,1946,1872,1951,-5
,,,1978-10-04,UEFA Euro qualification,played,Czechoslovakia,CSK,CSK,UEFA,Sweden,SWE,SWE,UEFA,FALSE,3,1,win,Solna,Sweden,FALSE,1872,1769,1902,1739,30
,,,1978-10-11,Friendly,played,Czechoslovakia,CSK,CSK,UEFA,Germany,GER,DEU,UEFA,TRUE,3,4,loss,Prague,Czechoslovakia,FALSE,1902,2025,1893,2034,-9
,,,1978-11-08,Friendly,played,Czechoslovakia,CSK,CSK,UEFA,Italy,ITA,ITA,UEFA,TRUE,3,0,win,Bratislava,Czechoslovakia,FALSE,1893,2007,1911,1989,18
,,,1978-11-29,Friendly,played,Czechoslovakia,CSK,CSK,UEFA,England,ENG,ENG,UEFA,FALSE,0,1,loss,London,England,FALSE,1911,1996,1906,2001,-5
,,,1979-03-14,Friendly,played,Czechoslovakia,CSK,CSK,UEFA,Spain,ESP,ESP,UEFA,TRUE,1,0,win,Bratislava,Czechoslovakia,FALSE,1906,1963,1915,1954,9
,,,1979-04-04,UEFA Euro qualification,played,Czechoslovakia,CSK,CSK,UEFA,France,FRA,FRA,UEFA,TRUE,2,0,win,Bratislava,Czechoslovakia,FALSE,1915,1896,1935,1876,20
,,,1979-05-01,UEFA Euro qualification,played,Czechoslovakia,CSK,CSK,UEFA,Luxembourg,,,,FALSE,3,0,win,Luxembourg,Luxembourg,FALSE,1935,1260,1937,1258,2
,,,1979-05-05,Friendly,played,Czechoslovakia,CSK,CSK,UEFA,Soviet Union,SUN,SUN,UEFA,FALSE,0,3,loss,Moscow,Soviet Union,FALSE,1937,1934,1924,1947,-13
,,,1979-09-12,Friendly,played,Czechoslovakia,CSK,CSK,UEFA,Hungary,HUN,HUN,UEFA,FALSE,1,2,loss,Nyíregyháza,Hungary,FALSE,1924,1804,1913,1815,-11
,,,1979-09-26,Friendly,played,Czechoslovakia,CSK,CSK,UEFA,Republic of Ireland,IRL,IRL,UEFA,TRUE,4,1,win,Prague,Czechoslovakia,FALSE,1913,1718,1918,1713,5
,,,1979-10-10,UEFA Euro qualification,played,Czechoslovakia,CSK,CSK,UEFA,Sweden,SWE,SWE,UEFA,TRUE,4,1,win,Prague,Czechoslovakia,FALSE,1918,1686,1927,1677,9
,,,1979-11-17,UEFA Euro qualification,played,Czechoslovakia,CSK,CSK,UEFA,France,FRA,FRA,UEFA,FALSE,1,2,loss,Paris,France,FALSE,1927,1908,1912,1923,-15
,,,1979-11-24,UEFA Euro qualification,played,Czechoslovakia,CSK,CSK,UEFA,Luxembourg,,,,TRUE,4,0,win,Prague,Czechoslovakia,FALSE,1912,1271,1913,1270,1
,,,1980-01-27,Friendly,played,Czechoslovakia,CSK,CSK,UEFA,Australia,AUS,AUS,AFC,FALSE,4,0,win,Canberra,Australia,FALSE,1913,1621,1922,1612,9
,,,1980-02-03,Friendly,played,Czechoslovakia,CSK,CSK,UEFA,Australia,AUS,AUS,AFC,FALSE,5,0,win,Sydney,Australia,FALSE,1922,1612,1931,1603,9
,,,1980-02-09,Friendly,played,Czechoslovakia,CSK,CSK,UEFA,Australia,AUS,AUS,AFC,FALSE,2,2,draw,Melbourne,Australia,FALSE,1931,1603,1925,1609,-6
,,,1980-03-26,Friendly,played,Czechoslovakia,CSK,CSK,UEFA,Switzerland,CHE,CHE,UEFA,FALSE,0,2,loss,Basel,Switzerland,FALSE,1925,1592,1901,1616,-24
,,,1980-04-16,Friendly,played,Czechoslovakia,CSK,CSK,UEFA,Spain,ESP,ESP,UEFA,FALSE,2,2,draw,Gijón,Spain,FALSE,1901,1880,1903,1878,2
,,,1980-04-30,Friendly,played,Czechoslovakia,CSK,CSK,UEFA,Hungary,HUN,HUN,UEFA,TRUE,1,0,win,Košice,Czechoslovakia,FALSE,1903,1796,1908,1791,5
,,,1980-06-11,UEFA Euro,played,Czechoslovakia,CSK,CSK,UEFA,Germany,GER,DEU,UEFA,TRUE,0,1,loss,Rome,Italy,TRUE,1912,2080,1898,2094,-14
,,,1980-06-14,UEFA Euro,played,Czechoslovakia,CSK,CSK,UEFA,Greece,GRC,GRC,UEFA,FALSE,3,1,win,Rome,Italy,TRUE,1898,1668,1914,1652,16
,,,1980-06-17,UEFA Euro,played,Czechoslovakia,CSK,CSK,UEFA,Netherlands,NED,NLD,UEFA,FALSE,1,1,draw,Milan,Italy,TRUE,1914,2016,1921,2009,7
,,,1980-06-21,UEFA Euro,played,Czechoslovakia,CSK,CSK,UEFA,Italy,ITA,ITA,UEFA,FALSE,1,1,draw,Naples,Italy,FALSE,1921,1988,1932,1977,11
,,,1980-09-24,Friendly,played,Czechoslovakia,CSK,CSK,UEFA,Poland,POL,POL,UEFA,FALSE,1,1,draw,Chorzów,Poland,FALSE,1932,1938,1935,1935,3
,,,1980-10-08,Friendly,played,Czechoslovakia,CSK,CSK,UEFA,German DR,DDR,DDR,UEFA,TRUE,0,1,loss,Prague,Czechoslovakia,FALSE,1935,1926,1922,1939,-13
,,,1980-10-15,Friendly,played,Czechoslovakia,CSK,CSK,UEFA,Argentina,ARG,ARG,CONMEBOL,FALSE,0,1,loss,Buenos Aires,Argentina,FALSE,1922,1998,1917,2003,-5
,,,1980-11-19,FIFA World Cup qualification,played,Czechoslovakia,CSK,CSK,UEFA,Wales,WAL,WAL,UEFA,FALSE,0,1,loss,Cardiff,Wales,FALSE,1917,1839,1898,1858,-19
,,,1980-12-03,FIFA World Cup qualification,played,Czechoslovakia,CSK,CSK,UEFA,Turkey,TUR,TUR,UEFA,TRUE,2,0,win,Prague,Czechoslovakia,FALSE,1898,1613,1904,1607,6
,,,1981-02-04,Friendly,played,Czechoslovakia,CSK,CSK,UEFA,Peru,PER,PER,CONMEBOL,FALSE,3,1,win,Lima,Peru,FALSE,1897,1730,1909,1718,12
,,,1981-03-24,Friendly,played,Czechoslovakia,CSK,CSK,UEFA,Switzerland,CHE,CHE,UEFA,TRUE,0,1,loss,Bratislava,Czechoslovakia,FALSE,1909,1576,1891,1594,-18
,,,1981-04-15,FIFA World Cup qualification,played,Czechoslovakia,CSK,CSK,UEFA,Turkey,TUR,TUR,UEFA,FALSE,3,0,win,Istanbul,Turkey,FALSE,1891,1596,1908,1579,17
,,,1981-04-29,Friendly,played,Czechoslovakia,CSK,CSK,UEFA,Republic of Ireland,IRL,IRL,UEFA,FALSE,1,3,loss,Dublin,Republic of Ireland,FALSE,1908,1731,1890,1749,-18
,,,1981-05-27,FIFA World Cup qualification,played,Czechoslovakia,CSK,CSK,UEFA,Iceland,ISL,ISL,UEFA,TRUE,6,1,win,Bratislava,Czechoslovakia,FALSE,1890,1416,1893,1413,3
,,,1981-09-09,FIFA World Cup qualification,played,Czechoslovakia,CSK,CSK,UEFA,Wales,WAL,WAL,UEFA,TRUE,2,0,win,Prague,Czechoslovakia,FALSE,1893,1907,1916,1884,23
,,,1981-09-23,FIFA World Cup qualification,played,Czechoslovakia,CSK,CSK,UEFA,Iceland,ISL,ISL,UEFA,FALSE,1,1,draw,Reykjavík,Iceland,FALSE,1916,1467,1901,1482,-15
,,,1981-10-28,FIFA World Cup qualification,played,Czechoslovakia,CSK,CSK,UEFA,Soviet Union,SUN,SUN,UEFA,FALSE,0,2,loss,Tbilisi,Soviet Union,TRUE,1901,1973,1885,1989,-16
,,,1981-11-11,Friendly,played,Czechoslovakia,CSK,CSK,UEFA,Argentina,ARG,ARG,CONMEBOL,FALSE,1,1,draw,Buenos Aires,Argentina,FALSE,1885,2014,1891,2008,6
,,,1981-11-29,FIFA World Cup qualification,played,Czechoslovakia,CSK,CSK,UEFA,Soviet Union,SUN,SUN,UEFA,TRUE,1,1,draw,Bratislava,Czechoslovakia,FALSE,1891,2004,1892,2003,1
,,,1982-03-03,Friendly,played,Czechoslovakia,CSK,CSK,UEFA,Brazil,BRA,BRA,CONMEBOL,FALSE,1,1,draw,São Paulo,Brazil,FALSE,1892,2096,1899,2089,7
,,,1982-03-09,Friendly,played,Czechoslovakia,CSK,CSK,UEFA,Argentina,ARG,ARG,CONMEBOL,FALSE,0,0,draw,Mar del Plata,Argentina,FALSE,1899,2008,1904,2003,5
,,,1982-03-24,Friendly,played,Czechoslovakia,CSK,CSK,UEFA,Greece,GRC,GRC,UEFA,TRUE,2,1,win,Prague,Czechoslovakia,FALSE,1904,1646,1906,1644,2
,,,1982-04-14,Friendly,played,Czechoslovakia,CSK,CSK,UEFA,Germany,GER,DEU,UEFA,FALSE,1,2,loss,Cologne,Germany,FALSE,1906,2106,1903,2109,-3
,,,1982-04-28,Friendly,played,Czechoslovakia,CSK,CSK,UEFA,Austria,AUT,AUT,UEFA,FALSE,1,2,loss,Vienna,Austria,FALSE,1903,1909,1896,1916,-7
WC-1982,WC-1982_011,11,1982-06-17,FIFA World Cup,played,Czechoslovakia,CSK,CSK,UEFA,Kuwait,KWT,KWT,AFC,TRUE,1,1,draw,Valladolid,Spain,TRUE,1896,1629,1877,1648,-19
WC-1982,WC-1982_019,19,1982-06-20,FIFA World Cup,played,Czechoslovakia,CSK,CSK,UEFA,England,ENG,ENG,UEFA,FALSE,0,2,loss,Bilbao,Spain,TRUE,1877,1998,1847,2028,-30
WC-1982,WC-1982_032,32,1982-06-24,FIFA World Cup,played,Czechoslovakia,CSK,CSK,UEFA,France,FRA,FRA,UEFA,FALSE,1,1,draw,Valladolid,Spain,TRUE,1847,1871,1849,1869,2
,,,1982-10-06,UEFA Euro qualification,played,Czechoslovakia,CSK,CSK,UEFA,Sweden,SWE,SWE,UEFA,TRUE,2,2,draw,Bratislava,Czechoslovakia,FALSE,1849,1683,1836,1696,-13
,,,1982-10-27,Friendly,played,Czechoslovakia,CSK,CSK,UEFA,Denmark,DNK,DNK,UEFA,FALSE,3,1,win,Copenhagen,Denmark,FALSE,1836,1745,1851,1730,15
,,,1982-11-13,UEFA Euro qualification,played,Czechoslovakia,CSK,CSK,UEFA,Italy,ITA,ITA,UEFA,FALSE,2,2,draw,Milan,Italy,FALSE,1851,2048,1865,2034,14
,,,1983-03-27,UEFA Euro qualification,played,Czechoslovakia,CSK,CSK,UEFA,Cyprus,,,,FALSE,1,1,draw,Nicosia,Cyprus,FALSE,1865,1287,1847,1305,-18
,,,1983-04-16,UEFA Euro qualification,played,Czechoslovakia,CSK,CSK,UEFA,Cyprus,,,,TRUE,6,0,win,Prague,Czechoslovakia,FALSE,1847,1305,1849,1303,2
,,,1983-05-15,UEFA Euro qualification,played,Czechoslovakia,CSK,CSK,UEFA,Romania,ROU,ROU,UEFA,FALSE,1,0,win,Bucharest,Romania,FALSE,1849,1825,1873,1801,24
,,,1983-09-07,Friendly,played,Czechoslovakia,CSK,CSK,UEFA,Switzerland,CHE,CHE,UEFA,FALSE,0,0,draw,Neuchâtel,Switzerland,FALSE,1873,1753,1872,1754,-1
,,,1983-09-21,UEFA Euro qualification,played,Czechoslovakia,CSK,CSK,UEFA,Sweden,SWE,SWE,UEFA,FALSE,0,1,loss,Solna,Sweden,FALSE,1872,1781,1853,1800,-19
,,,1983-10-26,Friendly,played,Czechoslovakia,CSK,CSK,UEFA,Bulgaria,BGR,BGR,UEFA,TRUE,1,2,loss,Prague,Czechoslovakia,FALSE,1853,1740,1838,1755,-15
,,,1983-11-16,UEFA Euro qualification,played,Czechoslovakia,CSK,CSK,UEFA,Italy,ITA,ITA,UEFA,TRUE,2,0,win,Prague,Czechoslovakia,FALSE,1838,1880,1863,1855,25
,,,1983-11-30,UEFA Euro qualification,played,Czechoslovakia,CSK,CSK,UEFA,Romania,ROU,ROU,UEFA,TRUE,1,1,draw,Bratislava,Czechoslovakia,FALSE,1863,1819,1855,1827,-8
,,,1984-03-28,Friendly,played,Czechoslovakia,CSK,CSK,UEFA,German DR,DDR,DDR,UEFA,FALSE,1,2,loss,Erfurt,German DR,FALSE,1855,1886,1849,1892,-6
,,,1984-04-07,Friendly,played,Czechoslovakia,CSK,CSK,UEFA,Italy,ITA,ITA,UEFA,FALSE,1,1,draw,Verona,Italy,FALSE,1849,1870,1852,1867,3
,,,1984-05-16,Friendly,played,Czechoslovakia,CSK,CSK,UEFA,Denmark,DNK,DNK,UEFA,TRUE,1,0,win,Prague,Czechoslovakia,FALSE,1852,1808,1858,1802,6
,,,1984-09-05,Friendly,played,Czechoslovakia,CSK,CSK,UEFA,Greece,GRC,GRC,UEFA,FALSE,1,0,win,Athens,Greece,FALSE,1858,1606,1864,1600,6
,,,1984-10-14,FIFA World Cup qualification,played,Czechoslovakia,CSK,CSK,UEFA,Portugal,PRT,PRT,UEFA,FALSE,1,2,loss,Porto,Portugal,FALSE,1864,1881,1850,1895,-14
,,,1984-10-31,FIFA World Cup qualification,played,Czechoslovakia,CSK,CSK,UEFA,Malta,,,,TRUE,4,0,win,Prague,Czechoslovakia,FALSE,1850,1359,1852,1357,2
,,,1985-03-27,Friendly,played,Czechoslovakia,CSK,CSK,UEFA,Switzerland,CHE,CHE,UEFA,FALSE,0,2,loss,Sion,Switzerland,FALSE,1852,1767,1838,1781,-14
,,,1985-04-21,FIFA World Cup qualification,played,Czechoslovakia,CSK,CSK,UEFA,Malta,,,,FALSE,0,0,draw,Attard,Malta,FALSE,1838,1353,1822,1369,-16
,,,1985-04-30,FIFA World Cup qualification,played,Czechoslovakia,CSK,CSK,UEFA,Germany,GER,DEU,UEFA,TRUE,1,5,loss,Prague,Czechoslovakia,FALSE,1822,1983,1791,2014,-31
,,,1985-06-05,FIFA World Cup qualification,played,Czechoslovakia,CSK,CSK,UEFA,Sweden,SWE,SWE,UEFA,FALSE,0,2,loss,Solna,Sweden,FALSE,1791,1838,1773,1856,-18
,,,1985-09-04,Friendly,played,Czechoslovakia,CSK,CSK,UEFA,Poland,POL,POL,UEFA,TRUE,3,1,win,Brno,Czechoslovakia,FALSE,1773,1845,1787,1831,14
,,,1985-09-25,FIFA World Cup qualification,played,Czechoslovakia,CSK,CSK,UEFA,Portugal,PRT,PRT,UEFA,TRUE,1,0,win,Prague,Czechoslovakia,FALSE,1787,1813,1803,1797,16
,,,1985-10-16,FIFA World Cup qualification,played,Czechoslovakia,CSK,CSK,UEFA,Sweden,SWE,SWE,UEFA,TRUE,2,1,win,Prague,Czechoslovakia,FALSE,1803,1886,1822,1867,19
,,,1985-11-17,FIFA World Cup qualification,played,Czechoslovakia,CSK,CSK,UEFA,Germany,GER,DEU,UEFA,FALSE,2,2,draw,Munich,Germany,FALSE,1822,1917,1832,1907,10
,,,1986-04-23,Friendly,played,Czechoslovakia,CSK,CSK,UEFA,German DR,DDR,DDR,UEFA,TRUE,2,0,win,Nitra,Czechoslovakia,FALSE,1832,1869,1844,1857,12
,,,1986-05-27,Friendly,played,Czechoslovakia,CSK,CSK,UEFA,Republic of Ireland,IRL,IRL,UEFA,TRUE,0,1,loss,Reykjavík,Iceland,TRUE,1844,1712,1824,1732,-20
,,,1986-05-29,Friendly,played,Czechoslovakia,CSK,CSK,UEFA,Iceland,ISL,ISL,UEFA,FALSE,2,1,win,Reykjavík,Iceland,FALSE,1824,1469,1830,1463,6
,,,1986-08-03,Friendly,played,Czechoslovakia,CSK,CSK,UEFA,Australia,AUS,AUS,AFC,FALSE,1,1,draw,Melbourne,Australia,FALSE,1830,1643,1828,1645,-2
,,,1986-08-06,Friendly,played,Czechoslovakia,CSK,CSK,UEFA,Australia,AUS,AUS,AFC,FALSE,1,0,win,Adelaide,Australia,FALSE,1828,1645,1836,1637,8
,,,1986-08-10,Friendly,played,Czechoslovakia,CSK,CSK,UEFA,Australia,AUS,AUS,AFC,FALSE,3,0,win,Parramatta,Australia,FALSE,1836,1637,1849,1624,13
,,,1986-09-10,Friendly,played,Czechoslovakia,CSK,CSK,UEFA,Netherlands,NED,NLD,UEFA,TRUE,1,0,win,Prague,Czechoslovakia,FALSE,1849,1875,1857,1867,8
,,,1986-10-15,UEFA Euro qualification,played,Czechoslovakia,CSK,CSK,UEFA,Finland,,,,TRUE,3,0,win,Brno,Czechoslovakia,FALSE,1857,1573,1864,1566,7
,,,1986-11-12,UEFA Euro qualification,played,Czechoslovakia,CSK,CSK,UEFA,Denmark,DNK,DNK,UEFA,TRUE,0,0,draw,Bratislava,Czechoslovakia,FALSE,1864,1933,1862,1935,-2
,,,1987-03-25,Friendly,played,Czechoslovakia,CSK,CSK,UEFA,Switzerland,CHE,CHE,UEFA,FALSE,2,1,win,Bellinzona,Switzerland,FALSE,1862,1728,1871,1719,9
,,,1987-04-15,Friendly,played,Czechoslovakia,CSK,CSK,UEFA,Netherlands,NED,NLD,UEFA,FALSE,0,1,loss,Leeuwarden,Netherlands,FALSE,,,,,
,,,1987-04-29,UEFA Euro qualification,played,Czechoslovakia,CSK,CSK,UEFA,Wales,WAL,WAL,UEFA,FALSE,1,1,draw,Wrexham,Wales,FALSE,1871,1811,1873,1809,2
,,,1987-05-13,Friendly,played,Czechoslovakia,CSK,CSK,UEFA,German DR,DDR,DDR,UEFA,FALSE,0,2,loss,Brandenburg,German DR,FALSE,1873,1802,1859,1816,-14
,,,1987-06-03,UEFA Euro qualification,played,Czechoslovakia,CSK,CSK,UEFA,Denmark,DNK,DNK,UEFA,FALSE,1,1,draw,Copenhagen,Denmark,FALSE,1859,1941,1869,1931,10
,,,1987-09-09,UEFA Euro qualification,played,Czechoslovakia,CSK,CSK,UEFA,Finland,,,,FALSE,0,3,loss,Helsinki,Finland,FALSE,1869,1542,1814,1597,-55
,,,1987-10-27,Friendly,played,Czechoslovakia,CSK,CSK,UEFA,Poland,POL,POL,UEFA,TRUE,3,1,win,Bratislava,Czechoslovakia,FALSE,1814,1751,1822,1743,8
,,,1987-11-11,UEFA Euro qualification,played,Czechoslovakia,CSK,CSK,UEFA,Wales,WAL,WAL,UEFA,TRUE,2,0,win,Prague,Czechoslovakia,FALSE,1822,1819,1843,1798,21
,,,1988-01-12,Friendly,played,Czechoslovakia,CSK,CSK,UEFA,Finland,,,,TRUE,0,2,loss,Las Palmas,Spain,TRUE,1843,1597,1807,1633,-36
,,,1988-01-15,Friendly,played,Czechoslovakia,CSK,CSK,UEFA,German DR,DDR,DDR,UEFA,TRUE,1,0,win,Las Palmas,Spain,TRUE,1807,1839,1823,1823,16
,,,1988-02-24,Friendly,played,Czechoslovakia,CSK,CSK,UEFA,Spain,ESP,ESP,UEFA,FALSE,2,1,win,Málaga,Spain,FALSE,1823,1956,1839,1940,16
,,,1988-03-23,Friendly,played,Czechoslovakia,CSK,CSK,UEFA,Bulgaria,BGR,BGR,UEFA,FALSE,0,2,loss,Sofia,Bulgaria,FALSE,1839,1774,1826,1787,-13
,,,1988-04-27,Friendly,played,Czechoslovakia,CSK,CSK,UEFA,Soviet Union,SUN,SUN,UEFA,TRUE,1,1,draw,Trnava,Czechoslovakia,FALSE,1826,1974,1827,1973,1
,,,1988-06-01,Friendly,played,Czechoslovakia,CSK,CSK,UEFA,Denmark,DNK,DNK,UEFA,FALSE,1,0,win,Copenhagen,Denmark,FALSE,1827,1895,1841,1881,14
,,,1988-08-24,Friendly,played,Czechoslovakia,CSK,CSK,UEFA,France,FRA,FRA,UEFA,FALSE,1,1,draw,Paris,France,FALSE,1841,1880,1845,1876,4
,,,1988-09-20,Friendly,played,Czechoslovakia,CSK,CSK,UEFA,Austria,AUT,AUT,UEFA,TRUE,4,2,win,Prague,Czechoslovakia,FALSE,1845,1739,1852,1732,7
,,,1988-10-18,FIFA World Cup qualification,played,Czechoslovakia,CSK,CSK,UEFA,Luxembourg,,,,FALSE,2,0,win,Esch-sur-Alzette,Luxembourg,FALSE,1852,1171,1854,1169,2
,,,1988-11-04,Friendly,played,Czechoslovakia,CSK,CSK,UEFA,Norway,NOR,NOR,UEFA,TRUE,3,2,win,Bratislava,Czechoslovakia,FALSE,1854,1672,1857,1669,3
,,,1988-11-16,FIFA World Cup qualification,played,Czechoslovakia,CSK,CSK,UEFA,Belgium,BEL,BEL,UEFA,TRUE,0,0,draw,Bratislava,Czechoslovakia,FALSE,1857,1794,1848,1803,-9
,,,1989-04-11,Friendly,played,Czechoslovakia,CSK,CSK,UEFA,Austria,AUT,AUT,UEFA,FALSE,2,1,win,Graz,Austria,FALSE,1848,1726,1857,1717,9
,,,1989-04-29,FIFA World Cup qualification,played,Czechoslovakia,CSK,CSK,UEFA,Belgium,BEL,BEL,UEFA,FALSE,1,2,loss,Brussels,Belgium,FALSE,1857,1807,1840,1824,-17
,,,1989-05-09,FIFA World Cup qualification,played,Czechoslovakia,CSK,CSK,UEFA,Luxembourg,,,,TRUE,4,0,win,Prague,Czechoslovakia,FALSE,1840,1168,1841,1167,1
,,,1989-06-07,FIFA World Cup qualification,played,Czechoslovakia,CSK,CSK,UEFA,Switzerland,CHE,CHE,UEFA,FALSE,1,0,win,Bern,Switzerland,FALSE,1841,1708,1859,1690,18
,,,1989-06-26,Korea Cup,played,Czechoslovakia,CSK,CSK,UEFA,South Korea,KOR,KOR,AFC,FALSE,0,0,draw,Seoul,South Korea,FALSE,,,,,
,,,1989-09-05,Friendly,played,Czechoslovakia,CSK,CSK,UEFA,Romania,ROU,ROU,UEFA,TRUE,2,0,win,Nitra,Czechoslovakia,FALSE,1859,1897,1871,1885,12
,,,1989-10-06,FIFA World Cup qualification,played,Czechoslovakia,CSK,CSK,UEFA,Portugal,PRT,PRT,UEFA,TRUE,2,1,win,Prague,Czechoslovakia,FALSE,1871,1785,1881,1775,10
,,,1989-10-25,FIFA World Cup qualification,played,Czechoslovakia,CSK,CSK,UEFA,Switzerland,CHE,CHE,UEFA,TRUE,3,0,win,Prague,Czechoslovakia,FALSE,1881,1687,1892,1676,11
,,,1989-11-15,FIFA World Cup qualification,played,Czechoslovakia,CSK,CSK,UEFA,Portugal,PRT,PRT,UEFA,FALSE,0,0,draw,Lisbon,Portugal,FALSE,1892,1777,1891,1778,-1
,,,1990-02-21,Friendly,played,Czechoslovakia,CSK,CSK,UEFA,Spain,ESP,ESP,UEFA,FALSE,0,1,loss,Alicante,Spain,FALSE,1891,1925,1885,1931,-6
,,,1990-04-04,Friendly,played,Czechoslovakia,CSK,CSK,UEFA,Egypt,EGY,EGY,CAF,TRUE,0,1,loss,Brno,Czechoslovakia,FALSE,1885,1589,1867,1607,-18
,,,1990-04-25,Friendly,played,Czechoslovakia,CSK,CSK,UEFA,England,ENG,ENG,UEFA,FALSE,2,4,loss,London,England,FALSE,1867,1953,1859,1961,-8
,,,1990-05-26,Friendly,played,Czechoslovakia,CSK,CSK,UEFA,Germany,GER,DEU,UEFA,FALSE,0,1,loss,Düsseldorf,Germany,FALSE,1859,1986,1855,1990,-4
WC-1990,WC-1990_007,7,1990-06-10,FIFA World Cup,played,Czechoslovakia,CSK,CSK,UEFA,United States,USA,USA,CONCACAF,FALSE,5,1,win,Florence,Italy,TRUE,1855,1586,1875,1566,20
WC-1990,WC-1990_017,17,1990-06-15,FIFA World Cup,played,Czechoslovakia,CSK,CSK,UEFA,Austria,AUT,AUT,UEFA,FALSE,1,0,win,Florence,Italy,TRUE,1875,1757,1895,1737,20
WC-1990,WC-1990_029,29,1990-06-19,FIFA World Cup,played,Czechoslovakia,CSK,CSK,UEFA,Italy,ITA,ITA,UEFA,FALSE,0,2,loss,Rome,Italy,FALSE,1895,1978,1872,2001,-23
WC-1990,WC-1990_038,38,1990-06-23,FIFA World Cup,played,Czechoslovakia,CSK,CSK,UEFA,Costa Rica,CRI,CRI,CONCACAF,TRUE,4,1,win,Bari,Italy,TRUE,1872,1694,1900,1666,28
WC-1990,WC-1990_048,48,1990-07-01,FIFA World Cup,played,Czechoslovakia,CSK,CSK,UEFA,Germany,GER,DEU,UEFA,FALSE,0,1,loss,Milan,Italy,TRUE,1900,2046,1882,2064,-18
,,,1990-08-29,Friendly,played,Czechoslovakia,CSK,CSK,UEFA,Finland,,,,FALSE,1,1,draw,Kuusankoski,Finland,FALSE,1882,1613,1877,1618,-5
,,,1990-09-26,UEFA Euro qualification,played,Czechoslovakia,CSK,CSK,UEFA,Iceland,ISL,ISL,UEFA,TRUE,1,0,win,Košice,Czechoslovakia,FALSE,1877,1560,1880,1557,3
,,,1990-10-13,UEFA Euro qualification,played,Czechoslovakia,CSK,CSK,UEFA,France,FRA,FRA,UEFA,FALSE,1,2,loss,Paris,France,FALSE,1880,1912,1867,1925,-13
,,,1990-11-14,UEFA Euro qualification,played,Czechoslovakia,CSK,CSK,UEFA,Spain,ESP,ESP,UEFA,TRUE,3,2,win,Prague,Czechoslovakia,FALSE,1867,1953,1886,1934,19
,,,1991-01-30,Friendly,played,Czechoslovakia,CSK,CSK,UEFA,Australia,AUS,AUS,AFC,FALSE,1,0,win,Melbourne,Australia,FALSE,1886,1667,1893,1660,7
,,,1991-02-06,Friendly,played,Czechoslovakia,CSK,CSK,UEFA,Australia,AUS,AUS,AFC,FALSE,2,0,win,Parramatta,Australia,FALSE,1893,1660,1903,1650,10
,,,1991-03-27,Friendly,played,Czechoslovakia,CSK,CSK,UEFA,Poland,POL,POL,UEFA,TRUE,4,0,win,Olomouc,Czechoslovakia,FALSE,1903,1772,1911,1764,8
,,,1991-05-01,UEFA Euro qualification,played,Czechoslovakia,CSK,CSK,UEFA,Albania,,,,FALSE,2,0,win,Tirana,Albania,FALSE,1911,1397,1916,1392,5
,,,1991-06-05,UEFA Euro qualification,played,Czechoslovakia,CSK,CSK,UEFA,Iceland,ISL,ISL,UEFA,FALSE,1,0,win,Reykjavík,Iceland,FALSE,1916,1541,1923,1534,7
,,,1991-08-08,Friendly,played,Czechoslovakia,CSK,CSK,UEFA,Yugoslavia,YUG,YUG,UEFA,TRUE,0,0,draw,Aosta,Italy,TRUE,1923,1951,1924,1950,1
,,,1991-08-21,Friendly,played,Czechoslovakia,CSK,CSK,UEFA,Switzerland,CHE,CHE,UEFA,TRUE,1,1,draw,Prague,Czechoslovakia,FALSE,1924,1776,1918,1782,-6
,,,1991-09-04,UEFA Euro qualification,played,Czechoslovakia,CSK,CSK,UEFA,France,FRA,FRA,UEFA,TRUE,1,2,loss,Bratislava,Czechoslovakia,FALSE,1918,1967,1895,1990,-23
,,,1991-09-25,Friendly,played,Czechoslovakia,CSK,CSK,UEFA,Norway,NOR,NOR,UEFA,FALSE,3,2,win,Oslo,Norway,FALSE,1895,1706,1902,1699,7
,,,1991-10-16,UEFA Euro qualification,played,Czechoslovakia,CSK,CSK,UEFA,Albania,,,,TRUE,2,1,win,Olomouc,Czechoslovakia,FALSE,1902,1443,1904,1441,2
,,,1991-11-13,UEFA Euro qualification,played,Czechoslovakia,CSK,CSK,UEFA,Spain,ESP,ESP,UEFA,FALSE,1,2,loss,Seville,Spain,FALSE,1904,1807,1884,1827,-20
,,,1991-12-18,Friendly,played,Czechoslovakia,CSK,CSK,UEFA,Brazil,BRA,BRA,CONMEBOL,FALSE,1,2,loss,Goiânia,Brazil,FALSE,1884,1952,1878,1958,-6
,,,1992-01-04,Friendly,played,Czechoslovakia,CSK,CSK,UEFA,Egypt,EGY,EGY,CAF,FALSE,0,2,loss,Cairo,Egypt,FALSE,1878,1679,1859,1698,-19
,,,1992-03-25,Friendly,played,Czechoslovakia,CSK,CSK,UEFA,England,ENG,ENG,UEFA,TRUE,2,2,draw,Prague,Czechoslovakia,FALSE,1859,2000,1860,1999,1
,,,1992-04-22,Friendly,played,Czechoslovakia,CSK,CSK,UEFA,Germany,GER,DEU,UEFA,TRUE,1,1,draw,Prague,Czechoslovakia,FALSE,1860,2078,1863,2075,3
,,,1992-05-27,Friendly,played,Czechoslovakia,CSK,CSK,UEFA,Poland,POL,POL,UEFA,FALSE,0,1,loss,Jastrzębie-Zdrój,Poland,FALSE,1863,1783,1854,1792,-9
,,,1992-08-19,Friendly,played,Czechoslovakia,CSK,CSK,UEFA,Austria,AUT,AUT,UEFA,TRUE,2,2,draw,Bratislava,Czechoslovakia,FALSE,1854,1603,1846,1611,-8
,,,1992-09-02,FIFA World Cup qualification,played,Czechoslovakia,CSK,CSK,UEFA,Belgium,BEL,BEL,UEFA,TRUE,1,2,loss,Prague,Czechoslovakia,FALSE,1846,1817,1819,1844,-27
,,,1992-09-23,FIFA World Cup qualification,played,Czechoslovakia,CSK,CSK,UEFA,Faroe Islands,,,,TRUE,4,0,win,Košice,Czechoslovakia,FALSE,1819,1227,1820,1226,1
,,,1992-11-14,FIFA World Cup qualification,played,Czechoslovakia,CSK,CSK,UEFA,Romania,ROU,ROU,UEFA,FALSE,1,1,draw,Bucharest,Romania,FALSE,1820,1827,1826,1821,6
,,,1993-03-24,FIFA World Cup qualification,played,Czechoslovakia,CSK,CSK,UEFA,Cyprus,,,,FALSE,1,1,draw,Limassol,Cyprus,FALSE,1826,1337,1810,1353,-16
,,,1993-04-28,FIFA World Cup qualification,played,Czechoslovakia,CSK,CSK,UEFA,Wales,WAL,WAL,UEFA,TRUE,1,1,draw,Ostrava,Czech Republic,FALSE,1810,1793,1804,1799,-6
,,,1993-06-02,FIFA World Cup qualification,played,Czechoslovakia,CSK,CSK,UEFA,Romania,ROU,ROU,UEFA,TRUE,5,2,win,Košice,Slovakia,FALSE,1804,1803,1829,1778,25
,,,1993-06-16,FIFA World Cup qualification,played,Czechoslovakia,CSK,CSK,UEFA,Faroe Islands,,,,FALSE,3,0,win,Toftir,Faroe Islands,FALSE,1829,1208,1832,1205,3
,,,1993-09-08,FIFA World Cup qualification,played,Czechoslovakia,CSK,CSK,UEFA,Wales,WAL,WAL,UEFA,FALSE,2,2,draw,Cardiff,Wales,FALSE,1832,1803,1836,1799,4
,,,1993-10-27,FIFA World Cup qualification,played,Czechoslovakia,CSK,CSK,UEFA,Cyprus,,,,TRUE,3,0,win,Košice,Slovakia,FALSE,1836,1364,1839,1361,3
,,,1993-11-17,FIFA World Cup qualification,played,Czechoslovakia,CSK,CSK,UEFA,Belgium,BEL,BEL,UEFA,FALSE,0,0,draw,Brussels,Belgium,FALSE,1839,1832,1844,1827,5
