edition,tournament_id,year,country,team_id,team_code,confederation,placement,position,matches_played,gs,ga,start_elo,finish_elo,elo_change,next_edition,next_placement,next_position
1930,WC-1930,1930,Uruguay,URY,URY,CONMEBOL,Winner,1,4,15,3,1968,2034,66,1950,Winner,1
1930,WC-1930,1930,Argentina,ARG,ARG,CONMEBOL,Runner-up,2,5,18,9,2073,2059,-14,1934,Round of 16,16
1930,WC-1930,1930,United States,USA,USA,CONCACAF,Third Place,3,3,7,6,1672,1766,94,1934,Round of 16,16
1930,WC-1930,1930,Yugoslavia,YUG,YUG,UEFA,Fourth Place,4,3,7,7,1590,1643,53,1950,Group Stage,13
1930,WC-1930,1930,Belgium,BEL,BEL,UEFA,Group Stage,13,2,0,4,1661,1589,-72,1934,Round of 16,16
1930,WC-1930,1930,Bolivia,BOL,BOL,CONMEBOL,Group Stage,13,2,0,8,1258,1244,-14,1950,Group Stage,13
1930,WC-1930,1930,Brazil,BRA,BRA,CONMEBOL,Group Stage,13,2,5,2,1923,1874,-49,1934,Round of 16,16
1930,WC-1930,1930,Chile,CHL,CHL,CONMEBOL,Group Stage,13,3,5,3,1575,1645,70,1950,Group Stage,13
1930,WC-1930,1930,France,FRA,FRA,UEFA,Group Stage,13,3,4,3,1547,1577,30,1934,Round of 16,16
1930,WC-1930,1930,Mexico,MEX,MEX,CONCACAF,Group Stage,13,3,4,13,1613,1498,-115,1950,Group Stage,13
1930,WC-1930,1930,Paraguay,PRY,PRY,CONMEBOL,Group Stage,13,2,1,3,1777,1737,-40,1950,Group Stage,13
1930,WC-1930,1930,Peru,PER,PER,CONMEBOL,Group Stage,13,2,1,4,1541,1497,-44,1970,Quarter-final,8
1930,WC-1930,1930,Romania,ROU,ROU,UEFA,Group Stage,13,2,3,5,1561,1596,35,1934,Round of 16,16
1934,WC-1934,1934,Italy,ITA,ITA,UEFA,Winner,1,5,12,3,1975,2047,72,1938,Winner,1
1934,WC-1934,1934,Czechoslovakia,CSK,CSK,UEFA,Runner-up,2,4,9,6,1847,1903,56,1938,Quarter-final,8
1934,WC-1934,1934,Germany,GER,DEU,UEFA,Third Place,3,4,11,8,1799,1853,54,1938,Round of 16,16
1934,WC-1934,1934,Austria,AUT,AUT,UEFA,Fourth Place,4,4,7,7,2050,1995,-55,1954,Third Place,3
1934,WC-1934,1934,Hungary,HUN,HUN,UEFA,Quarter-final,8,2,5,4,1829,1844,15,1938,Runner-up,2
1934,WC-1934,1934,Spain,ESP,ESP,UEFA,Quarter-final,8,3,4,3,1936,1969,33,1950,Fourth Place,4
1934,WC-1934,1934,Sweden,SWE,SWE,UEFA,Quarter-final,8,2,4,4,1730,1755,25,1938,Fourth Place,4
1934,WC-1934,1934,Switzerland,CHE,CHE,UEFA,Quarter-final,8,2,5,5,1615,1639,24,1938,Quarter-final,8
1934,WC-1934,1934,Argentina,ARG,ARG,CONMEBOL,Round of 16,16,1,2,3,2062,2010,-52,1958,Group Stage,16
1934,WC-1934,1934,Belgium,BEL,BEL,UEFA,Round of 16,16,1,2,5,1549,1529,-20,1938,Round of 16,16
1934,WC-1934,1934,Brazil,BRA,BRA,CONMEBOL,Round of 16,16,1,1,3,1934,1889,-45,1938,Third Place,3
1934,WC-1934,1934,Egypt,EGY,EGY,CAF,Round of 16,16,1,2,4,1707,1677,-30,1990,Group Stage,24
1934,WC-1934,1934,France,FRA,FRA,UEFA,Round of 16,16,1,2,3,1626,1621,-5,1938,Quarter-final,8
1934,WC-1934,1934,Netherlands,NED,NLD,UEFA,Round of 16,16,1,2,3,1707,1669,-38,1938,Round of 16,16
1934,WC-1934,1934,Romania,ROU,ROU,UEFA,Round of 16,16,1,1,2,1639,1625,-14,1938,Round of 16,16
1934,WC-1934,1934,United States,USA,USA,CONCACAF,Round of 16,16,1,1,7,1778,1758,-20,1950,Group Stage,13
1938,WC-1938,1938,Italy,ITA,ITA,UEFA,Winner,1,4,11,5,2052,2123,71,1950,Group Stage,13
1938,WC-1938,1938,Hungary,HUN,HUN,UEFA,Runner-up,2,4,15,5,1929,1949,20,1954,Runner-up,2
1938,WC-1938,1938,Brazil,BRA,BRA,CONMEBOL,Third Place,3,5,14,11,1904,1935,31,1950,Runner-up,2
1938,WC-1938,1938,Sweden,SWE,SWE,UEFA,Fourth Place,4,3,11,9,1644,1663,19,1950,Third Place,3
1938,WC-1938,1938,Cuba,CUB,CUB,CONCACAF,Quarter-final,8,3,5,12,1543,1518,-25,,,
1938,WC-1938,1938,Czechoslovakia,CSK,CSK,UEFA,Quarter-final,8,3,5,3,1823,1838,15,1954,Group Stage,16
1938,WC-1938,1938,France,FRA,FRA,UEFA,Quarter-final,8,2,4,4,1630,1642,12,1954,Group Stage,16
1938,WC-1938,1938,Switzerland,CHE,CHE,UEFA,Quarter-final,8,3,5,5,1670,1723,53,1950,Group Stage,13
1938,WC-1938,1938,Belgium,BEL,BEL,UEFA,Round of 16,16,1,1,3,1567,1542,-25,1954,Group Stage,16
1938,WC-1938,1938,Germany,GER,DEU,UEFA,Round of 16,16,2,3,5,1831,1756,-75,1954,Semi-final,4
1938,WC-1938,1938,Indonesia,IDN,IDN,AFC,Round of 16,16,1,0,6,1468,1460,-8,,,
1938,WC-1938,1938,Netherlands,NED,NLD,UEFA,Round of 16,16,1,0,3,1707,1671,-36,1974,Runner-up,2
1938,WC-1938,1938,Norway,NOR,NOR,UEFA,Round of 16,16,1,1,2,1730,1722,-8,1994,Group Stage,24
1938,WC-1938,1938,Poland,POL,POL,UEFA,Round of 16,16,1,5,6,1629,1619,-10,1974,Third Place,3
1938,WC-1938,1938,Romania,ROU,ROU,UEFA,Round of 16,16,2,4,5,1557,1525,-32,1970,Group Stage,16
1950,WC-1950,1950,Uruguay,URY,URY,CONMEBOL,Winner,1,4,15,5,1737,1872,135,1954,Fourth Place,4
1950,WC-1950,1950,Brazil,BRA,BRA,CONMEBOL,Runner-up,2,6,22,6,1967,2013,46,1954,Quarter-final,8
1950,WC-1950,1950,Sweden,SWE,SWE,UEFA,Third Place,3,5,11,15,1974,1950,-24,1958,Runner-up,2
1950,WC-1950,1950,Spain,ESP,ESP,UEFA,Fourth Place,4,6,10,12,1899,1868,-31,1962,Group Stage,16
1950,WC-1950,1950,Bolivia,BOL,BOL,CONMEBOL,Group Stage,13,1,0,8,1445,1423,-22,1994,Group Stage,24
1950,WC-1950,1950,Chile,CHL,CHL,CONMEBOL,Group Stage,13,3,5,6,1599,1640,41,1962,Third Place,3
1950,WC-1950,1950,England,ENG,ENG,UEFA,Group Stage,13,3,2,2,2071,1982,-89,1954,Quarter-final,8
1950,WC-1950,1950,Italy,ITA,ITA,UEFA,Group Stage,13,2,4,3,1973,1981,8,1954,Group Stage,16
1950,WC-1950,1950,Mexico,MEX,MEX,CONCACAF,Group Stage,13,3,2,10,1834,1729,-105,1954,Group Stage,16
1950,WC-1950,1950,Paraguay,PRY,PRY,CONMEBOL,Group Stage,13,2,2,4,1877,1850,-27,1958,Group Stage,16
1950,WC-1950,1950,Switzerland,CHE,CHE,UEFA,Group Stage,13,3,4,6,1709,1734,25,1954,Quarter-final,8
1950,WC-1950,1950,United States,USA,USA,CONCACAF,Group Stage,13,3,4,8,1580,1566,-14,1990,Group Stage,24
1950,WC-1950,1950,Yugoslavia,YUG,YUG,UEFA,Group Stage,13,3,7,3,1821,1878,57,1954,Quarter-final,8
1954,WC-1954,1954,Hungary,HUN,HUN,UEFA,Runner-up,2,5,27,10,2146,2234,88,1958,Group Stage,16
1954,WC-1954,1954,Austria,AUT,AUT,UEFA,Third Place,3,5,17,12,1868,1970,102,1958,Group Stage,16
1954,WC-1954,1954,Germany,GER,DEU,UEFA,Semi-final,4,6,25,14,1949,2098,149,1958,Semi-final,4
1954,WC-1954,1954,Uruguay,URY,URY,CONMEBOL,Fourth Place,4,5,16,9,1877,1941,64,1962,Group Stage,16
1954,WC-1954,1954,Brazil,BRA,BRA,CONMEBOL,Quarter-final,8,3,8,5,2030,2011,-19,1958,Winner,1
1954,WC-1954,1954,England,ENG,ENG,UEFA,Quarter-final,8,3,8,8,2021,1973,-48,1958,Group Stage,16
1954,WC-1954,1954,Switzerland,CHE,CHE,UEFA,Quarter-final,8,4,11,11,1673,1722,49,1962,Group Stage,16
1954,WC-1954,1954,Yugoslavia,YUG,YUG,UEFA,Quarter-final,8,3,2,3,1934,1959,25,1958,Quarter-final,8
1954,WC-1954,1954,Belgium,BEL,BEL,UEFA,Group Stage,16,2,5,8,1777,1751,-26,1970,Group Stage,16
1954,WC-1954,1954,Czechoslovakia,CSK,CSK,UEFA,Group Stage,16,2,0,7,1748,1688,-60,1958,Group Stage,16
1954,WC-1954,1954,France,FRA,FRA,UEFA,Group Stage,16,2,3,3,1775,1782,7,1958,Third Place,3
1954,WC-1954,1954,Italy,ITA,ITA,UEFA,Group Stage,16,3,6,7,1893,1829,-64,1962,Group Stage,16
1954,WC-1954,1954,Mexico,MEX,MEX,CONCACAF,Group Stage,16,2,2,8,1699,1659,-40,1958,Group Stage,16
1954,WC-1954,1954,Scotland,SCO,SCO,UEFA,Group Stage,16,2,0,8,1900,1807,-93,1958,Group Stage,16
1954,WC-1954,1954,South Korea,KOR,KOR,AFC,Group Stage,16,2,0,16,1679,1586,-93,1986,Group Stage,24
1954,WC-1954,1954,Turkey,TUR,TUR,UEFA,Group Stage,16,3,10,11,1586,1669,83,2002,Third Place,3
1958,WC-1958,1958,Brazil,BRA,BRA,CONMEBOL,Winner,1,6,16,4,1976,2143,167,1962,Winner,1
1958,WC-1958,1958,Sweden,SWE,SWE,UEFA,Runner-up,2,6,12,7,1803,1900,97,1970,Group Stage,16
1958,WC-1958,1958,France,FRA,FRA,UEFA,Third Place,3,6,23,15,1840,1893,53,1966,Group Stage,16
1958,WC-1958,1958,Germany,GER,DEU,UEFA,Semi-final,4,6,12,14,1925,1882,-43,1962,Quarter-final,8
1958,WC-1958,1958,Northern Ireland,NIR,NIR,UEFA,Quarter-final,8,5,6,10,1738,1773,35,1982,Quarter-final,8
1958,WC-1958,1958,Soviet Union,SUN,SUN,UEFA,Quarter-final,8,5,5,6,1893,1901,8,1962,Quarter-final,8
1958,WC-1958,1958,Wales,WAL,WAL,UEFA,Quarter-final,8,5,4,4,1718,1797,79,2022,Group Stage,32
1958,WC-1958,1958,Yugoslavia,YUG,YUG,UEFA,Quarter-final,8,4,7,7,1914,1920,6,1962,Fourth Place,4
1958,WC-1958,1958,Argentina,ARG,ARG,CONMEBOL,Group Stage,16,3,5,10,1984,1922,-62,1962,Group Stage,16
1958,WC-1958,1958,Austria,AUT,AUT,UEFA,Group Stage,16,3,2,7,1906,1838,-68,1978,Quarter-final,8
1958,WC-1958,1958,Czechoslovakia,CSK,CSK,UEFA,Group Stage,16,4,9,6,1894,1901,7,1962,Runner-up,2
1958,WC-1958,1958,England,ENG,ENG,UEFA,Group Stage,16,4,4,5,2015,1955,-60,1962,Quarter-final,8
1958,WC-1958,1958,Hungary,HUN,HUN,UEFA,Group Stage,16,4,7,5,2081,1987,-94,1962,Quarter-final,8
1958,WC-1958,1958,Mexico,MEX,MEX,CONCACAF,Group Stage,16,3,1,8,1776,1723,-53,1962,Group Stage,16
1958,WC-1958,1958,Paraguay,PRY,PRY,CONMEBOL,Group Stage,16,3,9,12,1751,1765,14,1986,Round of 16,16
1958,WC-1958,1958,Scotland,SCO,SCO,UEFA,Group Stage,16,3,4,6,1829,1770,-59,1974,Group Stage,16
1962,WC-1962,1962,Brazil,BRA,BRA,CONMEBOL,Winner,1,6,14,5,2104,2195,91,1966,Group Stage,16
1962,WC-1962,1962,Czechoslovakia,CSK,CSK,UEFA,Runner-up,2,6,7,7,1977,1999,22,1970,Group Stage,16
1962,WC-1962,1962,Chile,CHL,CHL,CONMEBOL,Third Place,3,6,10,8,1740,1833,93,1966,Group Stage,16
1962,WC-1962,1962,Yugoslavia,YUG,YUG,UEFA,Fourth Place,4,6,10,7,1983,1932,-51,1974,Quarter-final,8
1962,WC-1962,1962,England,ENG,ENG,UEFA,Quarter-final,8,4,5,6,1923,1913,-10,1966,Winner,1
1962,WC-1962,1962,Germany,GER,DEU,UEFA,Quarter-final,8,4,4,2,1901,1932,31,1966,Semi-final,4
1962,WC-1962,1962,Hungary,HUN,HUN,UEFA,Quarter-final,8,4,8,3,1940,1958,18,1966,Quarter-final,8
1962,WC-1962,1962,Soviet Union,SUN,SUN,UEFA,Quarter-final,8,4,9,7,2031,2013,-18,1966,Fourth Place,4
1962,WC-1962,1962,Argentina,ARG,ARG,CONMEBOL,Group Stage,16,3,2,3,1980,1941,-39,1966,Quarter-final,8
1962,WC-1962,1962,Bulgaria,BGR,BGR,UEFA,Group Stage,16,3,1,7,1775,1750,-25,1966,Group Stage,16
1962,WC-1962,1962,Colombia,COL,COL,CONMEBOL,Group Stage,16,3,5,11,1440,1458,18,1990,Round of 16,16
1962,WC-1962,1962,Italy,ITA,ITA,UEFA,Group Stage,16,3,3,2,1893,1872,-21,1966,Group Stage,16
1962,WC-1962,1962,Mexico,MEX,MEX,CONCACAF,Group Stage,16,3,3,4,1809,1848,39,1966,Group Stage,16
1962,WC-1962,1962,Spain,ESP,ESP,UEFA,Group Stage,16,3,2,3,1963,1936,-27,1966,Group Stage,16
1962,WC-1962,1962,Switzerland,CHE,CHE,UEFA,Group Stage,16,3,2,8,1707,1638,-69,1966,Group Stage,16
1962,WC-1962,1962,Uruguay,URY,URY,CONMEBOL,Group Stage,16,3,4,6,1906,1853,-53,1966,Quarter-final,8
1966,WC-1966,1966,England,ENG,ENG,UEFA,Winner,1,6,11,3,1991,2046,55,1970,Quarter-final,8
1966,WC-1966,1966,Portugal,PRT,PRT,UEFA,Third Place,3,6,17,8,1833,2019,186,1986,Group Stage,24
1966,WC-1966,1966,Germany,GER,DEU,UEFA,Semi-final,4,6,15,6,1960,2038,78,1970,Semi-final,4
1966,WC-1966,1966,Soviet Union,SUN,SUN,UEFA,Fourth Place,4,6,10,6,2003,2015,12,1970,Quarter-final,8
1966,WC-1966,1966,Argentina,ARG,ARG,CONMEBOL,Quarter-final,8,4,4,2,1973,1982,9,1974,Quarter-final,8
1966,WC-1966,1966,Hungary,HUN,HUN,UEFA,Quarter-final,8,4,8,7,1954,1954,0,1978,Group Stage,16
1966,WC-1966,1966,North Korea,PRK,PRK,AFC,Quarter-final,8,4,5,9,1778,1776,-2,2010,Group Stage,32
1966,WC-1966,1966,Uruguay,URY,URY,CONMEBOL,Quarter-final,8,4,2,5,1848,1884,36,1970,Fourth Place,4
1966,WC-1966,1966,Brazil,BRA,BRA,CONMEBOL,Group Stage,16,3,4,6,2010,1919,-91,1970,Winner,1
1966,WC-1966,1966,Bulgaria,BGR,BGR,UEFA,Group Stage,16,3,1,8,1804,1726,-78,1970,Group Stage,16
1966,WC-1966,1966,Chile,CHL,CHL,CONMEBOL,Group Stage,16,3,2,5,1752,1727,-25,1974,Group Stage,16
1966,WC-1966,1966,France,FRA,FRA,UEFA,Group Stage,16,3,2,5,1759,1735,-24,1978,Group Stage,16
1966,WC-1966,1966,Italy,ITA,ITA,UEFA,Group Stage,16,3,2,2,1979,1923,-56,1970,Runner-up,2
1966,WC-1966,1966,Mexico,MEX,MEX,CONCACAF,Group Stage,16,3,1,3,1868,1843,-25,1970,Quarter-final,8
1966,WC-1966,1966,Spain,ESP,ESP,UEFA,Group Stage,16,3,4,5,1895,1884,-11,1978,Group Stage,16
1966,WC-1966,1966,Switzerland,CHE,CHE,UEFA,Group Stage,16,3,1,9,1639,1617,-22,1994,Round of 16,16
1970,WC-1970,1970,Brazil,BRA,BRA,CONMEBOL,Winner,1,6,19,7,2011,2172,161,1974,Fourth Place,4
1970,WC-1970,1970,Italy,ITA,ITA,UEFA,Runner-up,2,6,10,8,2007,2016,9,1974,Group Stage,16
1970,WC-1970,1970,Germany,GER,DEU,UEFA,Semi-final,4,6,17,10,1998,2060,62,1974,Quarter-final,8
1970,WC-1970,1970,Uruguay,URY,URY,CONMEBOL,Fourth Place,4,6,4,5,1867,1882,15,1974,Group Stage,16
1970,WC-1970,1970,England,ENG,ENG,UEFA,Quarter-final,8,4,4,4,2070,2064,-6,1982,Quarter-final,8
1970,WC-1970,1970,Mexico,MEX,MEX,CONCACAF,Quarter-final,8,4,6,4,1703,1722,19,1978,Group Stage,16
1970,WC-1970,1970,Peru,PER,PER,CONMEBOL,Quarter-final,8,4,9,9,1692,1747,55,1978,Quarter-final,8
1970,WC-1970,1970,Soviet Union,SUN,SUN,UEFA,Quarter-final,8,4,6,2,1937,1927,-10,1982,Quarter-final,8
1970,WC-1970,1970,Belgium,BEL,BEL,UEFA,Group Stage,16,3,4,5,1779,1742,-37,1982,Quarter-final,8
1970,WC-1970,1970,Bulgaria,BGR,BGR,UEFA,Group Stage,16,3,5,9,1823,1748,-75,1974,Group Stage,16
1970,WC-1970,1970,Czechoslovakia,CSK,CSK,UEFA,Group Stage,16,3,2,7,1963,1860,-103,1982,Group Stage,24
1970,WC-1970,1970,El Salvador,SLV,SLV,CONCACAF,Group Stage,16,3,0,9,1534,1490,-44,1982,Group Stage,24
1970,WC-1970,1970,Israel,ISR,ISR,UEFA,Group Stage,16,3,1,3,1682,1696,14,,,
1970,WC-1970,1970,Morocco,MAR,MAR,CAF,Group Stage,16,3,2,6,1662,1631,-31,1986,Round of 16,16
1970,WC-1970,1970,Romania,ROU,ROU,UEFA,Group Stage,16,3,4,5,1784,1806,22,1990,Round of 16,16
1970,WC-1970,1970,Sweden,SWE,SWE,UEFA,Group Stage,16,3,2,2,1846,1852,6,1974,Quarter-final,8
1974,WC-1974,1974,Netherlands,NED,NLD,UEFA,Runner-up,2,7,15,3,1843,2077,234,1978,Runner-up,2
1974,WC-1974,1974,Poland,POL,POL,UEFA,Third Place,3,7,16,5,1959,2082,123,1978,Quarter-final,8
1974,WC-1974,1974,Brazil,BRA,BRA,CONMEBOL,Fourth Place,4,7,6,4,2117,2036,-81,1978,Third Place,3
1974,WC-1974,1974,Argentina,ARG,ARG,CONMEBOL,Quarter-final,8,6,9,12,1894,1843,-51,1978,Winner,1
1974,WC-1974,1974,German DR,DDR,DDR,UEFA,Quarter-final,8,6,5,5,1939,1918,-21,,,
1974,WC-1974,1974,Germany,GER,DEU,UEFA,Quarter-final,8,7,13,4,2112,2144,32,1978,Quarter-final,8
1974,WC-1974,1974,Sweden,SWE,SWE,UEFA,Quarter-final,8,6,7,6,1888,1914,26,1978,Group Stage,16
1974,WC-1974,1974,Yugoslavia,YUG,YUG,UEFA,Quarter-final,8,6,12,7,1935,1897,-38,1982,Group Stage,24
1974,WC-1974,1974,Australia,AUS,AUS,AFC,Group Stage,16,3,0,5,1687,1676,-11,2006,Round of 16,16
1974,WC-1974,1974,Bulgaria,BGR,BGR,UEFA,Group Stage,16,3,2,5,1822,1775,-47,1986,Round of 16,16
1974,WC-1974,1974,Chile,CHL,CHL,CONMEBOL,Group Stage,16,3,1,2,1771,1776,5,1982,Group Stage,24
1974,WC-1974,1974,DR Congo,COD,COD,CAF,Group Stage,16,3,0,14,1780,1695,-85,,,
1974,WC-1974,1974,Haiti,HTI,HTI,CONCACAF,Group Stage,16,3,2,14,1610,1572,-38,,,
1974,WC-1974,1974,Italy,ITA,ITA,UEFA,Group Stage,16,3,5,4,2003,1969,-34,1978,Fourth Place,4
1974,WC-1974,1974,Scotland,SCO,SCO,UEFA,Group Stage,16,3,3,1,1865,1891,26,1978,Group Stage,16
1974,WC-1974,1974,Uruguay,URY,URY,CONMEBOL,Group Stage,16,3,1,6,1758,1702,-56,1986,Round of 16,16
1978,WC-1978,1978,Argentina,ARG,ARG,CONMEBOL,Winner,1,7,15,4,1927,2041,114,1982,Quarter-final,8
1978,WC-1978,1978,Netherlands,NED,NLD,UEFA,Runner-up,2,7,15,10,2092,2058,-34,1990,Round of 16,16
1978,WC-1978,1978,Brazil,BRA,BRA,CONMEBOL,Third Place,3,7,10,3,2080,2143,63,1982,Quarter-final,8
1978,WC-1978,1978,Italy,ITA,ITA,UEFA,Fourth Place,4,7,9,6,1937,2004,67,1982,Winner,1
1978,WC-1978,1978,Austria,AUT,AUT,UEFA,Quarter-final,8,6,7,10,1859,1851,-8,1982,Quarter-final,8
1978,WC-1978,1978,Germany,GER,DEU,UEFA,Quarter-final,8,6,10,5,2098,2025,-73,1982,Semi-final,4
1978,WC-1978,1978,Peru,PER,PER,CONMEBOL,Quarter-final,8,6,7,12,1754,1809,55,1982,Group Stage,24
1978,WC-1978,1978,Poland,POL,POL,UEFA,Quarter-final,8,6,6,6,1942,1930,-12,1982,Third Place,3
1978,WC-1978,1978,France,FRA,FRA,UEFA,Group Stage,16,3,5,5,1891,1894,3,1982,Fourth Place,4
1978,WC-1978,1978,Hungary,HUN,HUN,UEFA,Group Stage,16,3,3,8,1907,1807,-100,1982,Group Stage,24
1978,WC-1978,1978,Iran,IRN,IRN,AFC,Group Stage,16,3,2,8,1803,1749,-54,1998,Group Stage,32
1978,WC-1978,1978,Mexico,MEX,MEX,CONCACAF,Group Stage,16,3,2,12,1798,1702,-96,1986,Quarter-final,8
1978,WC-1978,1978,Scotland,SCO,SCO,UEFA,Group Stage,16,3,5,6,1944,1916,-28,1982,Group Stage,24
1978,WC-1978,1978,Spain,ESP,ESP,UEFA,Group Stage,16,3,2,2,1961,1951,-10,1982,Quarter-final,8
1978,WC-1978,1978,Sweden,SWE,SWE,UEFA,Group Stage,16,3,1,3,1792,1771,-21,1990,Group Stage,24
1978,WC-1978,1978,Tunisia,TUN,TUN,CAF,Group Stage,16,3,3,2,1660,1709,49,1998,Group Stage,32
1982,WC-1982,1982,Italy,ITA,ITA,UEFA,Winner,1,7,12,6,1892,2012,120,1986,Round of 16,16
1982,WC-1982,1982,Poland,POL,POL,UEFA,Third Place,3,7,11,5,1958,1990,32,1986,Round of 16,16
1982,WC-1982,1982,France,FRA,FRA,UEFA,Fourth Place,4,7,16,12,1880,1926,46,1986,Third Place,3
1982,WC-1982,1982,Germany,GER,DEU,UEFA,Semi-final,4,7,12,10,2111,2036,-75,1986,Semi-final,4
1982,WC-1982,1982,Argentina,ARG,ARG,CONMEBOL,Quarter-final,8,5,8,7,2005,1942,-63,1986,Winner,1
1982,WC-1982,1982,Austria,AUT,AUT,UEFA,Quarter-final,8,5,5,4,1920,1891,-29,1990,Group Stage,24
1982,WC-1982,1982,Belgium,BEL,BEL,UEFA,Quarter-final,8,5,3,5,1916,1874,-42,1986,Fourth Place,4
1982,WC-1982,1982,Brazil,BRA,BRA,CONMEBOL,Quarter-final,8,5,15,6,2093,2115,22,1986,Quarter-final,8
1982,WC-1982,1982,England,ENG,ENG,UEFA,Quarter-final,8,5,6,1,1964,2029,65,1986,Quarter-final,8
1982,WC-1982,1982,Northern Ireland,NIR,NIR,UEFA,Quarter-final,8,5,5,7,1741,1764,23,1986,Group Stage,24
1982,WC-1982,1982,Soviet Union,SUN,SUN,UEFA,Quarter-final,8,5,7,4,2012,2008,-4,1986,Round of 16,16
1982,WC-1982,1982,Spain,ESP,ESP,UEFA,Quarter-final,8,5,4,5,1891,1835,-56,1986,Quarter-final,8
1982,WC-1982,1982,Algeria,DZA,DZA,CAF,Group Stage,24,3,5,5,1696,1713,17,1986,Group Stage,24
1982,WC-1982,1982,Cameroon,CMR,CMR,CAF,Group Stage,24,3,1,1,1627,1678,51,1990,Quarter-final,8
1982,WC-1982,1982,Chile,CHL,CHL,CONMEBOL,Group Stage,24,3,3,8,1771,1702,-69,1998,Round of 16,16
1982,WC-1982,1982,Czechoslovakia,CSK,CSK,UEFA,Group Stage,24,3,2,4,1896,1849,-47,1990,Quarter-final,8
1982,WC-1982,1982,El Salvador,SLV,SLV,CONCACAF,Group Stage,24,3,1,13,1608,1557,-51,,,
1982,WC-1982,1982,Honduras,HND,HND,CONCACAF,Group Stage,24,3,2,3,1600,1623,23,2010,Group Stage,32
1982,WC-1982,1982,Hungary,HUN,HUN,UEFA,Group Stage,24,3,12,6,1797,1815,18,1986,Group Stage,24
1982,WC-1982,1982,Kuwait,KWT,KWT,AFC,Group Stage,24,3,2,6,1629,1618,-11,,,
1982,WC-1982,1982,New Zealand,NZL,NZL,OFC,Group Stage,24,3,2,12,1596,1562,-34,2010,Group Stage,32
1982,WC-1982,1982,Peru,PER,PER,CONMEBOL,Group Stage,24,3,2,6,1776,1742,-34,2018,Group Stage,32
1982,WC-1982,1982,Scotland,SCO,SCO,UEFA,Group Stage,24,3,8,8,1840,1854,14,1986,Group Stage,24
1982,WC-1982,1982,Yugoslavia,YUG,YUG,UEFA,Group Stage,24,3,2,2,1917,1890,-27,1990,Quarter-final,8
1986,WC-1986,1986,Argentina,ARG,ARG,CONMEBOL,Winner,1,7,14,5,1874,2011,137,1990,Runner-up,2
1986,WC-1986,1986,France,FRA,FRA,UEFA,Third Place,3,7,12,6,1995,2022,27,1998,Winner,1
1986,WC-1986,1986,Belgium,BEL,BEL,UEFA,Fourth Place,4,7,12,15,1824,1816,-8,1990,Round of 16,16
1986,WC-1986,1986,Germany,GER,DEU,UEFA,Semi-final,4,7,8,7,1940,1965,25,1990,Semi-final,4
1986,WC-1986,1986,Brazil,BRA,BRA,CONMEBOL,Quarter-final,8,5,10,1,1915,2017,102,1990,Round of 16,16
1986,WC-1986,1986,England,ENG,ENG,UEFA,Quarter-final,8,5,7,3,1990,1963,-27,1990,Fourth Place,4
1986,WC-1986,1986,Mexico,MEX,MEX,CONCACAF,Quarter-final,8,5,6,2,1841,1881,40,1994,Round of 16,16
1986,WC-1986,1986,Spain,ESP,ESP,UEFA,Quarter-final,8,5,11,4,1902,1979,77,1990,Round of 16,16
1986,WC-1986,1986,Bulgaria,BGR,BGR,UEFA,Round of 16,16,4,2,6,1844,1767,-77,1994,Fourth Place,4
1986,WC-1986,1986,Denmark,DNK,DNK,UEFA,Round of 16,16,4,10,6,1893,1939,46,1998,Quarter-final,8
1986,WC-1986,1986,Italy,ITA,ITA,UEFA,Round of 16,16,4,5,6,1884,1865,-19,1990,Third Place,3
1986,WC-1986,1986,Morocco,MAR,MAR,CAF,Round of 16,16,4,3,2,1642,1738,96,1994,Group Stage,24
1986,WC-1986,1986,Paraguay,PRY,PRY,CONMEBOL,Round of 16,16,4,4,6,1812,1800,-12,1998,Round of 16,16
1986,WC-1986,1986,Poland,POL,POL,UEFA,Round of 16,16,4,1,7,1805,1761,-44,2002,Group Stage,32
1986,WC-1986,1986,Soviet Union,SUN,SUN,UEFA,Round of 16,16,4,12,5,1940,1960,20,1990,Group Stage,24
1986,WC-1986,1986,Uruguay,URY,URY,CONMEBOL,Round of 16,16,4,2,8,1841,1778,-63,1990,Round of 16,16
1986,WC-1986,1986,Algeria,DZA,DZA,CAF,Group Stage,24,3,1,5,1618,1609,-9,2010,Group Stage,32
1986,WC-1986,1986,Canada,CAN,CAN,CONCACAF,Group Stage,24,3,0,5,1648,1610,-38,2022,Group Stage,32
1986,WC-1986,1986,Hungary,HUN,HUN,UEFA,Group Stage,24,3,2,9,1891,1826,-65,,,
1986,WC-1986,1986,Iraq,IRQ,IRQ,AFC,Group Stage,24,3,1,4,1592,1560,-32,,,
1986,WC-1986,1986,Northern Ireland,NIR,NIR,UEFA,Group Stage,24,3,2,6,1853,1776,-77,,,
1986,WC-1986,1986,Portugal,PRT,PRT,UEFA,Group Stage,24,3,2,4,1807,1754,-53,2002,Group Stage,32
1986,WC-1986,1986,Scotland,SCO,SCO,UEFA,Group Stage,24,3,1,3,1874,1821,-53,1990,Group Stage,24
1986,WC-1986,1986,South Korea,KOR,KOR,AFC,Group Stage,24,3,4,7,1613,1604,-9,1990,Group Stage,24
1990,WC-1990,1990,Argentina,ARG,ARG,CONMEBOL,Runner-up,2,7,5,4,1794,1891,97,1994,Round of 16,16
1990,WC-1990,1990,Italy,ITA,ITA,UEFA,Third Place,3,7,10,2,1966,2033,67,1994,Runner-up,2
1990,WC-1990,1990,England,ENG,ENG,UEFA,Fourth Place,4,7,8,6,1940,1978,38,1998,Round of 16,16
1990,WC-1990,1990,Germany,GER,DEU,UEFA,Semi-final,4,7,15,5,1995,2075,80,1994,Quarter-final,8
1990,WC-1990,1990,Cameroon,CMR,CMR,CAF,Quarter-final,8,5,7,9,1631,1713,82,1994,Group Stage,24
1990,WC-1990,1990,Czechoslovakia,CSK,CSK,UEFA,Quarter-final,8,5,10,5,1855,1900,45,,,
1990,WC-1990,1990,Republic of Ireland,IRL,IRL,UEFA,Quarter-final,8,5,2,3,1892,1875,-17,1994,Round of 16,16
1990,WC-1990,1990,Yugoslavia,YUG,YUG,UEFA,Quarter-final,8,5,8,6,1855,1921,66,,,
1990,WC-1990,1990,Belgium,BEL,BEL,UEFA,Round of 16,16,4,6,4,1845,1871,26,1994,Round of 16,16
1990,WC-1990,1990,Brazil,BRA,BRA,CONMEBOL,Round of 16,16,4,4,2,1993,1989,-4,1994,Winner,1
1990,WC-1990,1990,Colombia,COL,COL,CONMEBOL,Round of 16,16,4,4,4,1801,1765,-36,1994,Group Stage,24
1990,WC-1990,1990,Costa Rica,CRI,CRI,CONCACAF,Round of 16,16,4,4,6,1612,1666,54,2002,Group Stage,32
1990,WC-1990,1990,Netherlands,NED,NLD,UEFA,Round of 16,16,4,3,4,2033,2002,-31,1994,Quarter-final,8
1990,WC-1990,1990,Romania,ROU,ROU,UEFA,Round of 16,16,4,4,3,1894,1888,-6,1994,Quarter-final,8
1990,WC-1990,1990,Spain,ESP,ESP,UEFA,Round of 16,16,4,6,4,1927,1936,9,1994,Quarter-final,8
1990,WC-1990,1990,Uruguay,URY,URY,CONMEBOL,Round of 16,16,4,2,5,1893,1848,-45,2002,Group Stage,32
1990,WC-1990,1990,Austria,AUT,AUT,UEFA,Group Stage,24,3,2,3,1766,1753,-13,1998,Group Stage,32
1990,WC-1990,1990,Egypt,EGY,EGY,CAF,Group Stage,24,3,1,2,1627,1660,33,2018,Group Stage,32
1990,WC-1990,1990,Scotland,SCO,SCO,UEFA,Group Stage,24,3,2,3,1739,1735,-4,1998,Group Stage,32
1990,WC-1990,1990,South Korea,KOR,KOR,AFC,Group Stage,24,3,1,6,1745,1675,-70,1994,Group Stage,24
1990,WC-1990,1990,Soviet Union,SUN,SUN,UEFA,Group Stage,24,3,4,4,1943,1870,-73,,,
1990,WC-1990,1990,Sweden,SWE,SWE,UEFA,Group Stage,24,3,3,6,1952,1831,-121,1994,Third Place,3
1990,WC-1990,1990,United Arab Emirates,ARE,ARE,AFC,Group Stage,24,3,2,11,1454,1431,-23,,,
1990,WC-1990,1990,United States,USA,USA,CONCACAF,Group Stage,24,3,2,8,1586,1547,-39,1994,Round of 16,16
1994,WC-1994,1994,Brazil,BRA,BRA,CONMEBOL,Winner,1,7,11,3,1964,2063,99,1998,Runner-up,2
1994,WC-1994,1994,Italy,ITA,ITA,UEFA,Runner-up,2,7,8,5,1947,2030,83,1998,Quarter-final,8
1994,WC-1994,1994,Sweden,SWE,SWE,UEFA,Third Place,3,7,15,8,1905,1971,66,2002,Round of 16,16
1994,WC-1994,1994,Bulgaria,BGR,BGR,UEFA,Fourth Place,4,7,10,11,1772,1814,42,1998,Group Stage,32
1994,WC-1994,1994,Germany,GER,DEU,UEFA,Quarter-final,8,5,9,7,2009,1985,-24,1998,Quarter-final,8
1994,WC-1994,1994,Netherlands,NED,NLD,UEFA,Quarter-final,8,5,8,6,1991,1968,-23,1998,Fourth Place,4
1994,WC-1994,1994,Romania,ROU,ROU,UEFA,Quarter-final,8,5,10,9,1836,1898,62,1998,Round of 16,16
1994,WC-1994,1994,Spain,ESP,ESP,UEFA,Quarter-final,8,5,10,6,1893,1927,34,1998,Group Stage,32
1994,WC-1994,1994,Argentina,ARG,ARG,CONMEBOL,Round of 16,16,4,8,6,1915,1857,-58,1998,Quarter-final,8
1994,WC-1994,1994,Belgium,BEL,BEL,UEFA,Round of 16,16,4,4,4,1824,1821,-3,1998,Group Stage,32
1994,WC-1994,1994,Mexico,MEX,MEX,CONCACAF,Round of 16,16,4,4,4,1855,1867,12,1998,Round of 16,16
1994,WC-1994,1994,Nigeria,NGA,NGA,CAF,Round of 16,16,4,7,4,1735,1784,49,1998,Round of 16,16
1994,WC-1994,1994,Republic of Ireland,IRL,IRL,UEFA,Round of 16,16,4,2,4,1864,1833,-31,2002,Round of 16,16
1994,WC-1994,1994,Saudi Arabia,KSA,SAU,AFC,Round of 16,16,4,5,6,1637,1690,53,1998,Group Stage,32
1994,WC-1994,1994,Switzerland,CHE,CHE,UEFA,Round of 16,16,4,5,7,1873,1818,-55,2006,Round of 16,16
1994,WC-1994,1994,United States,USA,USA,CONCACAF,Round of 16,16,4,3,4,1615,1636,21,1998,Group Stage,32
1994,WC-1994,1994,Bolivia,BOL,BOL,CONMEBOL,Group Stage,24,3,1,4,1703,1671,-32,,,
1994,WC-1994,1994,Cameroon,CMR,CMR,CAF,Group Stage,24,3,3,11,1685,1644,-41,1998,Group Stage,32
1994,WC-1994,1994,Colombia,COL,COL,CONMEBOL,Group Stage,24,3,4,5,1944,1897,-47,1998,Group Stage,32
1994,WC-1994,1994,Greece,GRC,GRC,UEFA,Group Stage,24,3,0,10,1689,1591,-98,2010,Group Stage,32
1994,WC-1994,1994,Morocco,MAR,MAR,CAF,Group Stage,24,3,2,5,1666,1609,-57,1998,Group Stage,32
1994,WC-1994,1994,Norway,NOR,NOR,UEFA,Group Stage,24,3,1,1,1851,1857,6,1998,Round of 16,16
1994,WC-1994,1994,Russia,RUS,RUS,UEFA,Group Stage,24,3,7,6,1867,1838,-29,2002,Group Stage,32
1994,WC-1994,1994,South Korea,KOR,KOR,AFC,Group Stage,24,3,4,5,1666,1676,10,1998,Group Stage,32
1998,WC-1998,1998,France,FRA,FRA,UEFA,Winner,1,7,15,2,2002,2089,87,2002,Group Stage,32
1998,WC-1998,1998,Brazil,BRA,BRA,CONMEBOL,Runner-up,2,7,14,10,2092,2046,-46,2002,Winner,1
1998,WC-1998,1998,Croatia,HRV,HRV,UEFA,Third Place,3,7,11,5,1874,2008,134,2002,Group Stage,32
1998,WC-1998,1998,Netherlands,NED,NLD,UEFA,Fourth Place,4,7,13,7,1959,1995,36,2006,Round of 16,16
1998,WC-1998,1998,Argentina,ARG,ARG,CONMEBOL,Quarter-final,8,5,10,4,1893,1932,39,2002,Group Stage,32
1998,WC-1998,1998,Denmark,DNK,DNK,UEFA,Quarter-final,8,5,9,7,1882,1882,0,2002,Round of 16,16
1998,WC-1998,1998,Germany,GER,DEU,UEFA,Quarter-final,8,5,8,6,2058,2010,-48,2002,Runner-up,2
1998,WC-1998,1998,Italy,ITA,ITA,UEFA,Quarter-final,8,5,8,3,1972,2016,44,2002,Round of 16,16
1998,WC-1998,1998,Chile,CHL,CHL,CONMEBOL,Round of 16,16,4,5,8,1788,1762,-26,2010,Round of 16,16
1998,WC-1998,1998,England,ENG,ENG,UEFA,Round of 16,16,4,7,4,1974,1971,-3,2002,Quarter-final,8
1998,WC-1998,1998,Mexico,MEX,MEX,CONCACAF,Round of 16,16,4,8,7,1847,1869,22,2002,Round of 16,16
1998,WC-1998,1998,Nigeria,NGA,NGA,CAF,Round of 16,16,4,6,9,1703,1706,3,2002,Group Stage,32
1998,WC-1998,1998,Norway,NOR,NOR,UEFA,Round of 16,16,4,5,5,1903,1902,-1,,,
1998,WC-1998,1998,Paraguay,PRY,PRY,CONMEBOL,Round of 16,16,4,3,2,1742,1805,63,2002,Round of 16,16
1998,WC-1998,1998,Romania,ROU,ROU,UEFA,Round of 16,16,4,4,3,1880,1883,3,,,
1998,WC-1998,1998,Serbia,SRB,SRB,UEFA,Round of 16,16,4,5,4,1968,1962,-6,2010,Group Stage,32
1998,WC-1998,1998,Austria,AUT,AUT,UEFA,Group Stage,32,3,3,4,1715,1702,-13,,,
1998,WC-1998,1998,Belgium,BEL,BEL,UEFA,Group Stage,32,3,3,3,1822,1825,3,2002,Round of 16,16
1998,WC-1998,1998,Bulgaria,BGR,BGR,UEFA,Group Stage,32,3,1,7,1805,1738,-67,,,
1998,WC-1998,1998,Cameroon,CMR,CMR,CAF,Group Stage,32,3,2,5,1591,1605,14,2002,Group Stage,32
1998,WC-1998,1998,Colombia,COL,COL,CONMEBOL,Group Stage,32,3,1,3,1778,1752,-26,2014,Quarter-final,8
1998,WC-1998,1998,Iran,IRN,IRN,AFC,Group Stage,32,3,2,4,1628,1660,32,2006,Group Stage,32
1998,WC-1998,1998,Jamaica,JAM,JAM,CONCACAF,Group Stage,32,3,3,9,1645,1645,0,,,
1998,WC-1998,1998,Japan,JPN,JPN,AFC,Group Stage,32,3,1,4,1743,1670,-73,2002,Round of 16,16
1998,WC-1998,1998,Morocco,MAR,MAR,CAF,Group Stage,32,3,5,5,1727,1789,62,2018,Group Stage,32
1998,WC-1998,1998,Saudi Arabia,KSA,SAU,AFC,Group Stage,32,3,2,7,1644,1627,-17,2002,Group Stage,32
1998,WC-1998,1998,Scotland,SCO,SCO,UEFA,Group Stage,32,3,2,6,1776,1718,-58,,,
1998,WC-1998,1998,South Africa,ZAF,ZAF,CAF,Group Stage,32,3,3,6,1637,1647,10,2002,Group Stage,32
1998,WC-1998,1998,South Korea,KOR,KOR,AFC,Group Stage,32,3,2,9,1750,1704,-46,2002,Fourth Place,4
1998,WC-1998,1998,Spain,ESP,ESP,UEFA,Group Stage,32,3,8,4,2039,1997,-42,2002,Quarter-final,8
1998,WC-1998,1998,Tunisia,TUN,TUN,CAF,Group Stage,32,3,1,4,1632,1624,-8,2002,Group Stage,32
1998,WC-1998,1998,United States,USA,USA,CONCACAF,Group Stage,32,3,1,5,1759,1705,-54,2002,Quarter-final,8
2002,WC-2002,2002,Brazil,BRA,BRA,CONMEBOL,Winner,1,7,18,4,1867,2069,202,2006,Quarter-final,8
2002,WC-2002,2002,Germany,GER,DEU,UEFA,Runner-up,2,7,14,3,1870,1960,90,2006,Third Place,3
2002,WC-2002,2002,Turkey,TUR,TUR,UEFA,Third Place,3,7,10,6,1756,1871,115,,,
2002,WC-2002,2002,South Korea,KOR,KOR,AFC,Fourth Place,4,7,8,6,1735,1781,46,2006,Group Stage,32
2002,WC-2002,2002,England,ENG,ENG,UEFA,Quarter-final,8,5,6,3,1924,1962,38,2006,Quarter-final,8
2002,WC-2002,2002,Senegal,SEN,SEN,CAF,Quarter-final,8,5,7,6,1698,1779,81,2018,Group Stage,32
2002,WC-2002,2002,Spain,ESP,ESP,UEFA,Quarter-final,8,5,10,5,1963,1992,29,2006,Round of 16,16
2002,WC-2002,2002,United States,USA,USA,CONCACAF,Quarter-final,8,5,7,7,1808,1824,16,2006,Group Stage,32
2002,WC-2002,2002,Belgium,BEL,BEL,UEFA,Round of 16,16,4,6,7,1837,1822,-15,2014,Quarter-final,8
2002,WC-2002,2002,Denmark,DNK,DNK,UEFA,Round of 16,16,4,5,5,1861,1887,26,2010,Group Stage,32
2002,WC-2002,2002,Italy,ITA,ITA,UEFA,Round of 16,16,4,5,5,2008,1935,-73,2006,Winner,1
2002,WC-2002,2002,Japan,JPN,JPN,AFC,Round of 16,16,4,5,3,1848,1825,-23,2006,Group Stage,32
2002,WC-2002,2002,Mexico,MEX,MEX,CONCACAF,Round of 16,16,4,4,4,1832,1834,2,2006,Round of 16,16
2002,WC-2002,2002,Paraguay,PRY,PRY,CONMEBOL,Round of 16,16,4,6,7,1731,1735,4,2006,Group Stage,32
2002,WC-2002,2002,Republic of Ireland,IRL,IRL,UEFA,Round of 16,16,4,6,3,1873,1903,30,,,
2002,WC-2002,2002,Sweden,SWE,SWE,UEFA,Round of 16,16,4,5,5,1866,1858,-8,2006,Round of 16,16
2002,WC-2002,2002,Argentina,ARG,ARG,CONMEBOL,Group Stage,32,3,2,2,2020,1984,-36,2006,Quarter-final,8
2002,WC-2002,2002,Cameroon,CMR,CMR,CAF,Group Stage,32,3,2,3,1810,1793,-17,2010,Group Stage,32
2002,WC-2002,2002,China PR,CHN,CHN,AFC,Group Stage,32,3,0,9,1698,1599,-99,,,
2002,WC-2002,2002,Costa Rica,CRI,CRI,CONCACAF,Group Stage,32,3,5,6,1792,1753,-39,2006,Group Stage,32
2002,WC-2002,2002,Croatia,HRV,HRV,UEFA,Group Stage,32,3,2,3,1881,1846,-35,2006,Group Stage,32
2002,WC-2002,2002,Ecuador,ECU,ECU,CONMEBOL,Group Stage,32,3,2,4,1728,1740,12,2006,Round of 16,16
2002,WC-2002,2002,France,FRA,FRA,UEFA,Group Stage,32,3,0,3,2093,1957,-136,2006,Runner-up,2
2002,WC-2002,2002,Nigeria,NGA,NGA,CAF,Group Stage,32,3,1,3,1765,1751,-14,2010,Group Stage,32
2002,WC-2002,2002,Poland,POL,POL,UEFA,Group Stage,32,3,3,7,1735,1745,10,2006,Group Stage,32
2002,WC-2002,2002,Portugal,PRT,PRT,UEFA,Group Stage,32,3,6,4,1978,1920,-58,2006,Fourth Place,4
2002,WC-2002,2002,Russia,RUS,RUS,UEFA,Group Stage,32,3,4,4,1801,1776,-25,2014,Group Stage,32
2002,WC-2002,2002,Saudi Arabia,KSA,SAU,AFC,Group Stage,32,3,0,12,1696,1640,-56,2006,Group Stage,32
2002,WC-2002,2002,Slovenia,SVN,SVN,UEFA,Group Stage,32,3,2,7,1745,1646,-99,2010,Group Stage,32
2002,WC-2002,2002,South Africa,ZAF,ZAF,CAF,Group Stage,32,3,5,5,1641,1677,36,2010,Group Stage,32
2002,WC-2002,2002,Tunisia,TUN,TUN,CAF,Group Stage,32,3,1,5,1618,1603,-15,2006,Group Stage,32
2002,WC-2002,2002,Uruguay,URY,URY,CONMEBOL,Group Stage,32,3,4,5,1811,1800,-11,2010,Fourth Place,4
2006,WC-2006,2006,Italy,ITA,ITA,UEFA,Winner,1,7,12,2,1943,2077,134,2010,Group Stage,32
2006,WC-2006,2006,France,FRA,FRA,UEFA,Runner-up,2,7,9,3,1970,2065,95,2010,Group Stage,32
2006,WC-2006,2006,Germany,GER,DEU,UEFA,Third Place,3,7,14,6,1895,1954,59,2010,Third Place,3
2006,WC-2006,2006,Portugal,PRT,PRT,UEFA,Fourth Place,4,7,7,5,1915,1939,24,2010,Round of 16,16
2006,WC-2006,2006,Argentina,ARG,ARG,CONMEBOL,Quarter-final,8,5,11,3,1922,2005,83,2010,Quarter-final,8
2006,WC-2006,2006,Brazil,BRA,BRA,CONMEBOL,Quarter-final,8,5,10,2,2034,2059,25,2010,Quarter-final,8
2006,WC-2006,2006,England,ENG,ENG,UEFA,Quarter-final,8,5,6,2,1973,2000,27,2010,Round of 16,16
2006,WC-2006,2006,Ukraine,UKR,UKR,UEFA,Quarter-final,8,5,5,7,1790,1787,-3,,,
2006,WC-2006,2006,Australia,AUS,AUS,AFC,Round of 16,16,4,5,6,1798,1804,6,2010,Group Stage,32
2006,WC-2006,2006,Ecuador,ECU,ECU,CONMEBOL,Round of 16,16,4,5,4,1700,1768,68,2014,Group Stage,32
2006,WC-2006,2006,Ghana,GHA,GHA,CAF,Round of 16,16,4,4,6,1616,1714,98,2010,Quarter-final,8
2006,WC-2006,2006,Mexico,MEX,MEX,CONCACAF,Round of 16,16,4,5,5,1839,1821,-18,2010,Round of 16,16
2006,WC-2006,2006,Netherlands,NED,NLD,UEFA,Round of 16,16,4,3,2,1994,1982,-12,2010,Runner-up,2
2006,WC-2006,2006,Spain,ESP,ESP,UEFA,Round of 16,16,4,9,4,1964,1958,-6,2010,Winner,1
2006,WC-2006,2006,Sweden,SWE,SWE,UEFA,Round of 16,16,4,3,4,1859,1849,-10,2018,Quarter-final,8
2006,WC-2006,2006,Switzerland,CHE,CHE,UEFA,Round of 16,16,4,4,0,1799,1857,58,2010,Group Stage,32
2006,WC-2006,2006,Angola,AGO,AGO,CAF,Group Stage,32,3,1,2,1565,1595,30,,,
2006,WC-2006,2006,Costa Rica,CRI,CRI,CONCACAF,Group Stage,32,3,3,9,1724,1640,-84,2014,Quarter-final,8
2006,WC-2006,2006,Croatia,HRV,HRV,UEFA,Group Stage,32,3,2,3,1838,1816,-22,2014,Group Stage,32
2006,WC-2006,2006,Czechia,CZE,CZE,UEFA,Group Stage,32,3,3,4,1971,1879,-92,,,
2006,WC-2006,2006,Iran,IRN,IRN,AFC,Group Stage,32,3,2,6,1842,1753,-89,2014,Group Stage,32
2006,WC-2006,2006,Ivory Coast,CIV,CIV,CAF,Group Stage,32,3,5,6,1766,1769,3,2010,Group Stage,32
2006,WC-2006,2006,Japan,JPN,JPN,AFC,Group Stage,32,3,2,7,1789,1737,-52,2010,Round of 16,16
2006,WC-2006,2006,Paraguay,PRY,PRY,CONMEBOL,Group Stage,32,3,2,2,1779,1766,-13,2010,Quarter-final,8
2006,WC-2006,2006,Poland,POL,POL,UEFA,Group Stage,32,3,2,4,1821,1772,-49,2018,Group Stage,32
2006,WC-2006,2006,Saudi Arabia,KSA,SAU,AFC,Group Stage,32,3,2,7,1554,1534,-20,2018,Group Stage,32
2006,WC-2006,2006,Serbia and Montenegro,SCG,SCG,UEFA,Group Stage,32,3,2,10,1800,1717,-83,,,
2006,WC-2006,2006,South Korea,KOR,KOR,AFC,Group Stage,32,3,3,4,1744,1733,-11,2010,Round of 16,16
2006,WC-2006,2006,Togo,TGO,TGO,CAF,Group Stage,32,3,1,6,1488,1460,-28,,,
2006,WC-2006,2006,Trinidad and Tobago,TTO,TTO,CONCACAF,Group Stage,32,3,0,4,1566,1553,-13,,,
2006,WC-2006,2006,Tunisia,TUN,TUN,CAF,Group Stage,32,3,3,6,1703,1657,-46,2018,Group Stage,32
2006,WC-2006,2006,United States,USA,USA,CONCACAF,Group Stage,32,3,2,6,1824,1765,-59,2010,Round of 16,16
2010,WC-2010,2010,Spain,ESP,ESP,UEFA,Winner,1,7,8,2,2111,2164,53,2014,Group Stage,32
2010,WC-2010,2010,Netherlands,NED,NLD,UEFA,Runner-up,2,7,12,6,2043,2097,54,2014,Third Place,3
2010,WC-2010,2010,Germany,GER,DEU,UEFA,Third Place,3,7,16,5,1957,2061,104,2014,Winner,1
2010,WC-2010,2010,Uruguay,URY,URY,CONMEBOL,Fourth Place,4,7,11,8,1845,1883,38,2014,Round of 16,16
2010,WC-2010,2010,Argentina,ARG,ARG,CONMEBOL,Quarter-final,8,5,10,6,1921,1962,41,2014,Runner-up,2
2010,WC-2010,2010,Brazil,BRA,BRA,CONMEBOL,Quarter-final,8,5,9,4,2109,2095,-14,2014,Fourth Place,4
2010,WC-2010,2010,Ghana,GHA,GHA,CAF,Quarter-final,8,5,5,4,1687,1768,81,2014,Group Stage,32
2010,WC-2010,2010,Paraguay,PRY,PRY,CONMEBOL,Quarter-final,8,5,3,2,1764,1779,15,,,
2010,WC-2010,2010,Chile,CHL,CHL,CONMEBOL,Round of 16,16,4,3,5,1886,1881,-5,2014,Round of 16,16
2010,WC-2010,2010,England,ENG,ENG,UEFA,Round of 16,16,4,3,5,2001,1915,-86,2014,Group Stage,32
2010,WC-2010,2010,Japan,JPN,JPN,AFC,Round of 16,16,4,4,2,1678,1760,82,2014,Group Stage,32
2010,WC-2010,2010,Mexico,MEX,MEX,CONCACAF,Round of 16,16,4,4,5,1898,1857,-41,2014,Round of 16,16
2010,WC-2010,2010,Portugal,PRT,PRT,UEFA,Round of 16,16,4,7,1,1876,1886,10,2014,Group Stage,32
2010,WC-2010,2010,Slovakia,SVK,SVK,UEFA,Round of 16,16,4,5,7,1670,1672,2,,,
2010,WC-2010,2010,South Korea,KOR,KOR,AFC,Round of 16,16,4,6,8,1765,1745,-20,2014,Group Stage,32
2010,WC-2010,2010,United States,USA,USA,CONCACAF,Round of 16,16,4,5,5,1784,1767,-17,2014,Round of 16,16
2010,WC-2010,2010,Algeria,DZA,DZA,CAF,Group Stage,32,3,0,2,1539,1535,-4,2014,Round of 16,16
2010,WC-2010,2010,Australia,AUS,AUS,AFC,Group Stage,32,3,3,6,1775,1783,8,2014,Group Stage,32
2010,WC-2010,2010,Cameroon,CMR,CMR,CAF,Group Stage,32,3,2,5,1694,1636,-58,2014,Group Stage,32
2010,WC-2010,2010,Denmark,DNK,DNK,UEFA,Group Stage,32,3,3,6,1778,1729,-49,2018,Round of 16,16
2010,WC-2010,2010,France,FRA,FRA,UEFA,Group Stage,32,3,1,4,1861,1776,-85,2014,Quarter-final,8
2010,WC-2010,2010,Greece,GRC,GRC,UEFA,Group Stage,32,3,2,5,1736,1707,-29,2014,Round of 16,16
2010,WC-2010,2010,Honduras,HND,HND,CONCACAF,Group Stage,32,3,0,3,1714,1697,-17,2014,Group Stage,32
2010,WC-2010,2010,Italy,ITA,ITA,UEFA,Group Stage,32,3,4,5,1936,1848,-88,2014,Group Stage,32
2010,WC-2010,2010,Ivory Coast,CIV,CIV,CAF,Group Stage,32,3,4,3,1739,1763,24,2014,Group Stage,32
2010,WC-2010,2010,New Zealand,NZL,NZL,OFC,Group Stage,32,3,2,2,1527,1581,54,,,
2010,WC-2010,2010,Nigeria,NGA,NGA,CAF,Group Stage,32,3,3,5,1713,1678,-35,2014,Round of 16,16
2010,WC-2010,2010,North Korea,PRK,PRK,AFC,Group Stage,32,3,1,12,1537,1494,-43,,,
2010,WC-2010,2010,Serbia,SRB,SRB,UEFA,Group Stage,32,3,2,3,1840,1805,-35,2018,Group Stage,32
2010,WC-2010,2010,Slovenia,SVN,SVN,UEFA,Group Stage,32,3,3,3,1686,1700,14,,,
2010,WC-2010,2010,South Africa,ZAF,ZAF,CAF,Group Stage,32,3,3,5,1592,1617,25,,,
2010,WC-2010,2010,Switzerland,CHE,CHE,UEFA,Group Stage,32,3,1,1,1761,1782,21,2014,Round of 16,16
2014,WC-2014,2014,Germany,GER,DEU,UEFA,Winner,1,7,18,4,2073,2223,150,2018,Group Stage,32
2014,WC-2014,2014,Argentina,ARG,ARG,CONMEBOL,Runner-up,2,7,8,4,2018,2063,45,2018,Round of 16,16
2014,WC-2014,2014,Netherlands,NED,NLD,UEFA,Third Place,3,7,15,4,1985,2153,168,2022,Quarter-final,8
2014,WC-2014,2014,Brazil,BRA,BRA,CONMEBOL,Fourth Place,4,7,11,14,2138,1979,-159,2018,Quarter-final,8
2014,WC-2014,2014,Belgium,BEL,BEL,UEFA,Quarter-final,8,5,6,3,1852,1911,59,2018,Third Place,3
2014,WC-2014,2014,Colombia,COL,COL,CONMEBOL,Quarter-final,8,5,12,4,1922,2018,96,2018,Round of 16,16
2014,WC-2014,2014,Costa Rica,CRI,CRI,CONCACAF,Quarter-final,8,5,5,2,1711,1846,135,2018,Group Stage,32
2014,WC-2014,2014,France,FRA,FRA,UEFA,Quarter-final,8,5,10,3,1897,1956,59,2018,Winner,1
2014,WC-2014,2014,Algeria,DZA,DZA,CAF,Round of 16,16,4,7,7,1625,1673,48,,,
2014,WC-2014,2014,Chile,CHL,CHL,CONMEBOL,Round of 16,16,4,6,4,1920,1981,61,,,
2014,WC-2014,2014,Greece,GRC,GRC,UEFA,Round of 16,16,4,3,5,1823,1813,-10,,,
2014,WC-2014,2014,Mexico,MEX,MEX,CONCACAF,Round of 16,16,4,5,3,1814,1882,68,2018,Round of 16,16
2014,WC-2014,2014,Nigeria,NGA,NGA,CAF,Round of 16,16,4,3,5,1727,1729,2,2018,Group Stage,32
2014,WC-2014,2014,Switzerland,CHE,CHE,UEFA,Round of 16,16,4,7,7,1854,1845,-9,2018,Round of 16,16
2014,WC-2014,2014,United States,USA,USA,CONCACAF,Round of 16,16,4,5,6,1856,1836,-20,2022,Round of 16,16
2014,WC-2014,2014,Uruguay,URY,URY,CONMEBOL,Round of 16,16,4,4,6,1918,1879,-39,2018,Quarter-final,8
2014,WC-2014,2014,Australia,AUS,AUS,AFC,Group Stage,32,3,3,9,1708,1665,-43,2018,Group Stage,32
2014,WC-2014,2014,Bosnia and Herzegovina,BIH,BIH,UEFA,Group Stage,32,3,4,4,1785,1780,-5,,,
2014,WC-2014,2014,Cameroon,CMR,CMR,CAF,Group Stage,32,3,1,9,1606,1565,-41,2022,Group Stage,32
2014,WC-2014,2014,Croatia,HRV,HRV,UEFA,Group Stage,32,3,6,6,1818,1793,-25,2018,Runner-up,2
2014,WC-2014,2014,Ecuador,ECU,ECU,CONMEBOL,Group Stage,32,3,3,3,1836,1837,1,2022,Group Stage,32
2014,WC-2014,2014,England,ENG,ENG,UEFA,Group Stage,32,3,2,4,1931,1859,-72,2018,Fourth Place,4
2014,WC-2014,2014,Ghana,GHA,GHA,CAF,Group Stage,32,3,4,6,1704,1696,-8,2022,Group Stage,32
2014,WC-2014,2014,Honduras,HND,HND,CONCACAF,Group Stage,32,3,1,8,1669,1605,-64,,,
2014,WC-2014,2014,Iran,IRN,IRN,AFC,Group Stage,32,3,1,4,1715,1667,-48,2018,Group Stage,32
2014,WC-2014,2014,Italy,ITA,ITA,UEFA,Group Stage,32,3,2,3,1887,1849,-38,,,
2014,WC-2014,2014,Ivory Coast,CIV,CIV,CAF,Group Stage,32,3,4,5,1772,1756,-16,,,
2014,WC-2014,2014,Japan,JPN,JPN,AFC,Group Stage,32,3,2,6,1785,1734,-51,2018,Round of 16,16
2014,WC-2014,2014,Portugal,PRT,PRT,UEFA,Group Stage,32,3,4,7,1942,1918,-24,2018,Round of 16,16
2014,WC-2014,2014,Russia,RUS,RUS,UEFA,Group Stage,32,3,2,3,1848,1795,-53,2018,Quarter-final,8
2014,WC-2014,2014,South Korea,KOR,KOR,AFC,Group Stage,32,3,3,6,1667,1616,-51,2018,Group Stage,32
2014,WC-2014,2014,Spain,ESP,ESP,UEFA,Group Stage,32,3,4,7,2107,1991,-116,2018,Round of 16,16
2018,WC-2018,2018,France,FRA,FRA,UEFA,Winner,1,7,14,6,1986,2126,140,2022,Runner-up,2
2018,WC-2018,2018,Croatia,HRV,HRV,UEFA,Runner-up,2,7,14,9,1853,1942,89,2022,Third Place,3
2018,WC-2018,2018,Belgium,BEL,BEL,UEFA,Third Place,3,7,16,6,1936,2057,121,2022,Group Stage,32
2018,WC-2018,2018,England,ENG,ENG,UEFA,Fourth Place,4,7,12,8,1947,1912,-35,2022,Quarter-final,8
2018,WC-2018,2018,Brazil,BRA,BRA,CONMEBOL,Quarter-final,8,5,8,3,2141,2113,-28,2022,Quarter-final,8
2018,WC-2018,2018,Russia,RUS,RUS,UEFA,Quarter-final,8,5,11,7,1676,1719,43,,,
2018,WC-2018,2018,Sweden,SWE,SWE,UEFA,Quarter-final,8,5,6,4,1793,1864,71,,,
2018,WC-2018,2018,Uruguay,URY,URY,CONMEBOL,Quarter-final,8,5,7,3,1892,1944,52,2022,Group Stage,32
2018,WC-2018,2018,Argentina,ARG,ARG,CONMEBOL,Round of 16,16,4,6,9,1985,1895,-90,2022,Winner,1
2018,WC-2018,2018,Colombia,COL,COL,CONMEBOL,Round of 16,16,4,6,3,1927,1938,11,,,
2018,WC-2018,2018,Denmark,DNK,DNK,UEFA,Round of 16,16,4,3,2,1854,1894,40,2022,Group Stage,32
2018,WC-2018,2018,Japan,JPN,JPN,AFC,Round of 16,16,4,6,7,1684,1698,14,2022,Round of 16,16
2018,WC-2018,2018,Mexico,MEX,MEX,CONCACAF,Round of 16,16,4,3,6,1849,1828,-21,2022,Group Stage,32
2018,WC-2018,2018,Portugal,PRT,PRT,UEFA,Round of 16,16,4,6,6,1967,1938,-29,2022,Quarter-final,8
2018,WC-2018,2018,Spain,ESP,ESP,UEFA,Round of 16,16,4,7,6,2043,2009,-34,2022,Round of 16,16
2018,WC-2018,2018,Switzerland,CHE,CHE,UEFA,Round of 16,16,4,5,5,1888,1878,-10,2022,Round of 16,16
2018,WC-2018,2018,Australia,AUS,AUS,AFC,Group Stage,32,3,2,5,1743,1713,-30,2022,Round of 16,16
2018,WC-2018,2018,Costa Rica,CRI,CRI,CONCACAF,Group Stage,32,3,2,5,1742,1725,-17,2022,Group Stage,32
2018,WC-2018,2018,Egypt,EGY,EGY,CAF,Group Stage,32,3,2,6,1639,1569,-70,,,
2018,WC-2018,2018,Germany,GER,DEU,UEFA,Group Stage,32,3,2,4,2076,1963,-113,2022,Group Stage,32
2018,WC-2018,2018,Iceland,ISL,ISL,UEFA,Group Stage,32,3,2,5,1764,1708,-56,,,
2018,WC-2018,2018,Iran,IRN,IRN,AFC,Group Stage,32,3,2,2,1790,1816,26,2022,Group Stage,32
2018,WC-2018,2018,Morocco,MAR,MAR,CAF,Group Stage,32,3,2,4,1731,1718,-13,2022,Fourth Place,4
2018,WC-2018,2018,Nigeria,NGA,NGA,CAF,Group Stage,32,3,3,4,1681,1702,21,,,
2018,WC-2018,2018,Panama,PAN,PAN,CONCACAF,Group Stage,32,3,2,11,1657,1592,-65,,,
2018,WC-2018,2018,Peru,PER,PER,CONMEBOL,Group Stage,32,3,2,2,1915,1891,-24,,,
2018,WC-2018,2018,Poland,POL,POL,UEFA,Group Stage,32,3,2,5,1830,1782,-48,2022,Round of 16,16
2018,WC-2018,2018,Saudi Arabia,KSA,SAU,AFC,Group Stage,32,3,2,7,1588,1586,-2,2022,Group Stage,32
2018,WC-2018,2018,Senegal,SEN,SEN,CAF,Group Stage,32,3,4,4,1745,1760,15,2022,Round of 16,16
2018,WC-2018,2018,Serbia,SRB,SRB,UEFA,Group Stage,32,3,2,4,1787,1780,-7,2022,Group Stage,32
2018,WC-2018,2018,South Korea,KOR,KOR,AFC,Group Stage,32,3,3,3,1713,1756,43,2022,Round of 16,16
2018,WC-2018,2018,Tunisia,TUN,TUN,CAF,Group Stage,32,3,5,8,1651,1657,6,2022,Group Stage,32
2022,WC-2022,2022,Argentina,ARG,ARG,CONMEBOL,Winner,1,7,15,8,2143,2144,1,,,
2022,WC-2022,2022,France,FRA,FRA,UEFA,Runner-up,2,7,16,8,2005,2082,77,,,
2022,WC-2022,2022,Croatia,HRV,HRV,UEFA,Third Place,3,7,8,7,1926,1950,24,,,
2022,WC-2022,2022,Morocco,MAR,MAR,CAF,Fourth Place,4,7,6,5,1764,1866,102,,,
2022,WC-2022,2022,Brazil,BRA,BRA,CONMEBOL,Quarter-final,8,5,8,3,2169,2133,-36,,,
2022,WC-2022,2022,England,ENG,ENG,UEFA,Quarter-final,8,5,13,4,1919,1966,47,,,
2022,WC-2022,2022,Netherlands,NED,NLD,UEFA,Quarter-final,8,5,10,4,2040,2073,33,,,
2022,WC-2022,2022,Portugal,PRT,PRT,UEFA,Quarter-final,8,5,12,6,2005,1998,-7,,,
2022,WC-2022,2022,Australia,AUS,AUS,AFC,Round of 16,16,4,4,6,1721,1773,52,,,
2022,WC-2022,2022,Japan,JPN,JPN,AFC,Round of 16,16,4,5,4,1788,1851,63,,,
2022,WC-2022,2022,Poland,POL,POL,UEFA,Round of 16,16,4,3,5,1813,1801,-12,,,
2022,WC-2022,2022,Senegal,SEN,SEN,CAF,Round of 16,16,4,5,7,1684,1745,61,,,
2022,WC-2022,2022,South Korea,KOR,KOR,AFC,Round of 16,16,4,5,8,1786,1788,2,,,
2022,WC-2022,2022,Spain,ESP,ESP,UEFA,Round of 16,16,4,9,3,2048,1996,-52,,,
2022,WC-2022,2022,Switzerland,CHE,CHE,UEFA,Round of 16,16,4,5,9,1901,1878,-23,,,
2022,WC-2022,2022,United States,USA,USA,CONCACAF,Round of 16,16,4,3,4,1796,1817,21,,,
2022,WC-2022,2022,Belgium,BEL,BEL,UEFA,Group Stage,32,3,1,2,2006,1947,-59,,,
2022,WC-2022,2022,Cameroon,CMR,CMR,CAF,Group Stage,32,3,4,4,1607,1676,69,,,
2022,WC-2022,2022,Canada,CAN,CAN,CONCACAF,Group Stage,32,3,2,7,1775,1711,-64,,,
2022,WC-2022,2022,Costa Rica,CRI,CRI,CONCACAF,Group Stage,32,3,3,11,1743,1737,-6,,,
2022,WC-2022,2022,Denmark,DNK,DNK,UEFA,Group Stage,32,3,1,3,1971,1883,-88,,,
2022,WC-2022,2022,Ecuador,ECU,ECU,CONMEBOL,Group Stage,32,3,4,3,1833,1842,9,,,
2022,WC-2022,2022,Germany,GER,DEU,UEFA,Group Stage,32,3,6,5,1962,1955,-7,,,
2022,WC-2022,2022,Ghana,GHA,GHA,CAF,Group Stage,32,3,5,7,1564,1593,29,,,
2022,WC-2022,2022,Iran,IRN,IRN,AFC,Group Stage,32,3,4,7,1798,1780,-18,,,
2022,WC-2022,2022,Mexico,MEX,MEX,CONCACAF,Group Stage,32,3,2,3,1808,1812,4,,,
2022,WC-2022,2022,Qatar,QAT,QAT,AFC,Group Stage,32,3,1,7,1680,1577,-103,,,
2022,WC-2022,2022,Saudi Arabia,KSA,SAU,AFC,Group Stage,32,3,3,5,1636,1644,8,,,
2022,WC-2022,2022,Serbia,SRB,SRB,UEFA,Group Stage,32,3,5,8,1898,1835,-63,,,
2022,WC-2022,2022,Tunisia,TUN,TUN,CAF,Group Stage,32,3,1,1,1705,1745,40,,,
2022,WC-2022,2022,Uruguay,URY,URY,CONMEBOL,Group Stage,32,3,2,2,1935,1904,-31,,,
2022,WC-2022,2022,Wales,WAL,WAL,UEFA,Group Stage,32,3,1,6,1789,1716,-73,,,
