edition,match_number,date,stage,home_team,away_team,home_score,away_score,city,country,neutral,decided_by_shootout,shootout_winner
1930,1,1930-07-13,Group Stage,Belgium,United States,0,3,Montevideo,Uruguay,TRUE,FALSE,
1930,2,1930-07-13,Group Stage,France,Mexico,4,1,Montevideo,Uruguay,TRUE,FALSE,
1930,3,1930-07-14,Group Stage,Brazil,Yugoslavia,1,2,Montevideo,Uruguay,TRUE,FALSE,
1930,4,1930-07-14,Group Stage,Peru,Romania,1,3,Montevideo,Uruguay,TRUE,FALSE,
1930,5,1930-07-15,Group Stage,Argentina,France,1,0,Montevideo,Uruguay,TRUE,FALSE,
1930,6,1930-07-16,Group Stage,Chile,Mexico,3,0,Montevideo,Uruguay,TRUE,FALSE,
1930,7,1930-07-17,Group Stage,Bolivia,Yugoslavia,0,4,Montevideo,Uruguay,TRUE,FALSE,
1930,8,1930-07-17,Group Stage,Paraguay,United States,0,3,Montevideo,Uruguay,TRUE,FALSE,
1930,9,1930-07-18,Group Stage,Uruguay,Peru,1,0,Montevideo,Uruguay,FALSE,FALSE,
1930,10,1930-07-19,Group Stage,Argentina,Mexico,6,3,Montevideo,Uruguay,TRUE,FALSE,
1930,11,1930-07-19,Group Stage,Chile,France,1,0,Montevideo,Uruguay,TRUE,FALSE,
1930,12,1930-07-20,Group Stage,Belgium,Paraguay,0,1,Montevideo,Uruguay,TRUE,FALSE,
1930,13,1930-07-20,Group Stage,Bolivia,Brazil,0,4,Montevideo,Uruguay,TRUE,FALSE,
1930,14,1930-07-21,Group Stage,Uruguay,Romania,4,0,Montevideo,Uruguay,FALSE,FALSE,
1930,15,1930-07-22,Group Stage,Argentina,Chile,3,1,Montevideo,Uruguay,TRUE,FALSE,
1930,16,1930-07-26,Semi-final,Argentina,United States,6,1,Montevideo,Uruguay,TRUE,FALSE,
1930,17,1930-07-27,Semi-final,Uruguay,Yugoslavia,6,1,Montevideo,Uruguay,FALSE,FALSE,
1930,18,1930-07-30,Final,Uruguay,Argentina,4,2,Montevideo,Uruguay,FALSE,FALSE,
1934,1,1934-05-27,Round of 16,Argentina,Sweden,2,3,Bologna,Italy,TRUE,FALSE,
1934,2,1934-05-27,Round of 16,Austria,France,3,2,Turin,Italy,TRUE,FALSE,
1934,3,1934-05-27,Round of 16,Belgium,Germany,2,5,Florence,Italy,TRUE,FALSE,
1934,4,1934-05-27,Round of 16,Brazil,Spain,1,3,Genoa,Italy,TRUE,FALSE,
1934,5,1934-05-27,Round of 16,Czechoslovakia,Romania,2,1,Trieste,Italy,TRUE,FALSE,
1934,6,1934-05-27,Round of 16,Egypt,Hungary,2,4,Naples,Italy,TRUE,FALSE,
1934,7,1934-05-27,Round of 16,Italy,United States,7,1,Rome,Italy,FALSE,FALSE,
1934,8,1934-05-27,Round of 16,Netherlands,Switzerland,2,3,Milan,Italy,TRUE,FALSE,
1934,9,1934-05-31,Quarter-final,Austria,Hungary,2,1,Bologna,Italy,TRUE,FALSE,
1934,10,1934-05-31,Quarter-final,Czechoslovakia,Switzerland,3,2,Turin,Italy,TRUE,FALSE,
1934,11,1934-05-31,Quarter-final,Germany,Sweden,2,1,Milan,Italy,TRUE,FALSE,
1934,12,1934-05-31,Quarter-final,Italy,Spain,1,1,Florence,Italy,FALSE,FALSE,
1934,13,1934-06-01,Quarter-final,Italy,Spain,1,0,Florence,Italy,FALSE,FALSE,
1934,14,1934-06-03,Semi-final,Czechoslovakia,Germany,3,1,Rome,Italy,TRUE,FALSE,
1934,15,1934-06-03,Semi-final,Italy,Austria,1,0,Milan,Italy,FALSE,FALSE,
1934,16,1934-06-07,Third Place,Austria,Germany,2,3,Naples,Italy,TRUE,FALSE,
1934,17,1934-06-10,Final,Italy,Czechoslovakia,2,1,Rome,Italy,FALSE,FALSE,
1938,1,1938-06-04,Round of 16,Germany,Switzerland,1,1,Paris,France,TRUE,FALSE,
1938,2,1938-06-05,Round of 16,Brazil,Poland,6,5,Strasbourg,France,TRUE,FALSE,
1938,3,1938-06-05,Round of 16,Cuba,Romania,3,3,Toulouse,France,TRUE,FALSE,
1938,4,1938-06-05,Round of 16,Czechoslovakia,Netherlands,3,0,Le Havre,France,TRUE,FALSE,
1938,5,1938-06-05,Round of 16,France,Belgium,3,1,Colombes,France,FALSE,FALSE,
1938,6,1938-06-05,Round of 16,Hungary,Indonesia,6,0,Reims,France,TRUE,FALSE,
1938,7,1938-06-05,Round of 16,Italy,Norway,2,1,Marseille,France,TRUE,FALSE,
1938,8,1938-06-09,Round of 16,Cuba,Romania,2,1,Toulouse,France,TRUE,FALSE,
1938,9,1938-06-09,Round of 16,Germany,Switzerland,2,4,Paris,France,TRUE,FALSE,
1938,10,1938-06-12,Quarter-final,Brazil,Czechoslovakia,1,1,Bordeaux,France,TRUE,FALSE,
1938,11,1938-06-12,Quarter-final,Cuba,Sweden,0,8,Antibes,France,TRUE,FALSE,
1938,12,1938-06-12,Quarter-final,France,Italy,1,3,Colombes,France,FALSE,FALSE,
1938,13,1938-06-12,Quarter-final,Hungary,Switzerland,2,0,Lille,France,TRUE,FALSE,
1938,14,1938-06-14,Quarter-final,Brazil,Czechoslovakia,2,1,Bordeaux,France,TRUE,FALSE,
1938,15,1938-06-16,Semi-final,Brazil,Italy,1,2,Marseille,France,TRUE,FALSE,
1938,16,1938-06-16,Semi-final,Hungary,Sweden,5,1,Paris,France,TRUE,FALSE,
1938,17,1938-06-19,Third Place,Brazil,Sweden,4,2,Bordeaux,France,TRUE,FALSE,
1938,18,1938-06-19,Final,Hungary,Italy,2,4,Colombes,France,TRUE,FALSE,
1950,1,1950-06-24,Group Stage,Brazil,Mexico,4,0,Rio de Janeiro,Brazil,FALSE,FALSE,
1950,2,1950-06-25,Group Stage,Chile,England,0,2,Rio de Janeiro,Brazil,TRUE,FALSE,
1950,3,1950-06-25,Group Stage,Italy,Sweden,2,3,São Paulo,Brazil,TRUE,FALSE,
1950,4,1950-06-25,Group Stage,Spain,United States,3,1,Curitiba,Brazil,TRUE,FALSE,
1950,5,1950-06-25,Group Stage,Switzerland,Yugoslavia,0,3,Belo Horizonte,Brazil,TRUE,FALSE,
1950,6,1950-06-28,Group Stage,Brazil,Switzerland,2,2,São Paulo,Brazil,FALSE,FALSE,
1950,7,1950-06-28,Group Stage,Mexico,Yugoslavia,1,4,Porto Alegre,Brazil,TRUE,FALSE,
1950,8,1950-06-29,Group Stage,Chile,Spain,0,2,Rio de Janeiro,Brazil,TRUE,FALSE,
1950,9,1950-06-29,Group Stage,England,United States,0,1,Belo Horizonte,Brazil,TRUE,FALSE,
1950,10,1950-06-29,Group Stage,Paraguay,Sweden,2,2,Curitiba,Brazil,TRUE,FALSE,
1950,11,1950-07-01,Group Stage,Brazil,Yugoslavia,2,0,Rio de Janeiro,Brazil,FALSE,FALSE,
1950,12,1950-07-02,Group Stage,Bolivia,Uruguay,0,8,Belo Horizonte,Brazil,TRUE,FALSE,
1950,13,1950-07-02,Group Stage,Chile,United States,5,2,Recife,Brazil,TRUE,FALSE,
1950,14,1950-07-02,Group Stage,England,Spain,0,1,Rio de Janeiro,Brazil,TRUE,FALSE,
1950,15,1950-07-02,Group Stage,Italy,Paraguay,2,0,São Paulo,Brazil,TRUE,FALSE,
1950,16,1950-07-02,Group Stage,Mexico,Switzerland,1,2,Porto Alegre,Brazil,TRUE,FALSE,
1950,17,1950-07-09,Final,Brazil,Sweden,7,1,Rio de Janeiro,Brazil,FALSE,FALSE,
1950,18,1950-07-09,Final,Spain,Uruguay,2,2,São Paulo,Brazil,TRUE,FALSE,
1950,19,1950-07-13,Final,Brazil,Spain,6,1,Rio de Janeiro,Brazil,FALSE,FALSE,
1950,20,1950-07-13,Final,Sweden,Uruguay,2,3,São Paulo,Brazil,TRUE,FALSE,
1950,21,1950-07-16,Final,Brazil,Uruguay,1,2,Rio de Janeiro,Brazil,FALSE,FALSE,
1950,22,1950-07-16,Final,Spain,Sweden,1,3,São Paulo,Brazil,TRUE,FALSE,
1954,1,1954-06-16,Group Stage,Austria,Scotland,1,0,Zürich,Switzerland,TRUE,FALSE,
1954,2,1954-06-16,Group Stage,Brazil,Mexico,5,0,Geneva,Switzerland,TRUE,FALSE,
1954,3,1954-06-16,Group Stage,Czechoslovakia,Uruguay,0,2,Bern,Switzerland,TRUE,FALSE,
1954,4,1954-06-16,Group Stage,France,Yugoslavia,0,1,Lausanne,Switzerland,TRUE,FALSE,
1954,5,1954-06-17,Group Stage,Belgium,England,4,4,Basel,Switzerland,TRUE,FALSE,
1954,6,1954-06-17,Group Stage,Germany,Türkiye,4,1,Bern,Switzerland,TRUE,FALSE,
1954,7,1954-06-17,Group Stage,Hungary,South Korea,9,0,Zürich,Switzerland,TRUE,FALSE,
1954,8,1954-06-17,Group Stage,Switzerland,Italy,2,1,Lausanne,Switzerland,FALSE,FALSE,
1954,9,1954-06-19,Group Stage,Austria,Czechoslovakia,5,0,Zürich,Switzerland,TRUE,FALSE,
1954,10,1954-06-19,Group Stage,Brazil,Yugoslavia,1,1,Lausanne,Switzerland,TRUE,FALSE,
1954,11,1954-06-19,Group Stage,France,Mexico,3,2,Geneva,Switzerland,TRUE,FALSE,
1954,12,1954-06-19,Group Stage,Scotland,Uruguay,0,7,Basel,Switzerland,TRUE,FALSE,
1954,13,1954-06-20,Group Stage,Belgium,Italy,1,4,Lugano,Switzerland,TRUE,FALSE,
1954,14,1954-06-20,Group Stage,Germany,Hungary,3,8,Basel,Switzerland,TRUE,FALSE,
1954,15,1954-06-20,Group Stage,South Korea,Türkiye,0,7,Geneva,Switzerland,TRUE,FALSE,
1954,16,1954-06-20,Group Stage,Switzerland,England,0,2,Bern,Switzerland,FALSE,FALSE,
1954,17,1954-06-23,Group Stage,Germany,Türkiye,7,2,Zürich,Switzerland,TRUE,FALSE,
1954,18,1954-06-23,Group Stage,Switzerland,Italy,4,1,Basel,Switzerland,FALSE,FALSE,
1954,19,1954-06-26,Quarter-final,England,Uruguay,2,4,Basel,Switzerland,TRUE,FALSE,
1954,20,1954-06-26,Quarter-final,Switzerland,Austria,5,7,Lausanne,Switzerland,FALSE,FALSE,
1954,21,1954-06-27,Quarter-final,Brazil,Hungary,2,4,Bern,Switzerland,TRUE,FALSE,
1954,22,1954-06-27,Quarter-final,Germany,Yugoslavia,2,0,Geneva,Switzerland,TRUE,FALSE,
1954,23,1954-06-30,Semi-final,Austria,Germany,1,6,Basel,Switzerland,TRUE,FALSE,
1954,24,1954-06-30,Semi-final,Hungary,Uruguay,4,2,Lausanne,Switzerland,TRUE,FALSE,
1954,25,1954-07-03,Third Place,Austria,Uruguay,3,1,Zürich,Switzerland,TRUE,FALSE,
1954,26,1954-07-04,Final,Germany,Hungary,3,2,Bern,Switzerland,TRUE,FALSE,
1958,1,1958-06-08,Group Stage,Argentina,Germany,1,3,Malmö,Sweden,TRUE,FALSE,
1958,2,1958-06-08,Group Stage,Austria,Brazil,0,3,Uddevalla,Sweden,TRUE,FALSE,
1958,3,1958-06-08,Group Stage,Czechoslovakia,Northern Ireland,0,1,Halmstad,Sweden,TRUE,FALSE,
1958,4,1958-06-08,Group Stage,England,Soviet Union,2,2,Gothenburg,Sweden,TRUE,FALSE,
1958,5,1958-06-08,Group Stage,France,Paraguay,7,3,Norrköping,Sweden,TRUE,FALSE,
1958,6,1958-06-08,Group Stage,Hungary,Wales,1,1,Sandviken,Sweden,TRUE,FALSE,
1958,7,1958-06-08,Group Stage,Scotland,Yugoslavia,1,1,Västerås,Sweden,TRUE,FALSE,
1958,8,1958-06-08,Group Stage,Sweden,Mexico,3,0,Solna,Sweden,FALSE,FALSE,
1958,9,1958-06-11,Group Stage,Argentina,Northern Ireland,3,1,Halmstad,Sweden,TRUE,FALSE,
1958,10,1958-06-11,Group Stage,Austria,Soviet Union,0,2,Borås,Sweden,TRUE,FALSE,
1958,11,1958-06-11,Group Stage,Brazil,England,0,0,Gothenburg,Sweden,TRUE,FALSE,
1958,12,1958-06-11,Group Stage,Czechoslovakia,Germany,2,2,Helsingborg,Sweden,TRUE,FALSE,
1958,13,1958-06-11,Group Stage,France,Yugoslavia,2,3,Västerås,Sweden,TRUE,FALSE,
1958,14,1958-06-11,Group Stage,Mexico,Wales,1,1,Solna,Sweden,TRUE,FALSE,
1958,15,1958-06-11,Group Stage,Paraguay,Scotland,3,2,Norrköping,Sweden,TRUE,FALSE,
1958,16,1958-06-12,Group Stage,Sweden,Hungary,2,1,Solna,Sweden,FALSE,FALSE,
1958,17,1958-06-15,Group Stage,Argentina,Czechoslovakia,1,6,Helsingborg,Sweden,TRUE,FALSE,
1958,18,1958-06-15,Group Stage,Austria,England,2,2,Borås,Sweden,TRUE,FALSE,
1958,19,1958-06-15,Group Stage,Brazil,Soviet Union,2,0,Gothenburg,Sweden,TRUE,FALSE,
1958,20,1958-06-15,Group Stage,France,Scotland,2,1,Örebro,Sweden,TRUE,FALSE,
1958,21,1958-06-15,Group Stage,Germany,Northern Ireland,2,2,Malmö,Sweden,TRUE,FALSE,
1958,22,1958-06-15,Group Stage,Hungary,Mexico,4,0,Sandviken,Sweden,TRUE,FALSE,
1958,23,1958-06-15,Group Stage,Paraguay,Yugoslavia,3,3,Eskilstuna,Sweden,TRUE,FALSE,
1958,24,1958-06-15,Group Stage,Sweden,Wales,0,0,Solna,Sweden,FALSE,FALSE,
1958,25,1958-06-17,Group Stage,Czechoslovakia,Northern Ireland,1,2,Malmö,Sweden,TRUE,FALSE,
1958,26,1958-06-17,Group Stage,England,Soviet Union,0,1,Gothenburg,Sweden,TRUE,FALSE,
1958,27,1958-06-17,Group Stage,Hungary,Wales,1,2,Solna,Sweden,TRUE,FALSE,
1958,28,1958-06-19,Quarter-final,Brazil,Wales,1,0,Gothenburg,Sweden,TRUE,FALSE,
1958,29,1958-06-19,Quarter-final,France,Northern Ireland,4,0,Norrköping,Sweden,TRUE,FALSE,
1958,30,1958-06-19,Quarter-final,Germany,Yugoslavia,1,0,Malmö,Sweden,TRUE,FALSE,
1958,31,1958-06-19,Quarter-final,Sweden,Soviet Union,2,0,Solna,Sweden,FALSE,FALSE,
1958,32,1958-06-24,Semi-final,Brazil,France,5,2,Solna,Sweden,TRUE,FALSE,
1958,33,1958-06-24,Semi-final,Sweden,Germany,3,1,Gothenburg,Sweden,FALSE,FALSE,
1958,34,1958-06-28,Third Place,France,Germany,6,3,Gothenburg,Sweden,TRUE,FALSE,
1958,35,1958-06-29,Final,Sweden,Brazil,2,5,Solna,Sweden,FALSE,FALSE,
1962,1,1962-05-30,Group Stage,Argentina,Bulgaria,1,0,Rancagua,Chile,TRUE,FALSE,
1962,2,1962-05-30,Group Stage,Brazil,Mexico,2,0,Viña del Mar,Chile,TRUE,FALSE,
1962,3,1962-05-30,Group Stage,Chile,Switzerland,3,1,Santiago,Chile,FALSE,FALSE,
1962,4,1962-05-30,Group Stage,Colombia,Uruguay,1,2,Arica,Chile,TRUE,FALSE,
1962,5,1962-05-31,Group Stage,Czechoslovakia,Spain,1,0,Viña del Mar,Chile,TRUE,FALSE,
1962,6,1962-05-31,Group Stage,England,Hungary,1,2,Rancagua,Chile,TRUE,FALSE,
1962,7,1962-05-31,Group Stage,Germany,Italy,0,0,Santiago,Chile,TRUE,FALSE,
1962,8,1962-05-31,Group Stage,Soviet Union,Yugoslavia,2,0,Arica,Chile,TRUE,FALSE,
1962,9,1962-06-02,Group Stage,Argentina,England,1,3,Rancagua,Chile,TRUE,FALSE,
1962,10,1962-06-02,Group Stage,Brazil,Czechoslovakia,0,0,Viña del Mar,Chile,TRUE,FALSE,
1962,11,1962-06-02,Group Stage,Chile,Italy,2,0,Santiago,Chile,FALSE,FALSE,
1962,12,1962-06-02,Group Stage,Uruguay,Yugoslavia,1,3,Arica,Chile,TRUE,FALSE,
1962,13,1962-06-03,Group Stage,Bulgaria,Hungary,1,6,Rancagua,Chile,TRUE,FALSE,
1962,14,1962-06-03,Group Stage,Colombia,Soviet Union,4,4,Arica,Chile,TRUE,FALSE,
1962,15,1962-06-03,Group Stage,Germany,Switzerland,2,1,Santiago,Chile,TRUE,FALSE,
1962,16,1962-06-03,Group Stage,Mexico,Spain,0,1,Viña del Mar,Chile,TRUE,FALSE,
1962,17,1962-06-06,Group Stage,Argentina,Hungary,0,0,Rancagua,Chile,TRUE,FALSE,
1962,18,1962-06-06,Group Stage,Brazil,Spain,2,1,Viña del Mar,Chile,TRUE,FALSE,
1962,19,1962-06-06,Group Stage,Chile,Germany,0,2,Santiago,Chile,FALSE,FALSE,
1962,20,1962-06-06,Group Stage,Soviet Union,Uruguay,2,1,Arica,Chile,TRUE,FALSE,
1962,21,1962-06-07,Group Stage,Bulgaria,England,0,0,Rancagua,Chile,TRUE,FALSE,
1962,22,1962-06-07,Group Stage,Colombia,Yugoslavia,0,5,Arica,Chile,TRUE,FALSE,
1962,23,1962-06-07,Group Stage,Czechoslovakia,Mexico,1,3,Viña del Mar,Chile,TRUE,FALSE,
1962,24,1962-06-07,Group Stage,Italy,Switzerland,3,0,Santiago,Chile,TRUE,FALSE,
1962,25,1962-06-10,Quarter-final,Brazil,England,3,1,Viña del Mar,Chile,TRUE,FALSE,
1962,26,1962-06-10,Quarter-final,Chile,Soviet Union,2,1,Arica,Chile,FALSE,FALSE,
1962,27,1962-06-10,Quarter-final,Czechoslovakia,Hungary,1,0,Rancagua,Chile,TRUE,FALSE,
1962,28,1962-06-10,Quarter-final,Germany,Yugoslavia,0,1,Santiago,Chile,TRUE,FALSE,
1962,29,1962-06-13,Semi-final,Chile,Brazil,2,4,Santiago,Chile,FALSE,FALSE,
1962,30,1962-06-13,Semi-final,Czechoslovakia,Yugoslavia,3,1,Viña del Mar,Chile,TRUE,FALSE,
1962,31,1962-06-16,Third Place,Chile,Yugoslavia,1,0,Santiago,Chile,FALSE,FALSE,
1962,32,1962-06-17,Final,Brazil,Czechoslovakia,3,1,Santiago,Chile,TRUE,FALSE,
1966,1,1966-07-11,Group Stage,England,Uruguay,0,0,London,England,FALSE,FALSE,
1966,2,1966-07-12,Group Stage,Brazil,Bulgaria,2,0,Liverpool,England,TRUE,FALSE,
1966,3,1966-07-12,Group Stage,Germany,Switzerland,5,0,Sheffield,England,TRUE,FALSE,
1966,4,1966-07-12,Group Stage,North Korea,Soviet Union,0,3,Middlesbrough,England,TRUE,FALSE,
1966,5,1966-07-13,Group Stage,Argentina,Spain,2,1,Birmingham,England,TRUE,FALSE,
1966,6,1966-07-13,Group Stage,Chile,Italy,0,2,Sunderland,England,TRUE,FALSE,
1966,7,1966-07-13,Group Stage,France,Mexico,1,1,London,England,TRUE,FALSE,
1966,8,1966-07-13,Group Stage,Hungary,Portugal,1,3,Manchester,England,TRUE,FALSE,
1966,9,1966-07-15,Group Stage,Brazil,Hungary,1,3,Liverpool,England,TRUE,FALSE,
1966,10,1966-07-15,Group Stage,Chile,North Korea,1,1,Middlesbrough,England,TRUE,FALSE,
1966,11,1966-07-15,Group Stage,France,Uruguay,1,2,London,England,TRUE,FALSE,
1966,12,1966-07-15,Group Stage,Spain,Switzerland,2,1,Sheffield,England,TRUE,FALSE,
1966,13,1966-07-16,Group Stage,Argentina,Germany,0,0,Birmingham,England,TRUE,FALSE,
1966,14,1966-07-16,Group Stage,Bulgaria,Portugal,0,3,Manchester,England,TRUE,FALSE,
1966,15,1966-07-16,Group Stage,England,Mexico,2,0,London,England,FALSE,FALSE,
1966,16,1966-07-16,Group Stage,Italy,Soviet Union,0,1,Sunderland,England,TRUE,FALSE,
1966,17,1966-07-19,Group Stage,Argentina,Switzerland,2,0,Sheffield,England,TRUE,FALSE,
1966,18,1966-07-19,Group Stage,Brazil,Portugal,1,3,Liverpool,England,TRUE,FALSE,
1966,19,1966-07-19,Group Stage,Italy,North Korea,0,1,Middlesbrough,England,TRUE,FALSE,
1966,20,1966-07-19,Group Stage,Mexico,Uruguay,0,0,London,England,TRUE,FALSE,
1966,21,1966-07-20,Group Stage,Bulgaria,Hungary,1,3,Manchester,England,TRUE,FALSE,
1966,22,1966-07-20,Group Stage,Chile,Soviet Union,1,2,Sunderland,England,TRUE,FALSE,
1966,23,1966-07-20,Group Stage,England,France,2,0,London,England,FALSE,FALSE,
1966,24,1966-07-20,Group Stage,Germany,Spain,2,1,Birmingham,England,TRUE,FALSE,
1966,25,1966-07-23,Quarter-final,England,Argentina,1,0,London,England,FALSE,FALSE,
1966,26,1966-07-23,Quarter-final,Germany,Uruguay,4,0,Sheffield,England,TRUE,FALSE,
1966,27,1966-07-23,Quarter-final,Hungary,Soviet Union,1,2,Sunderland,England,TRUE,FALSE,
1966,28,1966-07-23,Quarter-final,North Korea,Portugal,3,5,Liverpool,England,TRUE,FALSE,
1966,29,1966-07-25,Semi-final,Germany,Soviet Union,2,1,Liverpool,England,TRUE,FALSE,
1966,30,1966-07-26,Semi-final,England,Portugal,2,1,London,England,FALSE,FALSE,
1966,31,1966-07-28,Third Place,Portugal,Soviet Union,2,1,London,England,TRUE,FALSE,
1966,32,1966-07-30,Final,England,Germany,4,2,London,England,FALSE,FALSE,
1970,1,1970-05-31,Group Stage,Mexico,Soviet Union,0,0,Mexico City,Mexico,FALSE,FALSE,
1970,2,1970-06-02,Group Stage,Bulgaria,Peru,2,3,León,Mexico,TRUE,FALSE,
1970,3,1970-06-02,Group Stage,England,Romania,1,0,Guadalajara,Mexico,TRUE,FALSE,
1970,4,1970-06-02,Group Stage,Israel,Uruguay,0,2,Puebla,Mexico,TRUE,FALSE,
1970,5,1970-06-03,Group Stage,Belgium,El Salvador,3,0,Mexico City,Mexico,TRUE,FALSE,
1970,6,1970-06-03,Group Stage,Brazil,Czechoslovakia,4,1,Guadalajara,Mexico,TRUE,FALSE,
1970,7,1970-06-03,Group Stage,Germany,Morocco,2,1,León,Mexico,TRUE,FALSE,
1970,8,1970-06-03,Group Stage,Italy,Sweden,1,0,Toluca,Mexico,TRUE,FALSE,
1970,9,1970-06-06,Group Stage,Belgium,Soviet Union,1,4,Mexico City,Mexico,TRUE,FALSE,
1970,10,1970-06-06,Group Stage,Czechoslovakia,Romania,1,2,Guadalajara,Mexico,TRUE,FALSE,
1970,11,1970-06-06,Group Stage,Italy,Uruguay,0,0,Puebla,Mexico,TRUE,FALSE,
1970,12,1970-06-06,Group Stage,Morocco,Peru,0,3,León,Mexico,TRUE,FALSE,
1970,13,1970-06-07,Group Stage,Brazil,England,1,0,Guadalajara,Mexico,TRUE,FALSE,
1970,14,1970-06-07,Group Stage,Bulgaria,Germany,2,5,León,Mexico,TRUE,FALSE,
1970,15,1970-06-07,Group Stage,Israel,Sweden,1,1,Toluca,Mexico,TRUE,FALSE,
1970,16,1970-06-07,Group Stage,Mexico,El Salvador,4,0,Mexico City,Mexico,FALSE,FALSE,
1970,17,1970-06-10,Group Stage,Brazil,Romania,3,2,Guadalajara,Mexico,TRUE,FALSE,
1970,18,1970-06-10,Group Stage,El Salvador,Soviet Union,0,2,Mexico City,Mexico,TRUE,FALSE,
1970,19,1970-06-10,Group Stage,Germany,Peru,3,1,León,Mexico,TRUE,FALSE,
1970,20,1970-06-10,Group Stage,Sweden,Uruguay,1,0,Puebla,Mexico,TRUE,FALSE,
1970,21,1970-06-11,Group Stage,Bulgaria,Morocco,1,1,León,Mexico,TRUE,FALSE,
1970,22,1970-06-11,Group Stage,Czechoslovakia,England,0,1,Guadalajara,Mexico,TRUE,FALSE,
1970,23,1970-06-11,Group Stage,Israel,Italy,0,0,Toluca,Mexico,TRUE,FALSE,
1970,24,1970-06-11,Group Stage,Mexico,Belgium,1,0,Mexico City,Mexico,FALSE,FALSE,
1970,25,1970-06-14,Quarter-final,Brazil,Peru,4,2,Guadalajara,Mexico,TRUE,FALSE,
1970,26,1970-06-14,Quarter-final,England,Germany,2,3,León,Mexico,TRUE,FALSE,
1970,27,1970-06-14,Quarter-final,Mexico,Italy,1,4,Toluca,Mexico,FALSE,FALSE,
1970,28,1970-06-14,Quarter-final,Soviet Union,Uruguay,0,1,Mexico City,Mexico,TRUE,FALSE,
1970,29,1970-06-17,Semi-final,Brazil,Uruguay,3,1,Guadalajara,Mexico,TRUE,FALSE,
1970,30,1970-06-17,Semi-final,Germany,Italy,3,4,Mexico City,Mexico,TRUE,FALSE,
1970,31,1970-06-20,Third Place,Germany,Uruguay,1,0,Mexico City,Mexico,TRUE,FALSE,
1970,32,1970-06-21,Final,Brazil,Italy,4,1,Mexico City,Mexico,TRUE,FALSE,
1974,1,1974-06-13,Group Stage,Brazil,Yugoslavia,0,0,Frankfurt am Main,Germany,TRUE,FALSE,
1974,2,1974-06-14,Group Stage,DR Congo,Scotland,0,2,Dortmund,Germany,TRUE,FALSE,
1974,3,1974-06-14,Group Stage,German DR,Australia,2,0,Hamburg,Germany,TRUE,FALSE,
1974,4,1974-06-14,Group Stage,Germany,Chile,1,0,Berlin,Germany,FALSE,FALSE,
1974,5,1974-06-15,Group Stage,Italy,Haiti,3,1,Munich,Germany,TRUE,FALSE,
1974,6,1974-06-15,Group Stage,Poland,Argentina,3,2,Stuttgart,Germany,TRUE,FALSE,
1974,7,1974-06-15,Group Stage,Sweden,Bulgaria,0,0,Düsseldorf,Germany,TRUE,FALSE,
1974,8,1974-06-15,Group Stage,Uruguay,Netherlands,0,2,Hanover,Germany,TRUE,FALSE,
1974,9,1974-06-18,Group Stage,Chile,German DR,1,1,Berlin,Germany,TRUE,FALSE,
1974,10,1974-06-18,Group Stage,Germany,Australia,3,0,Hamburg,Germany,FALSE,FALSE,
1974,11,1974-06-18,Group Stage,Scotland,Brazil,0,0,Frankfurt am Main,Germany,TRUE,FALSE,
1974,12,1974-06-18,Group Stage,Yugoslavia,DR Congo,9,0,Gelsenkirchen,Germany,TRUE,FALSE,
1974,13,1974-06-19,Group Stage,Argentina,Italy,1,1,Stuttgart,Germany,TRUE,FALSE,
1974,14,1974-06-19,Group Stage,Bulgaria,Uruguay,1,1,Hanover,Germany,TRUE,FALSE,
1974,15,1974-06-19,Group Stage,Haiti,Poland,0,7,Munich,Germany,TRUE,FALSE,
1974,16,1974-06-19,Group Stage,Netherlands,Sweden,0,0,Dortmund,Germany,TRUE,FALSE,
1974,17,1974-06-22,Group Stage,Australia,Chile,0,0,Berlin,Germany,TRUE,FALSE,
1974,18,1974-06-22,Group Stage,DR Congo,Brazil,0,3,Gelsenkirchen,Germany,TRUE,FALSE,
1974,19,1974-06-22,Group Stage,Germany,German DR,0,1,Hamburg,Germany,FALSE,FALSE,
1974,20,1974-06-22,Group Stage,Scotland,Yugoslavia,1,1,Frankfurt am Main,Germany,TRUE,FALSE,
1974,21,1974-06-23,Group Stage,Argentina,Haiti,4,1,Munich,Germany,TRUE,FALSE,
1974,22,1974-06-23,Group Stage,Bulgaria,Netherlands,1,4,Dortmund,Germany,TRUE,FALSE,
1974,23,1974-06-23,Group Stage,Poland,Italy,2,1,Stuttgart,Germany,TRUE,FALSE,
1974,24,1974-06-23,Group Stage,Sweden,Uruguay,3,0,Düsseldorf,Germany,TRUE,FALSE,
1974,25,1974-06-26,Quarter-final,Brazil,German DR,1,0,Hanover,Germany,TRUE,FALSE,
1974,26,1974-06-26,Quarter-final,Germany,Yugoslavia,2,0,Düsseldorf,Germany,FALSE,FALSE,
1974,27,1974-06-26,Quarter-final,Netherlands,Argentina,4,0,Gelsenkirchen,Germany,TRUE,FALSE,
1974,28,1974-06-26,Quarter-final,Sweden,Poland,0,1,Stuttgart,Germany,TRUE,FALSE,
1974,29,1974-06-30,Quarter-final,Argentina,Brazil,1,2,Hanover,Germany,TRUE,FALSE,
1974,30,1974-06-30,Quarter-final,German DR,Netherlands,0,2,Gelsenkirchen,Germany,TRUE,FALSE,
1974,31,1974-06-30,Quarter-final,Germany,Sweden,4,2,Düsseldorf,Germany,FALSE,FALSE,
1974,32,1974-06-30,Quarter-final,Poland,Yugoslavia,2,1,Frankfurt am Main,Germany,TRUE,FALSE,
1974,33,1974-07-03,Quarter-final,Argentina,German DR,1,1,Gelsenkirchen,Germany,TRUE,FALSE,
1974,34,1974-07-03,Quarter-final,Germany,Poland,1,0,Frankfurt am Main,Germany,FALSE,FALSE,
1974,35,1974-07-03,Quarter-final,Netherlands,Brazil,2,0,Dortmund,Germany,TRUE,FALSE,
1974,36,1974-07-03,Quarter-final,Sweden,Yugoslavia,2,1,Düsseldorf,Germany,TRUE,FALSE,
1974,37,1974-07-06,Third Place,Brazil,Poland,0,1,Munich,Germany,TRUE,FALSE,
1974,38,1974-07-07,Final,Germany,Netherlands,2,1,Munich,Germany,FALSE,FALSE,
1978,1,1978-06-01,Group Stage,Germany,Poland,0,0,Buenos Aires,Argentina,TRUE,FALSE,
1978,2,1978-06-02,Group Stage,Argentina,Hungary,2,1,Buenos Aires,Argentina,FALSE,FALSE,
1978,3,1978-06-02,Group Stage,France,Italy,1,2,Mar del Plata,Argentina,TRUE,FALSE,
1978,4,1978-06-02,Group Stage,Mexico,Tunisia,1,3,Rosario,Argentina,TRUE,FALSE,
1978,5,1978-06-03,Group Stage,Austria,Spain,2,1,Buenos Aires,Argentina,TRUE,FALSE,
1978,6,1978-06-03,Group Stage,Brazil,Sweden,1,1,Mar del Plata,Argentina,TRUE,FALSE,
1978,7,1978-06-03,Group Stage,Iran,Netherlands,0,3,Mendoza,Argentina,TRUE,FALSE,
1978,8,1978-06-03,Group Stage,Peru,Scotland,3,1,Córdoba,Argentina,TRUE,FALSE,
1978,9,1978-06-06,Group Stage,Argentina,France,2,1,Buenos Aires,Argentina,FALSE,FALSE,
1978,10,1978-06-06,Group Stage,Germany,Mexico,6,0,Córdoba,Argentina,TRUE,FALSE,
1978,11,1978-06-06,Group Stage,Hungary,Italy,1,3,Mar del Plata,Argentina,TRUE,FALSE,
1978,12,1978-06-06,Group Stage,Poland,Tunisia,1,0,Rosario,Argentina,TRUE,FALSE,
1978,13,1978-06-07,Group Stage,Austria,Sweden,1,0,Buenos Aires,Argentina,TRUE,FALSE,
1978,14,1978-06-07,Group Stage,Brazil,Spain,0,0,Mar del Plata,Argentina,TRUE,FALSE,
1978,15,1978-06-07,Group Stage,Iran,Scotland,1,1,Córdoba,Argentina,TRUE,FALSE,
1978,16,1978-06-07,Group Stage,Netherlands,Peru,0,0,Mendoza,Argentina,TRUE,FALSE,
1978,17,1978-06-10,Group Stage,Argentina,Italy,0,1,Buenos Aires,Argentina,FALSE,FALSE,
1978,18,1978-06-10,Group Stage,France,Hungary,3,1,Mar del Plata,Argentina,TRUE,FALSE,
1978,19,1978-06-10,Group Stage,Germany,Tunisia,0,0,Córdoba,Argentina,TRUE,FALSE,
1978,20,1978-06-10,Group Stage,Mexico,Poland,1,3,Rosario,Argentina,TRUE,FALSE,
1978,21,1978-06-11,Group Stage,Austria,Brazil,0,1,Mar del Plata,Argentina,TRUE,FALSE,
1978,22,1978-06-11,Group Stage,Iran,Peru,1,4,Córdoba,Argentina,TRUE,FALSE,
1978,23,1978-06-11,Group Stage,Netherlands,Scotland,2,3,Mendoza,Argentina,TRUE,FALSE,
1978,24,1978-06-11,Group Stage,Spain,Sweden,1,0,Buenos Aires,Argentina,TRUE,FALSE,
1978,25,1978-06-14,Quarter-final,Argentina,Poland,2,0,Rosario,Argentina,FALSE,FALSE,
1978,26,1978-06-14,Quarter-final,Austria,Netherlands,1,5,Córdoba,Argentina,TRUE,FALSE,
1978,27,1978-06-14,Quarter-final,Brazil,Peru,3,0,Mendoza,Argentina,TRUE,FALSE,
1978,28,1978-06-14,Quarter-final,Germany,Italy,0,0,Buenos Aires,Argentina,TRUE,FALSE,
1978,29,1978-06-18,Quarter-final,Argentina,Brazil,0,0,Rosario,Argentina,FALSE,FALSE,
1978,30,1978-06-18,Quarter-final,Austria,Italy,0,1,Buenos Aires,Argentina,TRUE,FALSE,
1978,31,1978-06-18,Quarter-final,Germany,Netherlands,2,2,Córdoba,Argentina,TRUE,FALSE,
1978,32,1978-06-18,Quarter-final,Peru,Poland,0,1,Mendoza,Argentina,TRUE,FALSE,
1978,33,1978-06-21,Quarter-final,Argentina,Peru,6,0,Rosario,Argentina,FALSE,FALSE,
1978,34,1978-06-21,Quarter-final,Austria,Germany,3,2,Córdoba,Argentina,TRUE,FALSE,
1978,35,1978-06-21,Quarter-final,Brazil,Poland,3,1,Mendoza,Argentina,TRUE,FALSE,
1978,36,1978-06-21,Quarter-final,Italy,Netherlands,1,2,Buenos Aires,Argentina,TRUE,FALSE,
1978,37,1978-06-24,Third Place,Brazil,Italy,2,1,Buenos Aires,Argentina,TRUE,FALSE,
1978,38,1978-06-25,Final,Argentina,Netherlands,3,1,Buenos Aires,Argentina,FALSE,FALSE,
1982,1,1982-06-13,Group Stage,Argentina,Belgium,0,1,Barcelona,Spain,TRUE,FALSE,
1982,2,1982-06-14,Group Stage,Brazil,Soviet Union,2,1,Seville,Spain,TRUE,FALSE,
1982,3,1982-06-14,Group Stage,Italy,Poland,0,0,Vigo,Spain,TRUE,FALSE,
1982,4,1982-06-15,Group Stage,Hungary,El Salvador,10,1,Elche,Spain,TRUE,FALSE,
1982,5,1982-06-15,Group Stage,Peru,Cameroon,0,0,La Coruña,Spain,TRUE,FALSE,
1982,6,1982-06-15,Group Stage,Scotland,New Zealand,5,2,Málaga,Spain,TRUE,FALSE,
1982,7,1982-06-16,Group Stage,England,France,3,1,Bilbao,Spain,TRUE,FALSE,
1982,8,1982-06-16,Group Stage,Germany,Algeria,1,2,Gijón,Spain,TRUE,FALSE,
1982,9,1982-06-16,Group Stage,Spain,Honduras,1,1,Valencia,Spain,FALSE,FALSE,
1982,10,1982-06-17,Group Stage,Chile,Austria,0,1,Oviedo,Spain,TRUE,FALSE,
1982,11,1982-06-17,Group Stage,Czechoslovakia,Kuwait,1,1,Valladolid,Spain,TRUE,FALSE,
1982,12,1982-06-17,Group Stage,Yugoslavia,Northern Ireland,0,0,Zaragoza,Spain,TRUE,FALSE,
1982,13,1982-06-18,Group Stage,Argentina,Hungary,4,1,Alicante,Spain,TRUE,FALSE,
1982,14,1982-06-18,Group Stage,Brazil,Scotland,4,1,Seville,Spain,TRUE,FALSE,
1982,15,1982-06-18,Group Stage,Italy,Peru,1,1,Vigo,Spain,TRUE,FALSE,
1982,16,1982-06-19,Group Stage,Belgium,El Salvador,1,0,Elche,Spain,TRUE,FALSE,
1982,17,1982-06-19,Group Stage,Poland,Cameroon,0,0,La Coruña,Spain,TRUE,FALSE,
1982,18,1982-06-19,Group Stage,Soviet Union,New Zealand,3,0,Málaga,Spain,TRUE,FALSE,
1982,19,1982-06-20,Group Stage,England,Czechoslovakia,2,0,Bilbao,Spain,TRUE,FALSE,
1982,20,1982-06-20,Group Stage,Germany,Chile,4,1,Gijón,Spain,TRUE,FALSE,
1982,21,1982-06-20,Group Stage,Spain,Yugoslavia,2,1,Valencia,Spain,FALSE,FALSE,
1982,22,1982-06-21,Group Stage,Algeria,Austria,0,2,Oviedo,Spain,TRUE,FALSE,
1982,23,1982-06-21,Group Stage,France,Kuwait,4,1,Valladolid,Spain,TRUE,FALSE,
1982,24,1982-06-21,Group Stage,Honduras,Northern Ireland,1,1,Zaragoza,Spain,TRUE,FALSE,
1982,25,1982-06-22,Group Stage,Belgium,Hungary,1,1,Elche,Spain,TRUE,FALSE,
1982,26,1982-06-22,Group Stage,Poland,Peru,5,1,La Coruña,Spain,TRUE,FALSE,
1982,27,1982-06-22,Group Stage,Soviet Union,Scotland,2,2,Málaga,Spain,TRUE,FALSE,
1982,28,1982-06-23,Group Stage,Argentina,El Salvador,2,0,Alicante,Spain,TRUE,FALSE,
1982,29,1982-06-23,Group Stage,Brazil,New Zealand,4,0,Seville,Spain,TRUE,FALSE,
1982,30,1982-06-23,Group Stage,Italy,Cameroon,1,1,Vigo,Spain,TRUE,FALSE,
1982,31,1982-06-24,Group Stage,Algeria,Chile,3,2,Oviedo,Spain,TRUE,FALSE,
1982,32,1982-06-24,Group Stage,France,Czechoslovakia,1,1,Valladolid,Spain,TRUE,FALSE,
1982,33,1982-06-24,Group Stage,Honduras,Yugoslavia,0,1,Zaragoza,Spain,TRUE,FALSE,
1982,34,1982-06-25,Group Stage,England,Kuwait,1,0,Bilbao,Spain,TRUE,FALSE,
1982,35,1982-06-25,Group Stage,Germany,Austria,1,0,Gijón,Spain,TRUE,FALSE,
1982,36,1982-06-25,Group Stage,Spain,Northern Ireland,0,1,Valencia,Spain,FALSE,FALSE,
1982,37,1982-06-28,Quarter-final,Austria,France,0,1,Madrid,Spain,TRUE,FALSE,
1982,38,1982-06-28,Quarter-final,Poland,Belgium,3,0,Barcelona,Spain,TRUE,FALSE,
1982,39,1982-06-29,Quarter-final,Germany,England,0,0,Madrid,Spain,TRUE,FALSE,
1982,40,1982-06-29,Quarter-final,Italy,Argentina,2,1,Barcelona,Spain,TRUE,FALSE,
1982,41,1982-07-01,Quarter-final,Austria,Northern Ireland,2,2,Madrid,Spain,TRUE,FALSE,
1982,42,1982-07-01,Quarter-final,Belgium,Soviet Union,0,1,Barcelona,Spain,TRUE,FALSE,
1982,43,1982-07-02,Quarter-final,Argentina,Brazil,1,3,Barcelona,Spain,TRUE,FALSE,
1982,44,1982-07-02,Quarter-final,Spain,Germany,1,2,Madrid,Spain,FALSE,FALSE,
1982,45,1982-07-04,Quarter-final,France,Northern Ireland,4,1,Madrid,Spain,TRUE,FALSE,
1982,46,1982-07-04,Quarter-final,Poland,Soviet Union,0,0,Barcelona,Spain,TRUE,FALSE,
1982,47,1982-07-05,Quarter-final,Italy,Brazil,3,2,Barcelona,Spain,TRUE,FALSE,
1982,48,1982-07-05,Quarter-final,Spain,England,0,0,Madrid,Spain,FALSE,FALSE,
1982,49,1982-07-08,Semi-final,Germany,France,3,3,Seville,Spain,TRUE,TRUE,Germany
1982,50,1982-07-08,Semi-final,Poland,Italy,0,2,Barcelona,Spain,TRUE,FALSE,
1982,51,1982-07-10,Third Place,Poland,France,3,2,Alicante,Spain,TRUE,FALSE,
1982,52,1982-07-11,Final,Italy,Germany,3,1,Madrid,Spain,TRUE,FALSE,
1986,1,1986-05-31,Group Stage,Bulgaria,Italy,1,1,Mexico City,Mexico,TRUE,FALSE,
1986,2,1986-06-01,Group Stage,Canada,France,0,1,León,Mexico,TRUE,FALSE,
1986,3,1986-06-01,Group Stage,Spain,Brazil,0,1,Guadalajara,Mexico,TRUE,FALSE,
1986,4,1986-06-02,Group Stage,Argentina,South Korea,3,1,Mexico City,Mexico,TRUE,FALSE,
1986,5,1986-06-02,Group Stage,Morocco,Poland,0,0,Monterrey,Mexico,TRUE,FALSE,
1986,6,1986-06-02,Group Stage,Soviet Union,Hungary,6,0,Irapuato,Mexico,TRUE,FALSE,
1986,7,1986-06-03,Group Stage,Algeria,Northern Ireland,1,1,Guadalajara,Mexico,TRUE,FALSE,
1986,8,1986-06-03,Group Stage,Mexico,Belgium,2,1,Mexico City,Mexico,FALSE,FALSE,
1986,9,1986-06-03,Group Stage,Portugal,England,1,0,Monterrey,Mexico,TRUE,FALSE,
1986,10,1986-06-04,Group Stage,Paraguay,Iraq,1,0,Toluca,Mexico,TRUE,FALSE,
1986,11,1986-06-04,Group Stage,Scotland,Denmark,0,1,Nezahualcóyotl,Mexico,TRUE,FALSE,
1986,12,1986-06-04,Group Stage,Uruguay,Germany,1,1,Querétaro,Mexico,TRUE,FALSE,
1986,13,1986-06-05,Group Stage,France,Soviet Union,1,1,León,Mexico,TRUE,FALSE,
1986,14,1986-06-05,Group Stage,Italy,Argentina,1,1,Puebla,Mexico,TRUE,FALSE,
1986,15,1986-06-05,Group Stage,South Korea,Bulgaria,1,1,Mexico City,Mexico,TRUE,FALSE,
1986,16,1986-06-06,Group Stage,Brazil,Algeria,1,0,Guadalajara,Mexico,TRUE,FALSE,
1986,17,1986-06-06,Group Stage,England,Morocco,0,0,Monterrey,Mexico,TRUE,FALSE,
1986,18,1986-06-06,Group Stage,Hungary,Canada,2,0,Irapuato,Mexico,TRUE,FALSE,
1986,19,1986-06-07,Group Stage,Mexico,Paraguay,1,1,Mexico City,Mexico,FALSE,FALSE,
1986,20,1986-06-07,Group Stage,Northern Ireland,Spain,1,2,Guadalajara,Mexico,TRUE,FALSE,
1986,21,1986-06-07,Group Stage,Poland,Portugal,1,0,Monterrey,Mexico,TRUE,FALSE,
1986,22,1986-06-08,Group Stage,Denmark,Uruguay,6,1,Nezahualcóyotl,Mexico,TRUE,FALSE,
1986,23,1986-06-08,Group Stage,Germany,Scotland,2,1,Querétaro,Mexico,TRUE,FALSE,
1986,24,1986-06-08,Group Stage,Iraq,Belgium,1,2,Toluca,Mexico,TRUE,FALSE,
1986,25,1986-06-09,Group Stage,Hungary,France,0,3,León,Mexico,TRUE,FALSE,
1986,26,1986-06-09,Group Stage,Soviet Union,Canada,2,0,Irapuato,Mexico,TRUE,FALSE,
1986,27,1986-06-10,Group Stage,Argentina,Bulgaria,2,0,Mexico City,Mexico,TRUE,FALSE,
1986,28,1986-06-10,Group Stage,South Korea,Italy,2,3,Puebla,Mexico,TRUE,FALSE,
1986,29,1986-06-11,Group Stage,England,Poland,3,0,Monterrey,Mexico,TRUE,FALSE,
1986,30,1986-06-11,Group Stage,Mexico,Iraq,1,0,Mexico City,Mexico,FALSE,FALSE,
1986,31,1986-06-11,Group Stage,Paraguay,Belgium,2,2,Toluca,Mexico,TRUE,FALSE,
1986,32,1986-06-11,Group Stage,Portugal,Morocco,1,3,Guadalajara,Mexico,TRUE,FALSE,
1986,33,1986-06-12,Group Stage,Algeria,Spain,0,3,Monterrey,Mexico,TRUE,FALSE,
1986,34,1986-06-12,Group Stage,Northern Ireland,Brazil,0,3,Guadalajara,Mexico,TRUE,FALSE,
1986,35,1986-06-13,Group Stage,Denmark,Germany,2,0,Querétaro,Mexico,TRUE,FALSE,
1986,36,1986-06-13,Group Stage,Scotland,Uruguay,0,0,Nezahualcóyotl,Mexico,TRUE,FALSE,
1986,37,1986-06-15,Round of 16,Mexico,Bulgaria,2,0,Mexico City,Mexico,FALSE,FALSE,
1986,38,1986-06-15,Round of 16,Soviet Union,Belgium,3,4,León,Mexico,TRUE,FALSE,
1986,39,1986-06-16,Round of 16,Argentina,Uruguay,1,0,Puebla,Mexico,TRUE,FALSE,
1986,40,1986-06-16,Round of 16,Brazil,Poland,4,0,Guadalajara,Mexico,TRUE,FALSE,
1986,41,1986-06-17,Round of 16,Italy,France,0,2,Mexico City,Mexico,TRUE,FALSE,
1986,42,1986-06-17,Round of 16,Morocco,Germany,0,1,Monterrey,Mexico,TRUE,FALSE,
1986,43,1986-06-18,Round of 16,Denmark,Spain,1,5,Querétaro,Mexico,TRUE,FALSE,
1986,44,1986-06-18,Round of 16,England,Paraguay,3,0,Mexico City,Mexico,TRUE,FALSE,
1986,45,1986-06-21,Quarter-final,Brazil,France,1,1,Guadalajara,Mexico,TRUE,TRUE,France
1986,46,1986-06-21,Quarter-final,Mexico,Germany,0,0,Monterrey,Mexico,FALSE,TRUE,Germany
1986,47,1986-06-22,Quarter-final,Argentina,England,2,1,Mexico City,Mexico,TRUE,FALSE,
1986,48,1986-06-22,Quarter-final,Spain,Belgium,1,1,Puebla,Mexico,TRUE,TRUE,Belgium
1986,49,1986-06-25,Semi-final,Argentina,Belgium,2,0,Mexico City,Mexico,TRUE,FALSE,
1986,50,1986-06-25,Semi-final,France,Germany,0,2,Guadalajara,Mexico,TRUE,FALSE,
1986,51,1986-06-28,Third Place,France,Belgium,4,2,Puebla,Mexico,TRUE,FALSE,
1986,52,1986-06-29,Final,Argentina,Germany,3,2,Mexico City,Mexico,TRUE,FALSE,
1990,1,1990-06-08,Group Stage,Argentina,Cameroon,0,1,Milan,Italy,TRUE,FALSE,
1990,2,1990-06-09,Group Stage,Italy,Austria,1,0,Rome,Italy,FALSE,FALSE,
1990,3,1990-06-09,Group Stage,Soviet Union,Romania,0,2,Bari,Italy,TRUE,FALSE,
1990,4,1990-06-09,Group Stage,United Arab Emirates,Colombia,0,2,Bologna,Italy,TRUE,FALSE,
1990,5,1990-06-10,Group Stage,Brazil,Sweden,2,1,Turin,Italy,TRUE,FALSE,
1990,6,1990-06-10,Group Stage,Germany,Yugoslavia,4,1,Milan,Italy,TRUE,FALSE,
1990,7,1990-06-10,Group Stage,United States,Czechoslovakia,1,5,Florence,Italy,TRUE,FALSE,
1990,8,1990-06-11,Group Stage,Costa Rica,Scotland,1,0,Genoa,Italy,TRUE,FALSE,
1990,9,1990-06-11,Group Stage,England,Republic of Ireland,1,1,Cagliari,Italy,TRUE,FALSE,
1990,10,1990-06-12,Group Stage,Belgium,South Korea,2,0,Verona,Italy,TRUE,FALSE,
1990,11,1990-06-12,Group Stage,Netherlands,Egypt,1,1,Palermo,Italy,TRUE,FALSE,
1990,12,1990-06-13,Group Stage,Argentina,Soviet Union,2,0,Naples,Italy,TRUE,FALSE,
1990,13,1990-06-13,Group Stage,Uruguay,Spain,0,0,Udine,Italy,TRUE,FALSE,
1990,14,1990-06-14,Group Stage,Cameroon,Romania,2,1,Bari,Italy,TRUE,FALSE,
1990,15,1990-06-14,Group Stage,Italy,United States,1,0,Rome,Italy,FALSE,FALSE,
1990,16,1990-06-14,Group Stage,Yugoslavia,Colombia,1,0,Bologna,Italy,TRUE,FALSE,
1990,17,1990-06-15,Group Stage,Austria,Czechoslovakia,0,1,Florence,Italy,TRUE,FALSE,
1990,18,1990-06-15,Group Stage,Germany,United Arab Emirates,5,1,Milan,Italy,TRUE,FALSE,
1990,19,1990-06-16,Group Stage,Brazil,Costa Rica,1,0,Turin,Italy,TRUE,FALSE,
1990,20,1990-06-16,Group Stage,England,Netherlands,0,0,Cagliari,Italy,TRUE,FALSE,
1990,21,1990-06-16,Group Stage,Sweden,Scotland,1,2,Genoa,Italy,TRUE,FALSE,
1990,22,1990-06-17,Group Stage,Belgium,Uruguay,3,1,Verona,Italy,TRUE,FALSE,
1990,23,1990-06-17,Group Stage,Republic of Ireland,Egypt,0,0,Palermo,Italy,TRUE,FALSE,
1990,24,1990-06-17,Group Stage,South Korea,Spain,1,3,Udine,Italy,TRUE,FALSE,
1990,25,1990-06-18,Group Stage,Argentina,Romania,1,1,Naples,Italy,TRUE,FALSE,
1990,26,1990-06-18,Group Stage,Cameroon,Soviet Union,0,4,Bari,Italy,TRUE,FALSE,
1990,27,1990-06-19,Group Stage,Austria,United States,2,1,Florence,Italy,TRUE,FALSE,
1990,28,1990-06-19,Group Stage,Germany,Colombia,1,1,Milan,Italy,TRUE,FALSE,
1990,29,1990-06-19,Group Stage,Italy,Czechoslovakia,2,0,Rome,Italy,FALSE,FALSE,
1990,30,1990-06-19,Group Stage,Yugoslavia,United Arab Emirates,4,1,Bologna,Italy,TRUE,FALSE,
1990,31,1990-06-20,Group Stage,Brazil,Scotland,1,0,Turin,Italy,TRUE,FALSE,
1990,32,1990-06-20,Group Stage,Sweden,Costa Rica,1,2,Genoa,Italy,TRUE,FALSE,
1990,33,1990-06-21,Group Stage,Belgium,Spain,1,2,Verona,Italy,TRUE,FALSE,
1990,34,1990-06-21,Group Stage,England,Egypt,1,0,Cagliari,Italy,TRUE,FALSE,
1990,35,1990-06-21,Group Stage,Republic of Ireland,Netherlands,1,1,Palermo,Italy,TRUE,FALSE,
1990,36,1990-06-21,Group Stage,South Korea,Uruguay,0,1,Udine,Italy,TRUE,FALSE,
1990,37,1990-06-23,Round of 16,Cameroon,Colombia,2,1,Naples,Italy,TRUE,FALSE,
1990,38,1990-06-23,Round of 16,Czechoslovakia,Costa Rica,4,1,Bari,Italy,TRUE,FALSE,
1990,39,1990-06-24,Round of 16,Brazil,Argentina,0,1,Turin,Italy,TRUE,FALSE,
1990,40,1990-06-24,Round of 16,Germany,Netherlands,2,1,Milan,Italy,TRUE,FALSE,
1990,41,1990-06-25,Round of 16,Republic of Ireland,Romania,0,0,Genoa,Italy,TRUE,TRUE,Republic of Ireland
1990,42,1990-06-25,Round of 16,Italy,Uruguay,2,0,Rome,Italy,FALSE,FALSE,
1990,43,1990-06-26,Round of 16,England,Belgium,1,0,Bologna,Italy,TRUE,FALSE,
1990,44,1990-06-26,Round of 16,Spain,Yugoslavia,1,2,Verona,Italy,TRUE,FALSE,
1990,45,1990-06-30,Quarter-final,Italy,Republic of Ireland,1,0,Rome,Italy,FALSE,FALSE,
1990,46,1990-06-30,Quarter-final,Yugoslavia,Argentina,0,0,Florence,Italy,TRUE,TRUE,Argentina
1990,47,1990-07-01,Quarter-final,Cameroon,England,2,3,Naples,Italy,TRUE,FALSE,
1990,48,1990-07-01,Quarter-final,Germany,Czechoslovakia,1,0,Milan,Italy,TRUE,FALSE,
1990,49,1990-07-03,Semi-final,Italy,Argentina,1,1,Naples,Italy,FALSE,TRUE,Argentina
1990,50,1990-07-04,Semi-final,Germany,England,1,1,Turin,Italy,TRUE,TRUE,Germany
1990,51,1990-07-07,Third Place,Italy,England,2,1,Bari,Italy,FALSE,FALSE,
1990,52,1990-07-08,Final,Germany,Argentina,1,0,Rome,Italy,TRUE,FALSE,
1994,1,1994-06-17,Group Stage,Germany,Bolivia,1,0,Chicago,United States,TRUE,FALSE,
1994,2,1994-06-17,Group Stage,Spain,South Korea,2,2,Dallas,United States,TRUE,FALSE,
1994,3,1994-06-18,Group Stage,Colombia,Romania,1,3,Pasadena,United States,TRUE,FALSE,
1994,4,1994-06-18,Group Stage,Italy,Republic of Ireland,0,1,East Rutherford,United States,TRUE,FALSE,
1994,5,1994-06-18,Group Stage,United States,Switzerland,1,1,Pontiac,United States,FALSE,FALSE,
1994,6,1994-06-19,Group Stage,Belgium,Morocco,1,0,Orlando,United States,TRUE,FALSE,
1994,7,1994-06-19,Group Stage,Cameroon,Sweden,2,2,Pasadena,United States,TRUE,FALSE,
1994,8,1994-06-19,Group Stage,Norway,Mexico,1,0,"Washington, D.C.",United States,TRUE,FALSE,
1994,9,1994-06-20,Group Stage,Brazil,Russia,2,0,Palo Alto,United States,TRUE,FALSE,
1994,10,1994-06-20,Group Stage,Netherlands,Saudi Arabia,2,1,"Washington, D.C.",United States,TRUE,FALSE,
1994,11,1994-06-21,Group Stage,Argentina,Greece,4,0,Foxborough,United States,TRUE,FALSE,
1994,12,1994-06-21,Group Stage,Germany,Spain,1,1,Chicago,United States,TRUE,FALSE,
1994,13,1994-06-21,Group Stage,Nigeria,Bulgaria,3,0,Dallas,United States,TRUE,FALSE,
1994,14,1994-06-22,Group Stage,Romania,Switzerland,1,4,Pontiac,United States,TRUE,FALSE,
1994,15,1994-06-22,Group Stage,United States,Colombia,2,1,Pasadena,United States,FALSE,FALSE,
1994,16,1994-06-23,Group Stage,Italy,Norway,1,0,East Rutherford,United States,TRUE,FALSE,
1994,17,1994-06-23,Group Stage,South Korea,Bolivia,0,0,Foxborough,United States,TRUE,FALSE,
1994,18,1994-06-24,Group Stage,Brazil,Cameroon,3,0,Palo Alto,United States,TRUE,FALSE,
1994,19,1994-06-24,Group Stage,Mexico,Republic of Ireland,2,1,Orlando,United States,TRUE,FALSE,
1994,20,1994-06-24,Group Stage,Sweden,Russia,3,1,Pontiac,United States,TRUE,FALSE,
1994,21,1994-06-25,Group Stage,Argentina,Nigeria,2,1,Foxborough,United States,TRUE,FALSE,
1994,22,1994-06-25,Group Stage,Belgium,Netherlands,1,0,Orlando,United States,TRUE,FALSE,
1994,23,1994-06-25,Group Stage,Saudi Arabia,Morocco,2,1,East Rutherford,United States,TRUE,FALSE,
1994,24,1994-06-26,Group Stage,Bulgaria,Greece,4,0,Chicago,United States,TRUE,FALSE,
1994,25,1994-06-26,Group Stage,Switzerland,Colombia,0,2,Palo Alto,United States,TRUE,FALSE,
1994,26,1994-06-26,Group Stage,United States,Romania,0,1,Pasadena,United States,FALSE,FALSE,
1994,27,1994-06-27,Group Stage,Bolivia,Spain,1,3,Chicago,United States,TRUE,FALSE,
1994,28,1994-06-27,Group Stage,Germany,South Korea,3,2,Dallas,United States,TRUE,FALSE,
1994,29,1994-06-28,Group Stage,Brazil,Sweden,1,1,Pontiac,United States,TRUE,FALSE,
1994,30,1994-06-28,Group Stage,Republic of Ireland,Norway,0,0,East Rutherford,United States,TRUE,FALSE,
1994,31,1994-06-28,Group Stage,Italy,Mexico,1,1,"Washington, D.C.",United States,TRUE,FALSE,
1994,32,1994-06-28,Group Stage,Russia,Cameroon,6,1,Palo Alto,United States,TRUE,FALSE,
1994,33,1994-06-29,Group Stage,Belgium,Saudi Arabia,0,1,"Washington, D.C.",United States,TRUE,FALSE,
1994,34,1994-06-29,Group Stage,Morocco,Netherlands,1,2,Orlando,United States,TRUE,FALSE,
1994,35,1994-06-30,Group Stage,Argentina,Bulgaria,0,2,Dallas,United States,TRUE,FALSE,
1994,36,1994-06-30,Group Stage,Greece,Nigeria,0,2,Foxborough,United States,TRUE,FALSE,
1994,37,1994-07-02,Round of 16,Germany,Belgium,3,2,Chicago,United States,TRUE,FALSE,
1994,38,1994-07-02,Round of 16,Spain,Switzerland,3,0,"Washington, D.C.",United States,TRUE,FALSE,
1994,39,1994-07-03,Round of 16,Romania,Argentina,3,2,Pasadena,United States,TRUE,FALSE,
1994,40,1994-07-03,Round of 16,Saudi Arabia,Sweden,1,3,Dallas,United States,TRUE,FALSE,
1994,41,1994-07-04,Round of 16,Netherlands,Republic of Ireland,2,0,Orlando,United States,TRUE,FALSE,
1994,42,1994-07-04,Round of 16,United States,Brazil,0,1,Palo Alto,United States,FALSE,FALSE,
1994,43,1994-07-05,Round of 16,Mexico,Bulgaria,1,1,East Rutherford,United States,TRUE,TRUE,Bulgaria
1994,44,1994-07-05,Round of 16,Nigeria,Italy,1,2,Foxborough,United States,TRUE,FALSE,
1994,45,1994-07-09,Quarter-final,Italy,Spain,2,1,Foxborough,United States,TRUE,FALSE,
1994,46,1994-07-09,Quarter-final,Netherlands,Brazil,2,3,Dallas,United States,TRUE,FALSE,
1994,47,1994-07-10,Quarter-final,Bulgaria,Germany,2,1,East Rutherford,United States,TRUE,FALSE,
1994,48,1994-07-10,Quarter-final,Romania,Sweden,2,2,Palo Alto,United States,TRUE,TRUE,Sweden
1994,49,1994-07-13,Semi-final,Bulgaria,Italy,1,2,East Rutherford,United States,TRUE,FALSE,
1994,50,1994-07-13,Semi-final,Sweden,Brazil,0,1,Pasadena,United States,TRUE,FALSE,
1994,51,1994-07-16,Third Place,Sweden,Bulgaria,4,0,Pasadena,United States,TRUE,FALSE,
1994,52,1994-07-17,Final,Brazil,Italy,0,0,Pasadena,United States,TRUE,TRUE,Brazil
1998,1,1998-06-10,Group Stage,Brazil,Scotland,2,1,Saint-Denis,France,TRUE,FALSE,
1998,2,1998-06-10,Group Stage,Morocco,Norway,2,2,Montpellier,France,TRUE,FALSE,
1998,3,1998-06-11,Group Stage,Cameroon,Austria,1,1,Toulouse,France,TRUE,FALSE,
1998,4,1998-06-11,Group Stage,Italy,Chile,2,2,Bordeaux,France,TRUE,FALSE,
1998,5,1998-06-12,Group Stage,France,South Africa,3,0,Marseille,France,FALSE,FALSE,
1998,6,1998-06-12,Group Stage,Paraguay,Bulgaria,0,0,Montpellier,France,TRUE,FALSE,
1998,7,1998-06-12,Group Stage,Saudi Arabia,Denmark,0,1,Lens,France,TRUE,FALSE,
1998,8,1998-06-13,Group Stage,South Korea,Mexico,1,3,Lyon,France,TRUE,FALSE,
1998,9,1998-06-13,Group Stage,Netherlands,Belgium,0,0,Saint-Denis,France,TRUE,FALSE,
1998,10,1998-06-13,Group Stage,Spain,Nigeria,2,3,Nantes,France,TRUE,FALSE,
1998,11,1998-06-14,Group Stage,Argentina,Japan,1,0,Toulouse,France,TRUE,FALSE,
1998,12,1998-06-14,Group Stage,Jamaica,Croatia,1,3,Lens,France,TRUE,FALSE,
1998,13,1998-06-14,Group Stage,FR Yugoslavia,Iran,1,0,Saint-Étienne,France,TRUE,FALSE,
1998,14,1998-06-15,Group Stage,England,Tunisia,2,0,Marseille,France,TRUE,FALSE,
1998,15,1998-06-15,Group Stage,Germany,United States,2,0,Paris,France,TRUE,FALSE,
1998,16,1998-06-15,Group Stage,Romania,Colombia,1,0,Lyon,France,TRUE,FALSE,
1998,17,1998-06-16,Group Stage,Brazil,Morocco,3,0,Nantes,France,TRUE,FALSE,
1998,18,1998-06-16,Group Stage,Scotland,Norway,1,1,Bordeaux,France,TRUE,FALSE,
1998,19,1998-06-17,Group Stage,Chile,Austria,1,1,Saint-Étienne,France,TRUE,FALSE,
1998,20,1998-06-17,Group Stage,Italy,Cameroon,3,0,Montpellier,France,TRUE,FALSE,
1998,21,1998-06-18,Group Stage,France,Saudi Arabia,4,0,Saint-Denis,France,FALSE,FALSE,
1998,22,1998-06-18,Group Stage,South Africa,Denmark,1,1,Toulouse,France,TRUE,FALSE,
1998,23,1998-06-19,Group Stage,Nigeria,Bulgaria,1,0,Paris,France,TRUE,FALSE,
1998,24,1998-06-19,Group Stage,Spain,Paraguay,0,0,Saint-Étienne,France,TRUE,FALSE,
1998,25,1998-06-20,Group Stage,Belgium,Mexico,2,2,Bordeaux,France,TRUE,FALSE,
1998,26,1998-06-20,Group Stage,Japan,Croatia,0,1,Nantes,France,TRUE,FALSE,
1998,27,1998-06-20,Group Stage,Netherlands,South Korea,5,0,Marseille,France,TRUE,FALSE,
1998,28,1998-06-21,Group Stage,Argentina,Jamaica,5,0,Paris,France,TRUE,FALSE,
1998,29,1998-06-21,Group Stage,Germany,FR Yugoslavia,2,2,Lens,France,TRUE,FALSE,
1998,30,1998-06-21,Group Stage,United States,Iran,1,2,Lyon,France,TRUE,FALSE,
1998,31,1998-06-22,Group Stage,Colombia,Tunisia,1,0,Montpellier,France,TRUE,FALSE,
1998,32,1998-06-22,Group Stage,Romania,England,2,1,Toulouse,France,TRUE,FALSE,
1998,33,1998-06-23,Group Stage,Brazil,Norway,1,2,Marseille,France,TRUE,FALSE,
1998,34,1998-06-23,Group Stage,Chile,Cameroon,1,1,Nantes,France,TRUE,FALSE,
1998,35,1998-06-23,Group Stage,Italy,Austria,2,1,Saint-Denis,France,TRUE,FALSE,
1998,36,1998-06-23,Group Stage,Scotland,Morocco,0,3,Saint-Étienne,France,TRUE,FALSE,
1998,37,1998-06-24,Group Stage,France,Denmark,2,1,Lyon,France,FALSE,FALSE,
1998,38,1998-06-24,Group Stage,Nigeria,Paraguay,1,3,Toulouse,France,TRUE,FALSE,
1998,39,1998-06-24,Group Stage,South Africa,Saudi Arabia,2,2,Bordeaux,France,TRUE,FALSE,
1998,40,1998-06-24,Group Stage,Spain,Bulgaria,6,1,Lens,France,TRUE,FALSE,
1998,41,1998-06-25,Group Stage,Belgium,South Korea,1,1,Paris,France,TRUE,FALSE,
1998,42,1998-06-25,Group Stage,Germany,Iran,2,0,Montpellier,France,TRUE,FALSE,
1998,43,1998-06-25,Group Stage,Netherlands,Mexico,2,2,Saint-Étienne,France,TRUE,FALSE,
1998,44,1998-06-25,Group Stage,United States,FR Yugoslavia,0,1,Nantes,France,TRUE,FALSE,
1998,45,1998-06-26,Group Stage,Argentina,Croatia,1,0,Bordeaux,France,TRUE,FALSE,
1998,46,1998-06-26,Group Stage,Colombia,England,0,2,Lens,France,TRUE,FALSE,
1998,47,1998-06-26,Group Stage,Japan,Jamaica,1,2,Lyon,France,TRUE,FALSE,
1998,48,1998-06-26,Group Stage,Romania,Tunisia,1,1,Saint-Denis,France,TRUE,FALSE,
1998,49,1998-06-27,Round of 16,Brazil,Chile,4,1,Paris,France,TRUE,FALSE,
1998,50,1998-06-27,Round of 16,Italy,Norway,1,0,Marseille,France,TRUE,FALSE,
1998,51,1998-06-28,Round of 16,France,Paraguay,1,0,Lens,France,FALSE,FALSE,
1998,52,1998-06-28,Round of 16,Nigeria,Denmark,1,4,Saint-Denis,France,TRUE,FALSE,
1998,53,1998-06-29,Round of 16,Germany,Mexico,2,1,Montpellier,France,TRUE,FALSE,
1998,54,1998-06-29,Round of 16,Netherlands,FR Yugoslavia,2,1,Toulouse,France,TRUE,FALSE,
1998,55,1998-06-30,Round of 16,Argentina,England,2,2,Saint-Étienne,France,TRUE,TRUE,Argentina
1998,56,1998-06-30,Round of 16,Romania,Croatia,0,1,Bordeaux,France,TRUE,FALSE,
1998,57,1998-07-03,Quarter-final,Brazil,Denmark,3,2,Nantes,France,TRUE,FALSE,
1998,58,1998-07-03,Quarter-final,France,Italy,0,0,Saint-Denis,France,FALSE,TRUE,France
1998,59,1998-07-04,Quarter-final,Germany,Croatia,0,3,Lyon,France,TRUE,FALSE,
1998,60,1998-07-04,Quarter-final,Netherlands,Argentina,2,1,Marseille,France,TRUE,FALSE,
1998,61,1998-07-07,Semi-final,Brazil,Netherlands,1,1,Marseille,France,TRUE,TRUE,Brazil
1998,62,1998-07-08,Semi-final,France,Croatia,2,1,Saint-Denis,France,FALSE,FALSE,
1998,63,1998-07-11,Third Place,Netherlands,Croatia,1,2,Paris,France,TRUE,FALSE,
1998,64,1998-07-12,Final,France,Brazil,3,0,Saint-Denis,France,FALSE,FALSE,
2002,1,2002-05-31,Group Stage,France,Senegal,0,1,Seoul,South Korea,TRUE,FALSE,
2002,2,2002-06-01,Group Stage,Germany,Saudi Arabia,8,0,Sapporo,Japan,TRUE,FALSE,
2002,3,2002-06-01,Group Stage,Republic of Ireland,Cameroon,1,1,Niigata,Japan,TRUE,FALSE,
2002,4,2002-06-01,Group Stage,Uruguay,Denmark,1,2,Ulsan,South Korea,TRUE,FALSE,
2002,5,2002-06-02,Group Stage,Argentina,Nigeria,1,0,Kashima,Japan,TRUE,FALSE,
2002,6,2002-06-02,Group Stage,England,Sweden,1,1,Saitama,Japan,TRUE,FALSE,
2002,7,2002-06-02,Group Stage,Paraguay,South Africa,2,2,Busan,South Korea,TRUE,FALSE,
2002,8,2002-06-02,Group Stage,Spain,Slovenia,3,1,Gwangju,South Korea,TRUE,FALSE,
2002,9,2002-06-03,Group Stage,Brazil,Türkiye,2,1,Ulsan,South Korea,TRUE,FALSE,
2002,10,2002-06-03,Group Stage,Croatia,Mexico,0,1,Niigata,Japan,TRUE,FALSE,
2002,11,2002-06-03,Group Stage,Italy,Ecuador,2,0,Sapporo,Japan,TRUE,FALSE,
2002,12,2002-06-04,Group Stage,China PR,Costa Rica,0,2,Gwangju,South Korea,TRUE,FALSE,
2002,13,2002-06-04,Group Stage,Japan,Belgium,2,2,Saitama,Japan,FALSE,FALSE,
2002,14,2002-06-04,Group Stage,South Korea,Poland,2,0,Busan,South Korea,FALSE,FALSE,
2002,15,2002-06-05,Group Stage,Germany,Republic of Ireland,1,1,Kashima,Japan,TRUE,FALSE,
2002,16,2002-06-05,Group Stage,Russia,Tunisia,2,0,Kobe,Japan,TRUE,FALSE,
2002,17,2002-06-05,Group Stage,United States,Portugal,3,2,Suwon,South Korea,TRUE,FALSE,
2002,18,2002-06-06,Group Stage,Cameroon,Saudi Arabia,1,0,Saitama,Japan,TRUE,FALSE,
2002,19,2002-06-06,Group Stage,Denmark,Senegal,1,1,Daegu,South Korea,TRUE,FALSE,
2002,20,2002-06-06,Group Stage,France,Uruguay,0,0,Busan,South Korea,TRUE,FALSE,
2002,21,2002-06-07,Group Stage,Argentina,England,0,1,Sapporo,Japan,TRUE,FALSE,
2002,22,2002-06-07,Group Stage,Spain,Paraguay,3,1,Jeonju,South Korea,TRUE,FALSE,
2002,23,2002-06-07,Group Stage,Sweden,Nigeria,2,1,Kobe,Japan,TRUE,FALSE,
2002,24,2002-06-08,Group Stage,Brazil,China PR,4,0,Seogwipo,South Korea,TRUE,FALSE,
2002,25,2002-06-08,Group Stage,Italy,Croatia,1,2,Kashima,Japan,TRUE,FALSE,
2002,26,2002-06-08,Group Stage,South Africa,Slovenia,1,0,Daegu,South Korea,TRUE,FALSE,
2002,27,2002-06-09,Group Stage,Costa Rica,Türkiye,1,1,Incheon,South Korea,TRUE,FALSE,
2002,28,2002-06-09,Group Stage,Japan,Russia,1,0,Yokohama,Japan,FALSE,FALSE,
2002,29,2002-06-09,Group Stage,Mexico,Ecuador,2,1,Rifu,Japan,TRUE,FALSE,
2002,30,2002-06-10,Group Stage,South Korea,United States,1,1,Daegu,South Korea,FALSE,FALSE,
2002,31,2002-06-10,Group Stage,Portugal,Poland,4,0,Jeonju,South Korea,TRUE,FALSE,
2002,32,2002-06-10,Group Stage,Tunisia,Belgium,1,1,Ōita,Japan,TRUE,FALSE,
2002,33,2002-06-11,Group Stage,Cameroon,Germany,0,2,Fukuroi,Japan,TRUE,FALSE,
2002,34,2002-06-11,Group Stage,Denmark,France,2,0,Incheon,South Korea,TRUE,FALSE,
2002,35,2002-06-11,Group Stage,Saudi Arabia,Republic of Ireland,0,3,Yokohama,Japan,TRUE,FALSE,
2002,36,2002-06-11,Group Stage,Senegal,Uruguay,3,3,Suwon,South Korea,TRUE,FALSE,
2002,37,2002-06-12,Group Stage,Nigeria,England,0,0,Osaka,Japan,TRUE,FALSE,
2002,38,2002-06-12,Group Stage,Slovenia,Paraguay,1,3,Seogwipo,South Korea,TRUE,FALSE,
2002,39,2002-06-12,Group Stage,South Africa,Spain,2,3,Daejeon,South Korea,TRUE,FALSE,
2002,40,2002-06-12,Group Stage,Sweden,Argentina,1,1,Rifu,Japan,TRUE,FALSE,
2002,41,2002-06-13,Group Stage,Costa Rica,Brazil,2,5,Suwon,South Korea,TRUE,FALSE,
2002,42,2002-06-13,Group Stage,Ecuador,Croatia,1,0,Yokohama,Japan,TRUE,FALSE,
2002,43,2002-06-13,Group Stage,Mexico,Italy,1,1,Ōita,Japan,TRUE,FALSE,
2002,44,2002-06-13,Group Stage,Türkiye,China PR,3,0,Seoul,South Korea,TRUE,FALSE,
2002,45,2002-06-14,Group Stage,Belgium,Russia,3,2,Fukuroi,Japan,TRUE,FALSE,
2002,46,2002-06-14,Group Stage,Japan,Tunisia,2,0,Osaka,Japan,FALSE,FALSE,
2002,47,2002-06-14,Group Stage,South Korea,Portugal,1,0,Incheon,South Korea,FALSE,FALSE,
2002,48,2002-06-14,Group Stage,Poland,United States,3,1,Daejeon,South Korea,TRUE,FALSE,
2002,49,2002-06-15,Round of 16,Denmark,England,0,3,Niigata,Japan,TRUE,FALSE,
2002,50,2002-06-15,Round of 16,Germany,Paraguay,1,0,Seogwipo,South Korea,TRUE,FALSE,
2002,51,2002-06-16,Round of 16,Spain,Republic of Ireland,1,1,Suwon,South Korea,TRUE,TRUE,Spain
2002,52,2002-06-16,Round of 16,Sweden,Senegal,1,2,Ōita,Japan,TRUE,FALSE,
2002,53,2002-06-17,Round of 16,Brazil,Belgium,2,0,Kobe,Japan,TRUE,FALSE,
2002,54,2002-06-17,Round of 16,Mexico,United States,0,2,Jeonju,South Korea,TRUE,FALSE,
2002,55,2002-06-18,Round of 16,Japan,Türkiye,0,1,Rifu,Japan,FALSE,FALSE,
2002,56,2002-06-18,Round of 16,South Korea,Italy,2,1,Daejeon,South Korea,FALSE,FALSE,
2002,57,2002-06-21,Quarter-final,England,Brazil,1,2,Fukuroi,Japan,TRUE,FALSE,
2002,58,2002-06-21,Quarter-final,Germany,United States,1,0,Ulsan,South Korea,TRUE,FALSE,
2002,59,2002-06-22,Quarter-final,South Korea,Spain,0,0,Gwangju,South Korea,FALSE,TRUE,South Korea
2002,60,2002-06-22,Quarter-final,Senegal,Türkiye,0,1,Osaka,Japan,TRUE,FALSE,
2002,61,2002-06-25,Semi-final,South Korea,Germany,0,1,Seoul,South Korea,FALSE,FALSE,
2002,62,2002-06-26,Semi-final,Brazil,Türkiye,1,0,Saitama,Japan,TRUE,FALSE,
2002,63,2002-06-29,Third Place,South Korea,Türkiye,2,3,Daegu,South Korea,FALSE,FALSE,
2002,64,2002-06-30,Final,Germany,Brazil,0,2,Yokohama,Japan,TRUE,FALSE,
2006,1,2006-06-09,Group Stage,Germany,Costa Rica,4,2,Munich,Germany,FALSE,FALSE,
2006,2,2006-06-09,Group Stage,Poland,Ecuador,0,2,Gelsenkirchen,Germany,TRUE,FALSE,
2006,3,2006-06-10,Group Stage,Argentina,Ivory Coast,2,1,Hamburg,Germany,TRUE,FALSE,
2006,4,2006-06-10,Group Stage,England,Paraguay,1,0,Frankfurt am Main,Germany,TRUE,FALSE,
2006,5,2006-06-10,Group Stage,Trinidad and Tobago,Sweden,0,0,Dortmund,Germany,TRUE,FALSE,
2006,6,2006-06-11,Group Stage,Angola,Portugal,0,1,Cologne,Germany,TRUE,FALSE,
2006,7,2006-06-11,Group Stage,Mexico,Iran,3,1,Nuremberg,Germany,TRUE,FALSE,
2006,8,2006-06-11,Group Stage,Serbia and Montenegro,Netherlands,0,1,Leipzig,Germany,TRUE,FALSE,
2006,9,2006-06-12,Group Stage,Australia,Japan,3,1,Kaiserslautern,Germany,TRUE,FALSE,
2006,10,2006-06-12,Group Stage,Italy,Ghana,2,0,Hanover,Germany,TRUE,FALSE,
2006,11,2006-06-12,Group Stage,United States,Czechia,0,3,Gelsenkirchen,Germany,TRUE,FALSE,
2006,12,2006-06-13,Group Stage,Brazil,Croatia,1,0,Berlin,Germany,TRUE,FALSE,
2006,13,2006-06-13,Group Stage,France,Switzerland,0,0,Stuttgart,Germany,TRUE,FALSE,
2006,14,2006-06-13,Group Stage,South Korea,Togo,2,1,Frankfurt am Main,Germany,TRUE,FALSE,
2006,15,2006-06-14,Group Stage,Germany,Poland,1,0,Dortmund,Germany,FALSE,FALSE,
2006,16,2006-06-14,Group Stage,Spain,Ukraine,4,0,Leipzig,Germany,TRUE,FALSE,
2006,17,2006-06-14,Group Stage,Tunisia,Saudi Arabia,2,2,Munich,Germany,TRUE,FALSE,
2006,18,2006-06-15,Group Stage,Ecuador,Costa Rica,3,0,Hamburg,Germany,TRUE,FALSE,
2006,19,2006-06-15,Group Stage,England,Trinidad and Tobago,2,0,Nuremberg,Germany,TRUE,FALSE,
2006,20,2006-06-15,Group Stage,Sweden,Paraguay,1,0,Berlin,Germany,TRUE,FALSE,
2006,21,2006-06-16,Group Stage,Argentina,Serbia and Montenegro,6,0,Gelsenkirchen,Germany,TRUE,FALSE,
2006,22,2006-06-16,Group Stage,Mexico,Angola,0,0,Hanover,Germany,TRUE,FALSE,
2006,23,2006-06-16,Group Stage,Netherlands,Ivory Coast,2,1,Stuttgart,Germany,TRUE,FALSE,
2006,24,2006-06-17,Group Stage,Czechia,Ghana,0,2,Cologne,Germany,TRUE,FALSE,
2006,25,2006-06-17,Group Stage,Italy,United States,1,1,Kaiserslautern,Germany,TRUE,FALSE,
2006,26,2006-06-17,Group Stage,Portugal,Iran,2,0,Frankfurt am Main,Germany,TRUE,FALSE,
2006,27,2006-06-18,Group Stage,Brazil,Australia,2,0,Munich,Germany,TRUE,FALSE,
2006,28,2006-06-18,Group Stage,France,South Korea,1,1,Leipzig,Germany,TRUE,FALSE,
2006,29,2006-06-18,Group Stage,Japan,Croatia,0,0,Nuremberg,Germany,TRUE,FALSE,
2006,30,2006-06-19,Group Stage,Saudi Arabia,Ukraine,0,4,Hamburg,Germany,TRUE,FALSE,
2006,31,2006-06-19,Group Stage,Spain,Tunisia,3,1,Stuttgart,Germany,TRUE,FALSE,
2006,32,2006-06-19,Group Stage,Togo,Switzerland,0,2,Dortmund,Germany,TRUE,FALSE,
2006,33,2006-06-20,Group Stage,Costa Rica,Poland,1,2,Hanover,Germany,TRUE,FALSE,
2006,34,2006-06-20,Group Stage,Germany,Ecuador,3,0,Berlin,Germany,FALSE,FALSE,
2006,35,2006-06-20,Group Stage,Paraguay,Trinidad and Tobago,2,0,Kaiserslautern,Germany,TRUE,FALSE,
2006,36,2006-06-20,Group Stage,Sweden,England,2,2,Cologne,Germany,TRUE,FALSE,
2006,37,2006-06-21,Group Stage,Iran,Angola,1,1,Leipzig,Germany,TRUE,FALSE,
2006,38,2006-06-21,Group Stage,Ivory Coast,Serbia and Montenegro,3,2,Munich,Germany,TRUE,FALSE,
2006,39,2006-06-21,Group Stage,Netherlands,Argentina,0,0,Frankfurt am Main,Germany,TRUE,FALSE,
2006,40,2006-06-21,Group Stage,Portugal,Mexico,2,1,Gelsenkirchen,Germany,TRUE,FALSE,
2006,41,2006-06-22,Group Stage,Croatia,Australia,2,2,Stuttgart,Germany,TRUE,FALSE,
2006,42,2006-06-22,Group Stage,Czechia,Italy,0,2,Hamburg,Germany,TRUE,FALSE,
2006,43,2006-06-22,Group Stage,Ghana,United States,2,1,Nuremberg,Germany,TRUE,FALSE,
2006,44,2006-06-22,Group Stage,Japan,Brazil,1,4,Dortmund,Germany,TRUE,FALSE,
2006,45,2006-06-23,Group Stage,Saudi Arabia,Spain,0,1,Kaiserslautern,Germany,TRUE,FALSE,
2006,46,2006-06-23,Group Stage,Switzerland,South Korea,2,0,Hanover,Germany,TRUE,FALSE,
2006,47,2006-06-23,Group Stage,Togo,France,0,2,Cologne,Germany,TRUE,FALSE,
2006,48,2006-06-23,Group Stage,Ukraine,Tunisia,1,0,Berlin,Germany,TRUE,FALSE,
2006,49,2006-06-24,Round of 16,Argentina,Mexico,2,1,Leipzig,Germany,TRUE,FALSE,
2006,50,2006-06-24,Round of 16,Germany,Sweden,2,0,Munich,Germany,FALSE,FALSE,
2006,51,2006-06-25,Round of 16,England,Ecuador,1,0,Stuttgart,Germany,TRUE,FALSE,
2006,52,2006-06-25,Round of 16,Portugal,Netherlands,1,0,Nuremberg,Germany,TRUE,FALSE,
2006,53,2006-06-26,Round of 16,Italy,Australia,1,0,Kaiserslautern,Germany,TRUE,FALSE,
2006,54,2006-06-26,Round of 16,Switzerland,Ukraine,0,0,Cologne,Germany,TRUE,TRUE,Ukraine
2006,55,2006-06-27,Round of 16,Brazil,Ghana,3,0,Dortmund,Germany,TRUE,FALSE,
2006,56,2006-06-27,Round of 16,Spain,France,1,3,Hanover,Germany,TRUE,FALSE,
2006,57,2006-06-30,Quarter-final,Germany,Argentina,1,1,Berlin,Germany,FALSE,TRUE,Germany
2006,58,2006-06-30,Quarter-final,Italy,Ukraine,3,0,Hamburg,Germany,TRUE,FALSE,
2006,59,2006-07-01,Quarter-final,Brazil,France,0,1,Frankfurt am Main,Germany,TRUE,FALSE,
2006,60,2006-07-01,Quarter-final,England,Portugal,0,0,Gelsenkirchen,Germany,TRUE,TRUE,Portugal
2006,61,2006-07-04,Semi-final,Germany,Italy,0,2,Dortmund,Germany,FALSE,FALSE,
2006,62,2006-07-05,Semi-final,Portugal,France,0,1,Munich,Germany,TRUE,FALSE,
2006,63,2006-07-08,Third Place,Germany,Portugal,3,1,Stuttgart,Germany,FALSE,FALSE,
2006,64,2006-07-09,Final,Italy,France,1,1,Berlin,Germany,TRUE,TRUE,Italy
2010,1,2010-06-11,Group Stage,South Africa,Mexico,1,1,Johannesburg,South Africa,FALSE,FALSE,
2010,2,2010-06-11,Group Stage,Uruguay,France,0,0,Cape Town,South Africa,TRUE,FALSE,
2010,3,2010-06-12,Group Stage,Argentina,Nigeria,1,0,Johannesburg,South Africa,TRUE,FALSE,
2010,4,2010-06-12,Group Stage,England,United States,1,1,Rustenburg,South Africa,TRUE,FALSE,
2010,5,2010-06-12,Group Stage,South Korea,Greece,2,0,Port Elizabeth,South Africa,TRUE,FALSE,
2010,6,2010-06-13,Group Stage,Algeria,Slovenia,0,1,Polokwane,South Africa,TRUE,FALSE,
2010,7,2010-06-13,Group Stage,Germany,Australia,4,0,Durban,South Africa,TRUE,FALSE,
2010,8,2010-06-13,Group Stage,Serbia,Ghana,0,1,Pretoria,South Africa,TRUE,FALSE,
2010,9,2010-06-14,Group Stage,Italy,Paraguay,1,1,Cape Town,South Africa,TRUE,FALSE,
2010,10,2010-06-14,Group Stage,Japan,Cameroon,1,0,Bloemfontein,South Africa,TRUE,FALSE,
2010,11,2010-06-14,Group Stage,Netherlands,Denmark,2,0,Johannesburg,South Africa,TRUE,FALSE,
2010,12,2010-06-15,Group Stage,Brazil,North Korea,2,1,Johannesburg,South Africa,TRUE,FALSE,
2010,13,2010-06-15,Group Stage,Ivory Coast,Portugal,0,0,Port Elizabeth,South Africa,TRUE,FALSE,
2010,14,2010-06-15,Group Stage,New Zealand,Slovakia,1,1,Rustenburg,South Africa,TRUE,FALSE,
2010,15,2010-06-16,Group Stage,Honduras,Chile,0,1,Nelspruit,South Africa,TRUE,FALSE,
2010,16,2010-06-16,Group Stage,South Africa,Uruguay,0,3,Pretoria,South Africa,FALSE,FALSE,
2010,17,2010-06-16,Group Stage,Spain,Switzerland,0,1,Durban,South Africa,TRUE,FALSE,
2010,18,2010-06-17,Group Stage,Argentina,South Korea,4,1,Johannesburg,South Africa,TRUE,FALSE,
2010,19,2010-06-17,Group Stage,France,Mexico,0,2,Polokwane,South Africa,TRUE,FALSE,
2010,20,2010-06-17,Group Stage,Greece,Nigeria,2,1,Bloemfontein,South Africa,TRUE,FALSE,
2010,21,2010-06-18,Group Stage,England,Algeria,0,0,Cape Town,South Africa,TRUE,FALSE,
2010,22,2010-06-18,Group Stage,Germany,Serbia,0,1,Port Elizabeth,South Africa,TRUE,FALSE,
2010,23,2010-06-18,Group Stage,Slovenia,United States,2,2,Johannesburg,South Africa,TRUE,FALSE,
2010,24,2010-06-19,Group Stage,Cameroon,Denmark,1,2,Pretoria,South Africa,TRUE,FALSE,
2010,25,2010-06-19,Group Stage,Ghana,Australia,1,1,Rustenburg,South Africa,TRUE,FALSE,
2010,26,2010-06-19,Group Stage,Netherlands,Japan,1,0,Durban,South Africa,TRUE,FALSE,
2010,27,2010-06-20,Group Stage,Brazil,Ivory Coast,3,1,Johannesburg,South Africa,TRUE,FALSE,
2010,28,2010-06-20,Group Stage,Italy,New Zealand,1,1,Nelspruit,South Africa,TRUE,FALSE,
2010,29,2010-06-20,Group Stage,Slovakia,Paraguay,0,2,Bloemfontein,South Africa,TRUE,FALSE,
2010,30,2010-06-21,Group Stage,Chile,Switzerland,1,0,Port Elizabeth,South Africa,TRUE,FALSE,
2010,31,2010-06-21,Group Stage,Portugal,North Korea,7,0,Cape Town,South Africa,TRUE,FALSE,
2010,32,2010-06-21,Group Stage,Spain,Honduras,2,0,Johannesburg,South Africa,TRUE,FALSE,
2010,33,2010-06-22,Group Stage,Greece,Argentina,0,2,Polokwane,South Africa,TRUE,FALSE,
2010,34,2010-06-22,Group Stage,Mexico,Uruguay,0,1,Rustenburg,South Africa,TRUE,FALSE,
2010,35,2010-06-22,Group Stage,Nigeria,South Korea,2,2,Durban,South Africa,TRUE,FALSE,
2010,36,2010-06-22,Group Stage,South Africa,France,2,1,Bloemfontein,South Africa,FALSE,FALSE,
2010,37,2010-06-23,Group Stage,Australia,Serbia,2,1,Nelspruit,South Africa,TRUE,FALSE,
2010,38,2010-06-23,Group Stage,Ghana,Germany,0,1,Johannesburg,South Africa,TRUE,FALSE,
2010,39,2010-06-23,Group Stage,Slovenia,England,0,1,Port Elizabeth,South Africa,TRUE,FALSE,
2010,40,2010-06-23,Group Stage,United States,Algeria,1,0,Pretoria,South Africa,TRUE,FALSE,
2010,41,2010-06-24,Group Stage,Cameroon,Netherlands,1,2,Cape Town,South Africa,TRUE,FALSE,
2010,42,2010-06-24,Group Stage,Denmark,Japan,1,3,Rustenburg,South Africa,TRUE,FALSE,
2010,43,2010-06-24,Group Stage,Paraguay,New Zealand,0,0,Polokwane,South Africa,TRUE,FALSE,
2010,44,2010-06-24,Group Stage,Slovakia,Italy,3,2,Johannesburg,South Africa,TRUE,FALSE,
2010,45,2010-06-25,Group Stage,Chile,Spain,1,2,Pretoria,South Africa,TRUE,FALSE,
2010,46,2010-06-25,Group Stage,North Korea,Ivory Coast,0,3,Nelspruit,South Africa,TRUE,FALSE,
2010,47,2010-06-25,Group Stage,Portugal,Brazil,0,0,Durban,South Africa,TRUE,FALSE,
2010,48,2010-06-25,Group Stage,Switzerland,Honduras,0,0,Bloemfontein,South Africa,TRUE,FALSE,
2010,49,2010-06-26,Round of 16,Uruguay,South Korea,2,1,Port Elizabeth,South Africa,TRUE,FALSE,
2010,50,2010-06-26,Round of 16,United States,Ghana,1,2,Rustenburg,South Africa,TRUE,FALSE,
2010,51,2010-06-27,Round of 16,Argentina,Mexico,3,1,Johannesburg,South Africa,TRUE,FALSE,
2010,52,2010-06-27,Round of 16,Germany,England,4,1,Bloemfontein,South Africa,TRUE,FALSE,
2010,53,2010-06-28,Round of 16,Brazil,Chile,3,0,Johannesburg,South Africa,TRUE,FALSE,
2010,54,2010-06-28,Round of 16,Netherlands,Slovakia,2,1,Durban,South Africa,TRUE,FALSE,
2010,55,2010-06-29,Round of 16,Paraguay,Japan,0,0,Pretoria,South Africa,TRUE,TRUE,Paraguay
2010,56,2010-06-29,Round of 16,Spain,Portugal,1,0,Cape Town,South Africa,TRUE,FALSE,
2010,57,2010-07-02,Quarter-final,Netherlands,Brazil,2,1,Port Elizabeth,South Africa,TRUE,FALSE,
2010,58,2010-07-02,Quarter-final,Uruguay,Ghana,1,1,Johannesburg,South Africa,TRUE,TRUE,Uruguay
2010,59,2010-07-03,Quarter-final,Argentina,Germany,0,4,Cape Town,South Africa,TRUE,FALSE,
2010,60,2010-07-03,Quarter-final,Paraguay,Spain,0,1,Johannesburg,South Africa,TRUE,FALSE,
2010,61,2010-07-06,Semi-final,Uruguay,Netherlands,2,3,Cape Town,South Africa,TRUE,FALSE,
2010,62,2010-07-07,Semi-final,Germany,Spain,0,1,Durban,South Africa,TRUE,FALSE,
2010,63,2010-07-10,Third Place,Uruguay,Germany,2,3,Port Elizabeth,South Africa,TRUE,FALSE,
2010,64,2010-07-11,Final,Netherlands,Spain,0,1,Johannesburg,South Africa,TRUE,FALSE,
2014,1,2014-06-12,Group Stage,Brazil,Croatia,3,1,São Paulo,Brazil,FALSE,FALSE,
2014,2,2014-06-13,Group Stage,Chile,Australia,3,1,Cuiabá,Brazil,TRUE,FALSE,
2014,3,2014-06-13,Group Stage,Mexico,Cameroon,1,0,Natal,Brazil,TRUE,FALSE,
2014,4,2014-06-13,Group Stage,Spain,Netherlands,1,5,Salvador,Brazil,TRUE,FALSE,
2014,5,2014-06-14,Group Stage,Colombia,Greece,3,0,Belo Horizonte,Brazil,TRUE,FALSE,
2014,6,2014-06-14,Group Stage,England,Italy,1,2,Manaus,Brazil,TRUE,FALSE,
2014,7,2014-06-14,Group Stage,Ivory Coast,Japan,2,1,Recife,Brazil,TRUE,FALSE,
2014,8,2014-06-14,Group Stage,Uruguay,Costa Rica,1,3,Fortaleza,Brazil,TRUE,FALSE,
2014,9,2014-06-15,Group Stage,Argentina,Bosnia and Herzegovina,2,1,Rio de Janeiro,Brazil,TRUE,FALSE,
2014,10,2014-06-15,Group Stage,France,Honduras,3,0,Porto Alegre,Brazil,TRUE,FALSE,
2014,11,2014-06-15,Group Stage,Switzerland,Ecuador,2,1,Brasília,Brazil,TRUE,FALSE,
2014,12,2014-06-16,Group Stage,Germany,Portugal,4,0,Salvador,Brazil,TRUE,FALSE,
2014,13,2014-06-16,Group Stage,Ghana,United States,1,2,Natal,Brazil,TRUE,FALSE,
2014,14,2014-06-16,Group Stage,Iran,Nigeria,0,0,Curitiba,Brazil,TRUE,FALSE,
2014,15,2014-06-17,Group Stage,Belgium,Algeria,2,1,Belo Horizonte,Brazil,TRUE,FALSE,
2014,16,2014-06-17,Group Stage,Brazil,Mexico,0,0,Fortaleza,Brazil,FALSE,FALSE,
2014,17,2014-06-17,Group Stage,Russia,South Korea,1,1,Cuiabá,Brazil,TRUE,FALSE,
2014,18,2014-06-18,Group Stage,Australia,Netherlands,2,3,Curitiba,Brazil,TRUE,FALSE,
2014,19,2014-06-18,Group Stage,Cameroon,Croatia,0,4,Manaus,Brazil,TRUE,FALSE,
2014,20,2014-06-18,Group Stage,Spain,Chile,0,2,Rio de Janeiro,Brazil,TRUE,FALSE,
2014,21,2014-06-19,Group Stage,Colombia,Ivory Coast,2,1,Brasília,Brazil,TRUE,FALSE,
2014,22,2014-06-19,Group Stage,Japan,Greece,0,0,Natal,Brazil,TRUE,FALSE,
2014,23,2014-06-19,Group Stage,Uruguay,England,2,1,São Paulo,Brazil,TRUE,FALSE,
2014,24,2014-06-20,Group Stage,Honduras,Ecuador,1,2,Curitiba,Brazil,TRUE,FALSE,
2014,25,2014-06-20,Group Stage,Italy,Costa Rica,0,1,Recife,Brazil,TRUE,FALSE,
2014,26,2014-06-20,Group Stage,Switzerland,France,2,5,Salvador,Brazil,TRUE,FALSE,
2014,27,2014-06-21,Group Stage,Argentina,Iran,1,0,Belo Horizonte,Brazil,TRUE,FALSE,
2014,28,2014-06-21,Group Stage,Germany,Ghana,2,2,Fortaleza,Brazil,TRUE,FALSE,
2014,29,2014-06-21,Group Stage,Nigeria,Bosnia and Herzegovina,1,0,Cuiabá,Brazil,TRUE,FALSE,
2014,30,2014-06-22,Group Stage,Belgium,Russia,1,0,Rio de Janeiro,Brazil,TRUE,FALSE,
2014,31,2014-06-22,Group Stage,South Korea,Algeria,2,4,Porto Alegre,Brazil,TRUE,FALSE,
2014,32,2014-06-22,Group Stage,United States,Portugal,2,2,Manaus,Brazil,TRUE,FALSE,
2014,33,2014-06-23,Group Stage,Australia,Spain,0,3,Curitiba,Brazil,TRUE,FALSE,
2014,34,2014-06-23,Group Stage,Brazil,Cameroon,4,1,Brasília,Brazil,FALSE,FALSE,
2014,35,2014-06-23,Group Stage,Croatia,Mexico,1,3,Recife,Brazil,TRUE,FALSE,
2014,36,2014-06-23,Group Stage,Netherlands,Chile,2,0,São Paulo,Brazil,TRUE,FALSE,
2014,37,2014-06-24,Group Stage,Costa Rica,England,0,0,Belo Horizonte,Brazil,TRUE,FALSE,
2014,38,2014-06-24,Group Stage,Greece,Ivory Coast,2,1,Fortaleza,Brazil,TRUE,FALSE,
2014,39,2014-06-24,Group Stage,Italy,Uruguay,0,1,Natal,Brazil,TRUE,FALSE,
2014,40,2014-06-24,Group Stage,Japan,Colombia,1,4,Cuiabá,Brazil,TRUE,FALSE,
2014,41,2014-06-25,Group Stage,Bosnia and Herzegovina,Iran,3,1,Salvador,Brazil,TRUE,FALSE,
2014,42,2014-06-25,Group Stage,Ecuador,France,0,0,Rio de Janeiro,Brazil,TRUE,FALSE,
2014,43,2014-06-25,Group Stage,Honduras,Switzerland,0,3,Manaus,Brazil,TRUE,FALSE,
2014,44,2014-06-25,Group Stage,Nigeria,Argentina,2,3,Porto Alegre,Brazil,TRUE,FALSE,
2014,45,2014-06-26,Group Stage,Algeria,Russia,1,1,Curitiba,Brazil,TRUE,FALSE,
2014,46,2014-06-26,Group Stage,South Korea,Belgium,0,1,São Paulo,Brazil,TRUE,FALSE,
2014,47,2014-06-26,Group Stage,Portugal,Ghana,2,1,Brasília,Brazil,TRUE,FALSE,
2014,48,2014-06-26,Group Stage,United States,Germany,0,1,Recife,Brazil,TRUE,FALSE,
2014,49,2014-06-28,Round of 16,Brazil,Chile,1,1,Belo Horizonte,Brazil,FALSE,TRUE,Brazil
2014,50,2014-06-28,Round of 16,Colombia,Uruguay,2,0,Rio de Janeiro,Brazil,TRUE,FALSE,
2014,51,2014-06-29,Round of 16,Costa Rica,Greece,1,1,Recife,Brazil,TRUE,TRUE,Costa Rica
2014,52,2014-06-29,Round of 16,Netherlands,Mexico,2,1,Fortaleza,Brazil,TRUE,FALSE,
2014,53,2014-06-30,Round of 16,France,Nigeria,2,0,Brasília,Brazil,TRUE,FALSE,
2014,54,2014-06-30,Round of 16,Germany,Algeria,2,1,Porto Alegre,Brazil,TRUE,FALSE,
2014,55,2014-07-01,Round of 16,Argentina,Switzerland,1,0,São Paulo,Brazil,TRUE,FALSE,
2014,56,2014-07-01,Round of 16,Belgium,United States,2,1,Salvador,Brazil,TRUE,FALSE,
2014,57,2014-07-04,Quarter-final,Brazil,Colombia,2,1,Fortaleza,Brazil,FALSE,FALSE,
2014,58,2014-07-04,Quarter-final,France,Germany,0,1,Rio de Janeiro,Brazil,TRUE,FALSE,
2014,59,2014-07-05,Quarter-final,Argentina,Belgium,1,0,Brasília,Brazil,TRUE,FALSE,
2014,60,2014-07-05,Quarter-final,Netherlands,Costa Rica,0,0,Salvador,Brazil,TRUE,TRUE,Netherlands
2014,61,2014-07-08,Semi-final,Brazil,Germany,1,7,Belo Horizonte,Brazil,FALSE,FALSE,
2014,62,2014-07-09,Semi-final,Netherlands,Argentina,0,0,São Paulo,Brazil,TRUE,TRUE,Argentina
2014,63,2014-07-12,Third Place,Brazil,Netherlands,0,3,Brasília,Brazil,FALSE,FALSE,
2014,64,2014-07-13,Final,Germany,Argentina,1,0,Rio de Janeiro,Brazil,TRUE,FALSE,
2018,1,2018-06-14,Group Stage,Russia,Saudi Arabia,5,0,Moscow,Russia,FALSE,FALSE,
2018,2,2018-06-15,Group Stage,Egypt,Uruguay,0,1,Ekaterinburg,Russia,TRUE,FALSE,
2018,3,2018-06-15,Group Stage,Morocco,Iran,0,1,Saint Petersburg,Russia,TRUE,FALSE,
2018,4,2018-06-15,Group Stage,Portugal,Spain,3,3,Sochi,Russia,TRUE,FALSE,
2018,5,2018-06-16,Group Stage,France,Australia,2,1,Kazan,Russia,TRUE,FALSE,
2018,6,2018-06-16,Group Stage,Argentina,Iceland,1,1,Moscow,Russia,TRUE,FALSE,
2018,7,2018-06-16,Group Stage,Peru,Denmark,0,1,Saransk,Russia,TRUE,FALSE,
2018,8,2018-06-16,Group Stage,Croatia,Nigeria,2,0,Kaliningrad,Russia,TRUE,FALSE,
2018,9,2018-06-17,Group Stage,Costa Rica,Serbia,0,1,Samara,Russia,TRUE,FALSE,
2018,10,2018-06-17,Group Stage,Germany,Mexico,0,1,Moscow,Russia,TRUE,FALSE,
2018,11,2018-06-17,Group Stage,Brazil,Switzerland,1,1,Rostov-on-Don,Russia,TRUE,FALSE,
2018,12,2018-06-18,Group Stage,Sweden,South Korea,1,0,Nizhny Novgorod,Russia,TRUE,FALSE,
2018,13,2018-06-18,Group Stage,Belgium,Panama,3,0,Sochi,Russia,TRUE,FALSE,
2018,14,2018-06-18,Group Stage,Tunisia,England,1,2,Volgograd,Russia,TRUE,FALSE,
2018,15,2018-06-19,Group Stage,Colombia,Japan,1,2,Saransk,Russia,TRUE,FALSE,
2018,16,2018-06-19,Group Stage,Poland,Senegal,1,2,Moscow,Russia,TRUE,FALSE,
2018,17,2018-06-19,Group Stage,Russia,Egypt,3,1,Saint Petersburg,Russia,FALSE,FALSE,
2018,18,2018-06-20,Group Stage,Portugal,Morocco,1,0,Moscow,Russia,TRUE,FALSE,
2018,19,2018-06-20,Group Stage,Uruguay,Saudi Arabia,1,0,Rostov-on-Don,Russia,TRUE,FALSE,
2018,20,2018-06-20,Group Stage,Iran,Spain,0,1,Kazan,Russia,TRUE,FALSE,
2018,21,2018-06-21,Group Stage,Denmark,Australia,1,1,Samara,Russia,TRUE,FALSE,
2018,22,2018-06-21,Group Stage,France,Peru,1,0,Ekaterinburg,Russia,TRUE,FALSE,
2018,23,2018-06-21,Group Stage,Argentina,Croatia,0,3,Nizhny Novgorod,Russia,TRUE,FALSE,
2018,24,2018-06-22,Group Stage,Brazil,Costa Rica,2,0,Saint Petersburg,Russia,TRUE,FALSE,
2018,25,2018-06-22,Group Stage,Nigeria,Iceland,2,0,Volgograd,Russia,TRUE,FALSE,
2018,26,2018-06-22,Group Stage,Serbia,Switzerland,1,2,Kaliningrad,Russia,TRUE,FALSE,
2018,27,2018-06-23,Group Stage,Belgium,Tunisia,5,2,Moscow,Russia,TRUE,FALSE,
2018,28,2018-06-23,Group Stage,South Korea,Mexico,1,2,Rostov-on-Don,Russia,TRUE,FALSE,
2018,29,2018-06-23,Group Stage,Germany,Sweden,2,1,Sochi,Russia,TRUE,FALSE,
2018,30,2018-06-24,Group Stage,England,Panama,6,1,Nizhny Novgorod,Russia,TRUE,FALSE,
2018,31,2018-06-24,Group Stage,Japan,Senegal,2,2,Ekaterinburg,Russia,TRUE,FALSE,
2018,32,2018-06-24,Group Stage,Poland,Colombia,0,3,Kazan,Russia,TRUE,FALSE,
2018,33,2018-06-25,Group Stage,Russia,Uruguay,0,3,Samara,Russia,FALSE,FALSE,
2018,34,2018-06-25,Group Stage,Saudi Arabia,Egypt,2,1,Volgograd,Russia,TRUE,FALSE,
2018,35,2018-06-25,Group Stage,Spain,Morocco,2,2,Kaliningrad,Russia,TRUE,FALSE,
2018,36,2018-06-25,Group Stage,Iran,Portugal,1,1,Saransk,Russia,TRUE,FALSE,
2018,37,2018-06-26,Group Stage,Australia,Peru,0,2,Sochi,Russia,TRUE,FALSE,
2018,38,2018-06-26,Group Stage,Denmark,France,0,0,Moscow,Russia,TRUE,FALSE,
2018,39,2018-06-26,Group Stage,Nigeria,Argentina,1,2,Saint Petersburg,Russia,TRUE,FALSE,
2018,40,2018-06-26,Group Stage,Iceland,Croatia,1,2,Rostov-on-Don,Russia,TRUE,FALSE,
2018,41,2018-06-27,Group Stage,South Korea,Germany,2,0,Kazan,Russia,TRUE,FALSE,
2018,42,2018-06-27,Group Stage,Mexico,Sweden,0,3,Ekaterinburg,Russia,TRUE,FALSE,
2018,43,2018-06-27,Group Stage,Serbia,Brazil,0,2,Moscow,Russia,TRUE,FALSE,
2018,44,2018-06-27,Group Stage,Switzerland,Costa Rica,2,2,Nizhny Novgorod,Russia,TRUE,FALSE,
2018,45,2018-06-28,Group Stage,Japan,Poland,0,1,Volgograd,Russia,TRUE,FALSE,
2018,46,2018-06-28,Group Stage,Senegal,Colombia,0,1,Samara,Russia,TRUE,FALSE,
2018,47,2018-06-28,Group Stage,Panama,Tunisia,1,2,Saransk,Russia,TRUE,FALSE,
2018,48,2018-06-28,Group Stage,England,Belgium,0,1,Kaliningrad,Russia,TRUE,FALSE,
2018,49,2018-06-30,Round of 16,France,Argentina,4,3,Kazan,Russia,TRUE,FALSE,
2018,50,2018-06-30,Round of 16,Uruguay,Portugal,2,1,Sochi,Russia,TRUE,FALSE,
2018,51,2018-07-01,Round of 16,Russia,Spain,1,1,Moscow,Russia,FALSE,TRUE,Russia
2018,52,2018-07-01,Round of 16,Croatia,Denmark,1,1,Nizhny Novgorod,Russia,TRUE,TRUE,Croatia
2018,53,2018-07-02,Round of 16,Brazil,Mexico,2,0,Samara,Russia,TRUE,FALSE,
2018,54,2018-07-02,Round of 16,Belgium,Japan,3,2,Rostov-on-Don,Russia,TRUE,FALSE,
2018,55,2018-07-03,Round of 16,Sweden,Switzerland,1,0,Saint Petersburg,Russia,TRUE,FALSE,
2018,56,2018-07-03,Round of 16,Colombia,England,1,1,Moscow,Russia,TRUE,TRUE,England
2018,57,2018-07-06,Quarter-final,Uruguay,France,0,2,Nizhny Novgorod,Russia,TRUE,FALSE,
2018,58,2018-07-06,Quarter-final,Brazil,Belgium,1,2,Kazan,Russia,TRUE,FALSE,
2018,59,2018-07-07,Quarter-final,Sweden,England,0,2,Samara,Russia,TRUE,FALSE,
2018,60,2018-07-07,Quarter-final,Russia,Croatia,2,2,Sochi,Russia,FALSE,TRUE,Croatia
2018,61,2018-07-10,Semi-final,France,Belgium,1,0,Saint Petersburg,Russia,TRUE,FALSE,
2018,62,2018-07-11,Semi-final,Croatia,England,2,1,Moscow,Russia,TRUE,FALSE,
2018,63,2018-07-14,Third Place,Belgium,England,2,0,Saint Petersburg,Russia,TRUE,FALSE,
2018,64,2018-07-15,Final,France,Croatia,4,2,Moscow,Russia,TRUE,FALSE,
2022,1,2022-11-20,Group Stage,Qatar,Ecuador,0,2,Al Khor,Qatar,FALSE,FALSE,
2022,2,2022-11-21,Group Stage,Senegal,Netherlands,0,2,Doha,Qatar,TRUE,FALSE,
2022,3,2022-11-21,Group Stage,England,Iran,6,2,Al Rayyan,Qatar,TRUE,FALSE,
2022,4,2022-11-21,Group Stage,United States,Wales,1,1,Al Rayyan,Qatar,TRUE,FALSE,
2022,5,2022-11-22,Group Stage,Argentina,Saudi Arabia,1,2,Lusail,Qatar,TRUE,FALSE,
2022,6,2022-11-22,Group Stage,Mexico,Poland,0,0,Doha,Qatar,TRUE,FALSE,
2022,7,2022-11-22,Group Stage,Denmark,Tunisia,0,0,Al Rayyan,Qatar,TRUE,FALSE,
2022,8,2022-11-22,Group Stage,France,Australia,4,1,Al Wakrah,Qatar,TRUE,FALSE,
2022,9,2022-11-23,Group Stage,Germany,Japan,1,2,Al Rayyan,Qatar,TRUE,FALSE,
2022,10,2022-11-23,Group Stage,Spain,Costa Rica,7,0,Doha,Qatar,TRUE,FALSE,
2022,11,2022-11-23,Group Stage,Morocco,Croatia,0,0,Al Khor,Qatar,TRUE,FALSE,
2022,12,2022-11-23,Group Stage,Belgium,Canada,1,0,Al Rayyan,Qatar,TRUE,FALSE,
2022,13,2022-11-24,Group Stage,Switzerland,Cameroon,1,0,Al Wakrah,Qatar,TRUE,FALSE,
2022,14,2022-11-24,Group Stage,Brazil,Serbia,2,0,Lusail,Qatar,TRUE,FALSE,
2022,15,2022-11-24,Group Stage,Uruguay,South Korea,0,0,Al Rayyan,Qatar,TRUE,FALSE,
2022,16,2022-11-24,Group Stage,Portugal,Ghana,3,2,Doha,Qatar,TRUE,FALSE,
2022,17,2022-11-25,Group Stage,Qatar,Senegal,1,3,Doha,Qatar,FALSE,FALSE,
2022,18,2022-11-25,Group Stage,Netherlands,Ecuador,1,1,Al Rayyan,Qatar,TRUE,FALSE,
2022,19,2022-11-25,Group Stage,Wales,Iran,0,2,Al Rayyan,Qatar,TRUE,FALSE,
2022,20,2022-11-25,Group Stage,England,United States,0,0,Al Khor,Qatar,TRUE,FALSE,
2022,21,2022-11-26,Group Stage,Poland,Saudi Arabia,2,0,Al Rayyan,Qatar,TRUE,FALSE,
2022,22,2022-11-26,Group Stage,Argentina,Mexico,2,0,Lusail,Qatar,TRUE,FALSE,
2022,23,2022-11-26,Group Stage,Tunisia,Australia,0,1,Al Wakrah,Qatar,TRUE,FALSE,
2022,24,2022-11-26,Group Stage,France,Denmark,2,1,Doha,Qatar,TRUE,FALSE,
2022,25,2022-11-27,Group Stage,Japan,Costa Rica,0,1,Al Rayyan,Qatar,TRUE,FALSE,
2022,26,2022-11-27,Group Stage,Spain,Germany,1,1,Al Khor,Qatar,TRUE,FALSE,
2022,27,2022-11-27,Group Stage,Belgium,Morocco,0,2,Doha,Qatar,TRUE,FALSE,
2022,28,2022-11-27,Group Stage,Croatia,Canada,4,1,Al Rayyan,Qatar,TRUE,FALSE,
2022,29,2022-11-28,Group Stage,Cameroon,Serbia,3,3,Al Wakrah,Qatar,TRUE,FALSE,
2022,30,2022-11-28,Group Stage,Brazil,Switzerland,1,0,Doha,Qatar,TRUE,FALSE,
2022,31,2022-11-28,Group Stage,South Korea,Ghana,2,3,Al Rayyan,Qatar,TRUE,FALSE,
2022,32,2022-11-28,Group Stage,Portugal,Uruguay,2,0,Lusail,Qatar,TRUE,FALSE,
2022,33,2022-11-29,Group Stage,Ecuador,Senegal,1,2,Al Rayyan,Qatar,TRUE,FALSE,
2022,34,2022-11-29,Group Stage,Qatar,Netherlands,0,2,Al Khor,Qatar,FALSE,FALSE,
2022,35,2022-11-29,Group Stage,Wales,England,0,3,Al Rayyan,Qatar,TRUE,FALSE,
2022,36,2022-11-29,Group Stage,Iran,United States,0,1,Doha,Qatar,TRUE,FALSE,
2022,37,2022-11-30,Group Stage,Poland,Argentina,0,2,Doha,Qatar,TRUE,FALSE,
2022,38,2022-11-30,Group Stage,Saudi Arabia,Mexico,1,2,Lusail,Qatar,TRUE,FALSE,
2022,39,2022-11-30,Group Stage,Australia,Denmark,1,0,Al Wakrah,Qatar,TRUE,FALSE,
2022,40,2022-11-30,Group Stage,Tunisia,France,1,0,Al Rayyan,Qatar,TRUE,FALSE,
2022,41,2022-12-01,Group Stage,Japan,Spain,2,1,Al Rayyan,Qatar,TRUE,FALSE,
2022,42,2022-12-01,Group Stage,Costa Rica,Germany,2,4,Al Khor,Qatar,TRUE,FALSE,
2022,43,2022-12-01,Group Stage,Croatia,Belgium,0,0,Al Rayyan,Qatar,TRUE,FALSE,
2022,44,2022-12-01,Group Stage,Canada,Morocco,1,2,Doha,Qatar,TRUE,FALSE,
2022,45,2022-12-02,Group Stage,Serbia,Switzerland,2,3,Doha,Qatar,TRUE,FALSE,
2022,46,2022-12-02,Group Stage,Cameroon,Brazil,1,0,Lusail,Qatar,TRUE,FALSE,
2022,47,2022-12-02,Group Stage,Ghana,Uruguay,0,2,Al Wakrah,Qatar,TRUE,FALSE,
2022,48,2022-12-02,Group Stage,South Korea,Portugal,2,1,Al Rayyan,Qatar,TRUE,FALSE,
2022,49,2022-12-03,Round of 16,Netherlands,United States,3,1,Al Rayyan,Qatar,TRUE,FALSE,
2022,50,2022-12-03,Round of 16,Argentina,Australia,2,1,Al Rayyan,Qatar,TRUE,FALSE,
2022,51,2022-12-04,Round of 16,France,Poland,3,1,Doha,Qatar,TRUE,FALSE,
2022,52,2022-12-04,Round of 16,England,Senegal,3,0,Al Khor,Qatar,TRUE,FALSE,
2022,53,2022-12-05,Round of 16,Japan,Croatia,1,1,Al Wakrah,Qatar,TRUE,TRUE,Croatia
2022,54,2022-12-05,Round of 16,Brazil,South Korea,4,1,Doha,Qatar,TRUE,FALSE,
2022,55,2022-12-06,Round of 16,Morocco,Spain,0,0,Al Rayyan,Qatar,TRUE,TRUE,Morocco
2022,56,2022-12-06,Round of 16,Portugal,Switzerland,6,1,Lusail,Qatar,TRUE,FALSE,
2022,57,2022-12-09,Quarter-final,Croatia,Brazil,1,1,Al Rayyan,Qatar,TRUE,TRUE,Croatia
2022,58,2022-12-09,Quarter-final,Netherlands,Argentina,2,2,Lusail,Qatar,TRUE,TRUE,Argentina
2022,59,2022-12-10,Quarter-final,Morocco,Portugal,1,0,Doha,Qatar,TRUE,FALSE,
2022,60,2022-12-10,Quarter-final,England,France,1,2,Al Khor,Qatar,TRUE,FALSE,
2022,61,2022-12-13,Semi-final,Argentina,Croatia,3,0,Lusail,Qatar,TRUE,FALSE,
2022,62,2022-12-14,Semi-final,France,Morocco,2,0,Al Khor,Qatar,TRUE,FALSE,
2022,63,2022-12-17,Third Place,Croatia,Morocco,2,1,Al Rayyan,Qatar,TRUE,FALSE,
2022,64,2022-12-18,Final,Argentina,France,3,3,Lusail,Qatar,TRUE,TRUE,Argentina
